collision-id,report-number,report-version,is-preliminary,ncic-code,crash-date-time,crash-time-description,beat,city-id,city-code,city-name,county-code,city-is-active,city-is-incorporated,collision-type-code,collision-type-description,collision-type-other-desc,day-of-week,dispatch-notified,has-photographs,hit-run,is-attachments-mailed,is-deleted,is-highway-related,is-tow-away,judicial-district,motor-vehicle-involved-with-code,motor-vehicle-involved-with-desc,motor-vehicle-involved-with-other-desc,number-injured,number-killed,weather-1,weather-2,road-condition-1,road-condition-2,special-condition-lighting-code,lighting-description,latitude,longitude,milepost-direction,milepost-distance,milepost-marker,milepost-unit-of-measure,pedestrian-action-code,pedestrian-action-desc,prepared-date,primary-collision-factor-code,primary-collision-factor-violation,primary-collision-factor-is-cited,primary-collision-party-number,primary-road,reporting-district,reporting-district-code,reviewed-date,roadway-surface-code,secondary-direction,secondary-distance,secondary-road,secondary-unit-of-measure,sketch-desc,traffic-control-device-code,created-date,modified-date,is-county-road,is-freeway,chp-555-version,is-additonal-object-struck,notification-date,notification-time-description,has-digital-media-files,evidence-number,is-location-refer-to-narrative,is-aoi-one-same-as-location
2334508,9370-2024-00678,1,False,9370,2/28/2024 2:12:00 PM,1412,176,14,109,Oakland,1,True,True,B,SIDE SWIPE,,Wednesday,NotApplicable,False,,,False,True,False,ALAMEDA SUPERIOR COURT WILEY W. MANUEL COURTHOUSE,C,OTHER MOTOR VEHICLE,,0,0,CLEAR,,NO UNUSUAL CONDITIONS,,A,DAYLIGHT,37.775491,-122.234676,,,,,A,NO PEDESTRIANS INVOLVED,2/28/2024 2:12:00 PM,A,VC 21658(A),False,1,I-880 S/B,,,3/11/2024 6:09:49 AM,A,N,365.0,29TH AVE,F,,D,3/11/2024 6:09:51 AM,3/11/2024 6:09:51 AM,False,True,4,,2/28/2024 2:17:00 PM,1417,False,,,True
2334491,9370-2024-00740,1,False,9370,2/28/2024 6:30:00 PM,1830,052,14,109,Oakland,1,True,True,E,HIT OBJECT,,Wednesday,NotApplicable,False,,,False,True,False,ALAMEDA SUPERIOR COURT WILEY W. MANUEL COURTHOUSE,J,OTHER OBJECT,FALLEN TREE,0,0,CLEAR,,NO UNUSUAL CONDITIONS,,D,DARK-NO STREET LIGHTS,37.773895,-122.158801,,,,,A,NO PEDESTRIANS INVOLVED,2/28/2024 6:30:00 PM,C,,,,I-580 W/B FROM KELLER AVENUE,,,3/11/2024 5:27:37 AM,A,W,965.0,KELLER AVENUE,F,,D,3/11/2024 5:27:38 AM,3/11/2024 5:27:38 AM,False,True,4,,2/28/2024 6:45:00 PM,1845,False,,,True
2334480,9370-2024-00739,1,False,9370,2/28/2024 1:32:00 PM,1332,013,14,109,Oakland,1,True,True,B,SIDE SWIPE,,Wednesday,NotApplicable,False,,,False,True,False,ALAMEDA SUPERIOR COURT WILEY W. MANUEL COURTHOUSE,C,OTHER MOTOR VEHICLE,,0,0,CLEAR,,NO UNUSUAL CONDITIONS,,A,DAYLIGHT,37.845754,-122.227418,,,,,A,NO PEDESTRIANS INVOLVED,2/28/2024 1:32:00 PM,A,VC 21651(a),False,1,SR-13 N/B,,,3/11/2024 5:01:54 AM,A,S,500.0,SR-24 E/B,F,,D,3/11/2024 5:01:55 AM,3/11/2024 5:01:55 AM,False,True,4,,2/28/2024 3:10:00 PM,1510,False,,,True
2334477,9370-2024-00675,1,False,9370,2/28/2024 7:55:00 AM,755,176,14,109,Oakland,1,True,True,B,SIDE SWIPE,,Wednesday,NotApplicable,False,,,False,True,False,ALAMEDA SUPERIOR COURT WILEY W. MANUEL COURTHOUSE,C,OTHER MOTOR VEHICLE,,0,0,CLEAR,,NO UNUSUAL CONDITIONS,,A,DAYLIGHT,37.776222,-122.235882,,,,,A,NO PEDESTRIANS INVOLVED,2/28/2024 7:55:00 AM,A,VC 21658(a),False,1,INTERSTATE 880 SB,,,3/11/2024 4:38:39 AM,A,N,300.0,29TH AVENUE,F,,D,3/11/2024 4:38:43 AM,3/11/2024 4:38:43 AM,False,True,4,,2/28/2024 8:01:00 AM,801,False,,,True
2333215,9370-2024-00687,1,False,9370,2/29/2024 7:25:00 AM,725,008,14,109,Oakland,1,True,True,C,REAR END,,Thursday,NotApplicable,False,,,False,True,False,ALAMEDA SUPERIOR COURT WILEY W. MANUEL COURTHOUSE,C,OTHER MOTOR VEHICLE,,0,0,CLOUDY,,NO UNUSUAL CONDITIONS,,A,DAYLIGHT,37.826573,-122.299989,,,,,A,NO PEDESTRIANS INVOLVED,2/29/2024 7:25:00 AM,A,VC 22350,False,1,I-80 W/B,,,3/8/2024 5:02:16 AM,A,E,0.5,WEST GRAND AVENUE,M,,D,3/8/2024 5:02:19 AM,3/8/2024 5:02:19 AM,False,True,4,,2/29/2024 7:27:00 AM,727,False,,,True
2332181,9335-2024-00519,1,False,9335,3/6/2024 8:20:00 AM,820,082,14,109,Oakland,1,True,True,C,REAR END,,Wednesday,NotApplicable,False,,,False,True,False,ALAMEDA SUPERIOR COURT ALAMEDA,C,OTHER MOTOR VEHICLE,,0,0,RAINING,,NO UNUSUAL CONDITIONS,,A,DAYLIGHT,37.819233,-122.349768,,,,,A,NO PEDESTRIANS INVOLVED,3/6/2024 8:20:00 AM,A,VC 22350,False,2,I-80 W/B,,,3/7/2024 7:32:52 AM,B,E,0.68,THE NAVY ROAD UNDER-CROSSING,M,,D,3/7/2024 7:33:04 AM,3/7/2024 7:33:04 AM,False,True,4,,3/6/2024 8:27:00 AM,827,False,,,True
2331678,9370-2024-00682,1,False,9370,2/29/2024 7:38:00 AM,738,055,14,109,Oakland,1,True,True,B,SIDE SWIPE,,Thursday,NotApplicable,False,M,,False,True,False,ALAMEDA SUPERIOR COURT WILEY W. MANUEL COURTHOUSE,C,OTHER MOTOR VEHICLE,,0,0,CLEAR,,NO UNUSUAL CONDITIONS,,A,DAYLIGHT,37.822647,-122.260568,,,,,A,NO PEDESTRIANS INVOLVED,2/29/2024 7:38:00 AM,A,VC 21658(A),False,1,I-580 W/B,,,3/6/2024 7:02:46 PM,A,E,432.0,WEBSTER STREET,F,,D,3/6/2024 7:02:50 PM,3/6/2024 7:02:50 PM,False,True,4,,2/29/2024 7:40:00 AM,740,False,,,True
2331285,9370-2024-00676,1,False,9370,2/28/2024 10:32:00 AM,1032,053,14,109,Oakland,1,True,True,C,REAR END,,Wednesday,NotApplicable,False,,,False,True,True,ALAMEDA SUPERIOR COURT WILEY W. MANUEL COURTHOUSE,C,OTHER MOTOR VEHICLE,,0,0,CLEAR,,CONSTRUCTION-REPAIR ZONE,,A,DAYLIGHT,37.796071,-122.20965,,,,,A,NO PEDESTRIANS INVOLVED,2/28/2024 10:32:00 AM,A,VC 22350,False,1,I-580 E/B,,,3/6/2024 11:24:00 AM,A,W,2265.0,35TH AVE,F,,A,3/6/2024 11:24:02 AM,3/6/2024 11:24:02 AM,False,True,4,,2/28/2024 10:32:00 AM,1032,True,AREA / EMBEDDED,,True
2330888,9370-2024-00623,1,False,9370,2/25/2024 6:15:00 AM,615,053,14,109,Oakland,1,True,True,B,SIDE SWIPE,,Sunday,NotApplicable,False,M,,False,True,True,ALAMEDA SUPERIOR COURT WILEY W. MANUEL COURTHOUSE,I,FIXED OBJECT,EMBANKMENT,0,0,CLEAR,,NO UNUSUAL CONDITIONS,,A,DAYLIGHT,37.801876,-122.230017,,,,,A,NO PEDESTRIANS INVOLVED,2/25/2024 6:15:00 AM,A,VC 22107,False,1,INTERSTATE 580 WESTBOUND,,,3/6/2024 4:42:14 AM,A,W,415.0,13TH AVENUE,F,,D,3/6/2024 4:42:16 AM,3/6/2024 4:42:16 AM,False,True,4,,2/25/2024 6:20:00 AM,620,False,,,True
2330810,9370-2024-00647,1,False,9370,2/26/2024 9:23:00 AM,923,025,14,109,Oakland,1,True,True,C,REAR END,,Monday,NotApplicable,False,,,False,True,True,ALAMEDA SUPERIOR COURT WILEY W. MANUEL COURTHOUSE,C,OTHER MOTOR VEHICLE,,1,0,CLEAR,,NO UNUSUAL CONDITIONS,,A,DAYLIGHT,37.834929,-122.266235,,,,,A,NO PEDESTRIANS INVOLVED,2/26/2024 9:23:00 AM,A,VC 22350,False,,SR-24 W/B,,,3/6/2024 3:25:39 AM,A,E,580.0,45TH STREET,F,,D,3/6/2024 3:25:41 AM,3/6/2024 3:25:41 AM,False,True,4,,2/26/2024 9:25:00 AM,925,False,,,True
2330626,9370-2024-00669,1,False,9370,2/27/2024 4:48:00 PM,1648,025,14,109,Oakland,1,True,True,C,REAR END,,Tuesday,NotApplicable,False,,,False,True,False,ALAMEDA SUPERIOR COURT WILEY W. MANUEL COURTHOUSE,C,OTHER MOTOR VEHICLE,,1,0,CLEAR,,NO UNUSUAL CONDITIONS,,A,DAYLIGHT,37.82454,-122.268018,,,,,A,NO PEDESTRIANS INVOLVED,2/27/2024 4:48:00 PM,A,VC 22350,False,1,SR-24 W/B TO I-580 E/B,,,3/5/2024 6:31:41 PM,A,W,888.0,W MACARTHUR BOULEVARD,F,,D,3/5/2024 6:31:43 PM,3/5/2024 6:31:43 PM,False,True,4,,2/27/2024 5:02:00 PM,1702,False,,,True
2330618,9370-2024-00664,1,False,9370,2/27/2024 6:20:00 AM,620,008,14,109,Oakland,1,True,True,C,REAR END,,Tuesday,NotApplicable,False,,,False,True,True,ALAMEDA SUPERIOR COURT WILEY W. MANUEL COURTHOUSE,C,OTHER MOTOR VEHICLE,,1,0,CLEAR,,NO UNUSUAL CONDITIONS,,A,DAYLIGHT,37.826957,-122.298585,,,,,A,NO PEDESTRIANS INVOLVED,2/27/2024 6:20:00 AM,A,VC 22350,False,1,I-80 W/B,,,3/5/2024 6:20:12 PM,A,E,3200.0,WEST GRAND AVENUE,F,,D,3/5/2024 6:20:16 PM,3/5/2024 6:20:16 PM,False,True,4,,2/27/2024 6:25:00 AM,625,False,,,True
2330510,9370-2024-00731,1,False,9370,3/3/2024 5:40:00 AM,540,013,14,109,Oakland,1,True,True,B,SIDE SWIPE,,Sunday,NotApplicable,False,,,False,True,True,ALAMEDA SUPERIOR COURT WILEY W. MANUEL COURTHOUSE,I,FIXED OBJECT,METAL RAIL WALL,0,0,CLOUDY,,NO UNUSUAL CONDITIONS,,D,DARK-NO STREET LIGHTS,37.838176,-122.221995,,,,,A,NO PEDESTRIANS INVOLVED,3/3/2024 5:40:00 AM,A,VC 22350,False,1,SR-13 S/B,,,3/5/2024 3:16:18 PM,B,S,1400.0,BROADWAY TERRACE,F,,D,3/5/2024 3:16:19 PM,3/5/2024 3:16:19 PM,False,True,4,False,3/3/2024 5:51:00 AM,551,False,,,True
2330498,9370-2024-00728,1,False,9370,3/3/2024 4:30:00 AM,430,055,14,109,Oakland,1,True,True,C,REAR END,,Sunday,NotApplicable,False,,,False,True,False,ALAMEDA SUPERIOR COURT WILEY W. MANUEL COURTHOUSE,C,OTHER MOTOR VEHICLE,,0,0,RAINING,,NO UNUSUAL CONDITIONS,,D,DARK-NO STREET LIGHTS,37.827049,-122.2857,,,,,A,NO PEDESTRIANS INVOLVED,3/3/2024 4:30:00 AM,A,VC 22350,False,1,I-580 W/B,,,3/5/2024 3:07:33 PM,B,W,315.0,HOLLIS STREET,F,,D,3/5/2024 3:07:38 PM,3/5/2024 3:07:38 PM,False,True,4,,3/3/2024 4:37:00 AM,437,False,,,True
2330456,9370-2024-00707,1,False,9370,3/2/2024 10:45:00 AM,1045,013,14,109,Oakland,1,True,True,E,HIT OBJECT,,Saturday,NotApplicable,False,,,False,True,True,ALAMEDA SUPERIOR COURT WILEY W. MANUEL COURTHOUSE,I,FIXED OBJECT,GUARDRAIL,0,0,CLEAR,,NO UNUSUAL CONDITIONS,,A,DAYLIGHT,37.831511,-122.215379,,,,,A,NO PEDESTRIANS INVOLVED,3/2/2024 10:45:00 AM,A,VC 22350,False,1,SR-13 N/B TO MORAGA AVENUE,,,3/5/2024 2:27:38 PM,B,W,10.0,MORAGA AVENUE,F,,D,3/5/2024 2:27:40 PM,3/5/2024 2:27:40 PM,False,True,4,,3/2/2024 10:55:00 AM,1055,False,,,True
2330443,9370-2024-00726,1,False,9370,2/29/2024 10:50:00 PM,2250,008,14,109,Oakland,1,True,True,E,HIT OBJECT,,Thursday,NotApplicable,False,,,False,True,True,ALAMEDA SUPERIOR COURT WILEY W. MANUEL COURTHOUSE,I,FIXED OBJECT,GUARDRAIL,0,0,RAINING,,NO UNUSUAL CONDITIONS,,D,DARK-NO STREET LIGHTS,37.830377,-122.293566,,,,,A,NO PEDESTRIANS INVOLVED,2/29/2024 10:50:00 PM,A,VC 22350,False,1,I-80 E/B,,,3/5/2024 2:18:04 PM,B,W,2893.0,POWELL ST,F,,D,3/5/2024 2:18:08 PM,3/5/2024 2:18:08 PM,False,True,4,,2/29/2024 10:54:00 PM,2254,True,EMBEDDED,,True
2330429,9370-2024-00443,1,False,9370,2/8/2024 12:00:00 AM,1220,176,14,109,Oakland,1,True,True,B,SIDE SWIPE,,Thursday,NotApplicable,False,,,False,True,False,ALAMEDA SUPERIOR COURT WILEY W. MANUEL COURTHOUSE,C,OTHER MOTOR VEHICLE,,0,0,CLEAR,,NO UNUSUAL CONDITIONS,,B,DUSK-DAWN,37.744276,-122.199804,,,,,A,NO PEDESTRIANS INVOLVED,2/8/2024 12:00:00 AM,A,VC 21658(A),False,1,I-880 S/B,,,3/5/2024 2:09:54 PM,A,N,1390.0,HEGENBERGER RD,F,,D,3/5/2024 2:09:55 PM,3/5/2024 2:09:55 PM,False,True,4,,2/8/2024 12:00:00 AM,1225,False,,,True
2330414,9370-2024-00698,1,False,9370,2/29/2024 2:15:00 PM,1415,177,14,109,Oakland,1,True,True,C,REAR END,,Thursday,NotApplicable,False,,,False,True,False,ALAMEDA SUPERIOR COURT WILEY W. MANUEL COURTHOUSE,C,OTHER MOTOR VEHICLE,,0,0,CLEAR,,NO UNUSUAL CONDITIONS,,A,DAYLIGHT,37.798037,-122.27337,,,,,A,NO PEDESTRIANS INVOLVED,2/29/2024 2:15:00 PM,A,VC 22350,False,1,INTERSTATE 880 NORHTBOUND,,,3/5/2024 2:03:09 PM,B,N,281.0,WEBSTER STREET,F,,D,3/5/2024 2:03:14 PM,3/5/2024 2:03:14 PM,False,True,4,,2/29/2024 2:20:00 PM,1420,False,,,True
2330355,9370-2024-00684,1,False,9370,2/28/2024 8:38:00 AM,838,008,14,109,Oakland,1,True,True,B,SIDE SWIPE,,Wednesday,NotApplicable,False,M,,False,True,False,ALAMEDA SUPERIOR COURT WILEY W. MANUEL COURTHOUSE,C,OTHER MOTOR VEHICLE,,0,0,CLEAR,,NO UNUSUAL CONDITIONS,,A,DAYLIGHT,37.825409,-122.305005,,,,,A,NO PEDESTRIANS INVOLVED,2/28/2024 8:38:00 AM,A,VC 21658(A),False,1,I-80 W/B,,,3/5/2024 1:27:59 PM,A,E,1340.0,WEST GRAND AVE,F,,D,3/5/2024 1:28:00 PM,3/5/2024 1:28:00 PM,False,True,4,,2/28/2024 8:40:00 AM,840,False,,,True
2330346,9370-2024-00665,1,False,9370,2/27/2024 10:10:00 AM,1010,008,14,109,Oakland,1,True,True,B,SIDE SWIPE,,Tuesday,NotApplicable,False,,,False,True,False,ALAMEDA SUPERIOR COURT WILEY W. MANUEL COURTHOUSE,C,OTHER MOTOR VEHICLE,,1,0,CLEAR,,NO UNUSUAL CONDITIONS,,A,DAYLIGHT,37.828689,-122.294602,,,,,A,NO PEDESTRIANS INVOLVED,2/27/2024 10:10:00 AM,A,VC 21658(A),False,1,I-80 W/B,,,3/5/2024 1:19:39 PM,A,W,3440.0,POWELL ST,F,,D,3/5/2024 1:19:42 PM,3/5/2024 1:19:42 PM,False,True,4,,2/27/2024 10:22:00 AM,1022,False,,,True
2330344,9370-2024-00661,1,False,9370,2/27/2024 8:00:00 AM,800,025,14,109,Oakland,1,True,True,C,REAR END,,Tuesday,NotApplicable,False,,,False,True,False,ALAMEDA SUPERIOR COURT WILEY W. MANUEL COURTHOUSE,C,OTHER MOTOR VEHICLE,,0,0,CLEAR,,NO UNUSUAL CONDITIONS,,A,DAYLIGHT,37.827792,-122.267962,,,,,A,NO PEDESTRIANS INVOLVED,2/27/2024 8:00:00 AM,A,VC 22350,False,1,SR-24 W/B TO 580 W/B,,,3/5/2024 1:15:02 PM,A,E,336.0,WEST MACARTHUR BLVD,F,,D,3/5/2024 1:15:05 PM,3/5/2024 1:15:05 PM,False,True,4,,2/27/2024 8:05:00 AM,805,False,,,True
2330301,9345-2024-00746,1,False,9345,2/25/2024 6:35:00 PM,1835,904,14,109,Oakland,1,True,True,B,SIDE SWIPE,,Sunday,NotApplicable,False,M,,False,True,False,ALAMEDA SUPERIOR COURT WILEY W. MANUEL COURTHOUSE,C,OTHER MOTOR VEHICLE,,0,0,CLEAR,,NO UNUSUAL CONDITIONS,,A,DAYLIGHT,37.728588,-122.185939,,,,,A,NO PEDESTRIANS INVOLVED,2/25/2024 6:35:00 PM,A,VC 21658(A),False,1,I-880 S/B,,,3/5/2024 12:42:53 PM,A,S,1320.0,98TH AVENUE,F,,D,3/5/2024 12:42:55 PM,3/5/2024 12:42:55 PM,False,True,4,,2/25/2024 6:40:00 PM,1840,False,,,True
2330099,9345-2024-00783,1,False,9345,2/28/2024 3:01:00 AM,301,580,14,109,Oakland,1,True,True,E,HIT OBJECT,,Wednesday,Yes,False,,,False,True,True,EAST COUNTY HALL OF JUSTICE,I,FIXED OBJECT,RAISED CONCRETE CURB EDGE,1,0,CLEAR,,NO UNUSUAL CONDITIONS,,B,DUSK-DAWN,37.737292,-122.140234,,,,,A,NO PEDESTRIANS INVOLVED,2/28/2024 3:01:00 AM,A,VC 22350,False,1,I-580 W/B TO MACARTHUR BOULEVARD,,,3/5/2024 9:35:18 AM,A,E,792.0,SUPERIOR AVENUE,F,,D,3/5/2024 9:35:23 AM,3/5/2024 9:35:23 AM,False,True,4,True,2/28/2024 3:01:00 AM,301,True,EMBEDDED,True,True
2329958,9370-2024-00644,1,False,9370,2/25/2024 11:05:00 PM,2305,177,14,109,Oakland,1,True,True,E,HIT OBJECT,,Sunday,No,False,,,False,True,False,ALAMEDA SUPERIOR COURT WILEY W. MANUEL COURTHOUSE,J,OTHER OBJECT,SAND BARREL (ENERGITE),0,0,CLEAR,,NO UNUSUAL CONDITIONS,,D,DARK-NO STREET LIGHTS,37.795716,-122.267598,,,,,A,NO PEDESTRIANS INVOLVED,2/25/2024 11:05:00 PM,C,,,,I-880 N/B,,,3/5/2024 7:55:25 AM,A,N,100.0,OAK ST,F,,D,3/5/2024 7:55:27 AM,3/5/2024 7:55:27 AM,False,True,4,,2/25/2024 11:10:00 PM,2310,False,,,True
2329885,9370-2024-00636,1,False,9370,2/24/2024 3:33:00 PM,1533,177,14,109,Oakland,1,True,True,E,HIT OBJECT,,Saturday,NotApplicable,False,,,False,True,True,ALAMEDA SUPERIOR COURT WILEY W. MANUEL COURTHOUSE,I,FIXED OBJECT,CONCRETE MEDIAN WALL,0,0,CLEAR,,NO UNUSUAL CONDITIONS,,A,DAYLIGHT,37.781806,-122.238916,,,,,A,NO PEDESTRIANS INVOLVED,2/24/2024 3:33:00 PM,A,VC 22107,False,1,I-880 N/B,,,3/5/2024 6:56:30 AM,A,N,1473.0,23RD AVE,F,,D,3/5/2024 6:56:31 AM,3/5/2024 6:56:31 AM,False,True,4,,2/24/2024 3:38:00 PM,1538,False,,,True
2329875,9370-2024-00615,1,False,9370,2/24/2024 2:50:00 PM,1450,177,14,109,Oakland,1,True,True,C,REAR END,,Saturday,NotApplicable,False,,,False,True,True,ALAMEDA SUPERIOR COURT WILEY W. MANUEL COURTHOUSE,C,OTHER MOTOR VEHICLE,,0,0,CLEAR,,NO UNUSUAL CONDITIONS,,A,DAYLIGHT,37.79568,-122.268159,,,,,A,NO PEDESTRIANS INVOLVED,2/24/2024 2:50:00 PM,A,VC 22350,False,1,I-880 S/B,,,3/5/2024 6:52:31 AM,A,N,96.0,MADISON ST,F,,D,3/5/2024 6:52:32 AM,3/5/2024 6:52:32 AM,False,True,4,,2/24/2024 2:54:00 PM,1454,False,,,True
2329780,9370-2024-00283,1,False,9370,1/26/2024 10:39:00 AM,1039,024,14,109,Oakland,1,True,True,B,SIDE SWIPE,,Friday,NotApplicable,False,F,,False,True,False,ALAMEDA SUPERIOR COURT WILEY W. MANUEL COURTHOUSE,C,OTHER MOTOR VEHICLE,,0,0,CLEAR,,NO UNUSUAL CONDITIONS,,A,DAYLIGHT,37.85927,-122.21107,,,,,A,NO PEDESTRIANS INVOLVED,1/26/2024 10:39:00 AM,A,VC 21658(A),False,1,SR-24 E/B,,,3/5/2024 4:57:30 AM,A,E,200.0,OLD TUNNEL ROAD,F,,D,3/5/2024 4:57:31 AM,3/5/2024 4:57:31 AM,False,True,4,,1/26/2024 10:43:00 AM,1043,False,,,True
2329776,9370-2024-00600,1,False,9370,2/22/2024 6:10:00 PM,1810,098,14,109,Oakland,1,True,True,B,SIDE SWIPE,,Thursday,Yes,False,,,False,True,False,ALAMEDA SUPERIOR COURT WILEY W. MANUEL COURTHOUSE,C,OTHER MOTOR VEHICLE,,1,0,CLEAR,,NO UNUSUAL CONDITIONS,,D,DARK-NO STREET LIGHTS,37.802425,-122.280362,,,,,A,NO PEDESTRIANS INVOLVED,2/22/2024 6:10:00 PM,A,VC 21658(A),False,1,INTERSTAET 980 WESTBOUND,,,3/5/2024 4:53:43 AM,B,E,931.0,11TH ST,F,,D,3/5/2024 4:53:45 AM,3/5/2024 4:53:45 AM,False,True,4,,2/22/2024 6:20:00 PM,1820,False,,,True
2329775,9370-2024-00613,1,False,9370,2/23/2024 6:10:00 PM,1810,052,14,109,Oakland,1,True,True,C,REAR END,,Friday,NotApplicable,False,M,,False,True,False,ALAMEDA SUPERIOR COURT WILEY W. MANUEL COURTHOUSE,C,OTHER MOTOR VEHICLE,,0,0,CLEAR,,NO UNUSUAL CONDITIONS,,D,DARK-NO STREET LIGHTS,37.788374,-122.199279,,,,,A,NO PEDESTRIANS INVOLVED,2/23/2024 6:10:00 PM,A,VC 22350,False,1,I-580 E/B,,,3/5/2024 4:52:54 AM,A,W,1058.0,HIGH STREET,F,,D,3/5/2024 4:52:57 AM,3/5/2024 4:52:57 AM,False,True,4,,2/23/2024 6:20:00 PM,1820,False,,,True
2350420,9335-2024-00694,1,False,9335,3/23/2024 12:01:00 AM,1,084,14,109,Oakland,1,True,True,E,HIT OBJECT,,Saturday,NotApplicable,False,,,False,True,True,ALAMEDA SUPERIOR COURT ALAMEDA,J,OTHER OBJECT,CONCRETE CENTER DIVIDE,1,0,RAINING,,NO UNUSUAL CONDITIONS,,C,DARK-STREET LIGHTS,37.820204,-122.341279,,,,,A,NO PEDESTRIANS INVOLVED,3/23/2024 12:01:00 AM,A,VC 22107,False,1,I-80 E/B,,,3/29/2024 8:30:41 AM,B,E,1.05,ARMY RD,M,,D,3/29/2024 8:30:46 AM,3/29/2024 8:30:46 AM,False,True,4,,3/23/2024 12:05:00 AM,5,False,,,True
2350300,9370-2024-00956,1,False,9370,3/22/2024 10:35:00 PM,2235,176,14,109,Oakland,1,True,True,E,HIT OBJECT,,Friday,NotApplicable,False,,,False,True,False,ALAMEDA SUPERIOR COURT WILEY W. MANUEL COURTHOUSE,I,FIXED OBJECT,CONCRETE WALL,0,0,RAINING,,NO UNUSUAL CONDITIONS,,D,DARK-NO STREET LIGHTS,37.772568,-122.226098,,,,,A,NO PEDESTRIANS INVOLVED,3/22/2024 10:35:00 PM,A,VC 22350,False,1,I-880 S/B,,,3/29/2024 6:34:49 AM,B,N,2300.0,HIGH ST,F,,D,3/29/2024 6:34:51 AM,3/29/2024 6:34:51 AM,False,True,4,,3/22/2024 10:40:00 PM,2240,False,,,True
2349970,9370-2024-00919,1,False,9370,3/20/2024 5:20:00 PM,1720,177,14,109,Oakland,1,True,True,B,SIDE SWIPE,,Wednesday,NotApplicable,False,M,,False,True,False,ALAMEDA SUPERIOR COURT WILEY W. MANUEL COURTHOUSE,C,OTHER MOTOR VEHICLE,,0,0,CLEAR,,NO UNUSUAL CONDITIONS,,A,DAYLIGHT,37.798967,-122.275923,,,,,A,NO PEDESTRIANS INVOLVED,3/20/2024 5:20:00 PM,A,VC 21658(A),False,1,I-880 N/B,,,3/28/2024 6:05:43 PM,A,N,500.0,JACKSON STREET,F,,D,3/28/2024 6:05:47 PM,3/28/2024 6:05:47 PM,False,True,4,,3/20/2024 5:30:00 PM,1730,False,,,True
2349963,9370-2024-00908,1,False,9370,3/20/2024 12:55:00 PM,1255,054,14,109,Oakland,1,True,True,B,SIDE SWIPE,,Wednesday,NotApplicable,False,,,False,True,False,ALAMEDA SUPERIOR COURT WILEY W. MANUEL COURTHOUSE,C,OTHER MOTOR VEHICLE,,0,0,CLEAR,,NO UNUSUAL CONDITIONS,,On-Duty Emergency VehicleA,DAYLIGHT,37.815489,-122.251228,,,,,A,NO PEDESTRIANS INVOLVED,3/20/2024 12:55:00 PM,A,VC 21658(A),False,1,I-580 W/B,,,3/28/2024 5:52:50 PM,A,E,276.0,CHETWOOD ST,F,,D,3/28/2024 5:52:53 PM,3/28/2024 5:52:53 PM,False,True,4,,3/20/2024 12:58:00 PM,1258,False,,,True
2349961,9370-2024-00923,1,False,9370,3/21/2024 9:55:00 AM,955,054,14,109,Oakland,1,True,True,C,REAR END,,Thursday,Yes,False,,,False,True,True,ALAMEDA SUPERIOR COURT WILEY W. MANUEL COURTHOUSE,C,OTHER MOTOR VEHICLE,,1,0,CLEAR,,NO UNUSUAL CONDITIONS,,A,DAYLIGHT,37.808129,-122.240806,,,,,A,NO PEDESTRIANS INVOLVED,3/21/2024 9:55:00 AM,A,VC 22350,False,1,I-580 W/B,,,3/28/2024 5:36:07 PM,A,E,1657.0,LAKESHORE AVE,F,,D,3/28/2024 5:36:10 PM,3/28/2024 5:36:10 PM,False,True,4,,3/21/2024 10:00:00 AM,1000,False,,,True
2349892,9370-2024-00910,1,False,9370,3/20/2024 11:35:00 AM,1135,054,14,109,Oakland,1,True,True,C,REAR END,,Wednesday,NotApplicable,False,,,False,True,False,ALAMEDA SUPERIOR COURT WILEY W. MANUEL COURTHOUSE,C,OTHER MOTOR VEHICLE,,0,0,CLEAR,,NO UNUSUAL CONDITIONS,,A,DAYLIGHT,37.81466,-122.250908,,,,,A,NO PEDESTRIANS INVOLVED,3/20/2024 11:35:00 AM,A,VC 22350,False,1,I-580 W/B,,,3/28/2024 3:58:27 PM,A,E,528.0,CHETWOOD ST,F,,D,3/28/2024 3:58:30 PM,3/28/2024 3:58:30 PM,False,True,4,,3/20/2024 11:43:00 AM,1143,False,,,True
2349882,9370-2024-00911,1,False,9370,3/20/2024 8:29:00 AM,829,052,14,109,Oakland,1,True,True,C,REAR END,,Wednesday,NotApplicable,False,,,False,True,False,ALAMEDA SUPERIOR COURT WILEY W. MANUEL COURTHOUSE,C,OTHER MOTOR VEHICLE,,0,0,CLEAR,,NO UNUSUAL CONDITIONS,,A,DAYLIGHT,37.775412,-122.161905,,,,,A,NO PEDESTRIANS INVOLVED,3/20/2024 8:29:00 AM,A,VC 22350,False,1,I-580 W/B,,,3/28/2024 3:46:21 PM,A,E,528.0,EDWARDS AVE,F,,D,3/28/2024 3:46:23 PM,3/28/2024 3:46:23 PM,False,True,4,,3/20/2024 8:30:00 AM,830,False,,,True