collision-id,report-number,report-version,is-preliminary,ncic-code,crash-date-time,crash-time-description,beat,city-id,city-code,city-name,county-code,city-is-active,city-is-incorporated,collision-type-code,collision-type-description,collision-type-other-desc,day-of-week,dispatch-notified,has-photographs,hit-run,is-attachments-mailed,is-deleted,is-highway-related,is-tow-away,judicial-district,motor-vehicle-involved-with-code,motor-vehicle-involved-with-desc,motor-vehicle-involved-with-other-desc,number-injured,number-killed,weather-1,weather-2,road-condition-1,road-condition-2,special-condition-lighting-code,lighting-description,latitude,longitude,milepost-direction,milepost-distance,milepost-marker,milepost-unit-of-measure,pedestrian-action-code,pedestrian-action-desc,prepared-date,primary-collision-factor-code,primary-collision-factor-violation,primary-collision-factor-is-cited,primary-collision-party-number,primary-road,reporting-district,reporting-district-code,reviewed-date,roadway-surface-code,secondary-direction,secondary-distance,secondary-road,secondary-unit-of-measure,sketch-desc,traffic-control-device-code,created-date,modified-date,is-county-road,is-freeway,chp-555-version,is-additonal-object-struck,notification-date,notification-time-description,has-digital-media-files,evidence-number,is-location-refer-to-narrative,is-aoi-one-same-as-location
2349867,9370-2024-00905,1,False,9370,3/20/2024 8:15:00 AM,815,177,14,109,Oakland,1,True,True,C,REAR END,,Wednesday,NotApplicable,False,,,False,True,False,ALAMEDA SUPERIOR COURT WILEY W. MANUEL COURTHOUSE,C,OTHER MOTOR VEHICLE,,0,0,CLEAR,,NO UNUSUAL CONDITIONS,,A,DAYLIGHT,37.795047,-122.265892,,,,,A,NO PEDESTRIANS INVOLVED,3/20/2024 8:15:00 AM,A,VC 22350,False,1,I-880 N/B,,,3/28/2024 3:31:53 PM,A,S,949.0,OAK ST,F,,D,3/28/2024 3:31:57 PM,3/28/2024 3:31:57 PM,False,True,4,,3/20/2024 8:30:00 AM,830,False,,,True
2349857,9370-2024-00918,1,False,9370,3/20/2024 9:58:00 PM,2158,054,14,109,Oakland,1,True,True,C,REAR END,,Wednesday,NotApplicable,False,,,False,True,False,ALAMEDA SUPERIOR COURT WILEY W. MANUEL COURTHOUSE,C,OTHER MOTOR VEHICLE,,0,0,CLEAR,,CONSTRUCTION-REPAIR ZONE,,D,DARK-NO STREET LIGHTS,37.822587,-122.260446,,,,,A,NO PEDESTRIANS INVOLVED,3/20/2024 9:58:00 PM,A,VC 22350,False,1,I-580 W/B,,,3/28/2024 3:26:54 PM,A,W,133.0,BROADWAY,F,,D,3/28/2024 3:26:56 PM,3/28/2024 3:26:56 PM,False,True,4,,3/20/2024 10:00:00 PM,2200,True,EMBEDDED,,True
2349847,9370-2024-00917,1,False,9370,3/21/2024 12:05:00 AM,5,052,14,109,Oakland,1,True,True,C,REAR END,,Thursday,NotApplicable,False,M,,False,True,True,ALAMEDA SUPERIOR COURT WILEY W. MANUEL COURTHOUSE,C,OTHER MOTOR VEHICLE,,0,0,CLEAR,,NO UNUSUAL CONDITIONS,,D,DARK-NO STREET LIGHTS,37.783913,-122.183137,,,,,A,NO PEDESTRIANS INVOLVED,3/21/2024 12:05:00 AM,A,VC 21658(a),False,1,I-580 E/B,,,3/28/2024 3:19:51 PM,A,W,687.0,DAVENPORT AVE,F,,D,3/28/2024 3:19:54 PM,3/28/2024 3:19:54 PM,False,True,4,,3/21/2024 12:10:00 AM,10,True,EMBEDDED,,True
2349814,9370-2024-00906,1,False,9370,3/20/2024 11:25:00 AM,1125,176,14,109,Oakland,1,True,True,B,SIDE SWIPE,,Wednesday,NotApplicable,False,,,False,True,False,ALAMEDA SUPERIOR COURT WILEY W. MANUEL COURTHOUSE,C,OTHER MOTOR VEHICLE,,0,0,CLEAR,,NO UNUSUAL CONDITIONS,,A,DAYLIGHT,37.763026,-122.216009,,,,,A,NO PEDESTRIANS INVOLVED,3/20/2024 11:25:00 AM,A,VC 21658(A),False,1,I-880 N/B,,,3/28/2024 2:54:10 PM,A,S,0.8,HIGH ST,M,,D,3/28/2024 2:54:14 PM,3/28/2024 2:54:14 PM,False,True,4,False,3/20/2024 11:27:00 AM,1127,False,,,True
2349812,9370-2024-00912,1,False,9370,3/20/2024 5:20:00 PM,1720,055,14,109,Oakland,1,True,True,C,REAR END,,Wednesday,NotApplicable,False,,,False,True,False,ALAMEDA SUPERIOR COURT WILEY W. MANUEL COURTHOUSE,C,OTHER MOTOR VEHICLE,,0,0,CLEAR,,NO UNUSUAL CONDITIONS,,A,DAYLIGHT,37.824675,-122.270259,,,,,A,NO PEDESTRIANS INVOLVED,3/20/2024 5:20:00 PM,A,VC 22350,False,1,I-580 E/B,,,3/28/2024 2:51:11 PM,A,W,1300.0,BROADWAY,F,,D,3/28/2024 2:51:14 PM,3/28/2024 2:51:14 PM,False,True,4,,3/20/2024 5:30:00 PM,1730,False,,False,True
2349720,9370-2024-00901,1,False,9370,3/19/2024 5:40:00 PM,1740,055,14,109,Oakland,1,True,True,B,SIDE SWIPE,,Tuesday,NotApplicable,False,,,False,True,False,ALAMEDA SUPERIOR COURT WILEY W. MANUEL COURTHOUSE,C,OTHER MOTOR VEHICLE,,0,0,CLEAR,,NO UNUSUAL CONDITIONS,,A,DAYLIGHT,37.827964,-122.294814,,,,,A,NO PEDESTRIANS INVOLVED,3/19/2024 5:40:00 PM,A,VC 21658(A),False,1,I-580 W/B TO I-80 W/B,,,3/28/2024 1:14:56 PM,A,W,1900.0,MANDELA PARKWAY,F,,D,3/28/2024 1:14:59 PM,3/28/2024 1:14:59 PM,False,True,4,,3/19/2024 5:50:00 PM,1750,False,,False,True
2349679,9370-2024-00880,1,False,9370,3/17/2024 3:08:00 PM,1508,024,14,109,Oakland,1,True,True,B,SIDE SWIPE,,Sunday,NotApplicable,False,,,False,True,False,ALAMEDA SUPERIOR COURT WILEY W. MANUEL COURTHOUSE,C,OTHER MOTOR VEHICLE,,0,0,CLEAR,,NO UNUSUAL CONDITIONS,,A,DAYLIGHT,37.853353,-122.221823,,,,,A,NO PEDESTRIANS INVOLVED,3/17/2024 3:08:00 PM,A,VC 21658(A),False,1,SR-24 W/B,,,3/28/2024 12:40:25 PM,A,E,996.0,KAY AVE,F,,D,3/28/2024 12:40:28 PM,3/28/2024 12:40:28 PM,False,True,4,,3/17/2024 3:20:00 PM,1520,True,EMBEDDED,,True
2349677,9370-2024-00879,1,False,9370,3/17/2024 1:40:00 PM,1340,024,14,109,Oakland,1,True,True,C,REAR END,,Sunday,NotApplicable,False,,,False,True,False,ALAMEDA SUPERIOR COURT WILEY W. MANUEL COURTHOUSE,C,OTHER MOTOR VEHICLE,,0,0,CLEAR,,NO UNUSUAL CONDITIONS,,A,DAYLIGHT,37.848848,-122.227699,,,,,A,NO PEDESTRIANS INVOLVED,3/17/2024 1:40:00 PM,A,VC 22350,True,1,SR-24 W/B,,,3/28/2024 12:37:38 PM,A,E,164.0,SR-13 S/B,F,,D,3/28/2024 12:37:40 PM,3/28/2024 12:37:40 PM,False,True,4,,3/17/2024 1:50:00 PM,1350,True,EMBEDDED,,True
2349673,9370-2024-00909,1,False,9370,3/20/2024 4:45:00 PM,1645,176,14,109,Oakland,1,True,True,C,REAR END,,Wednesday,NotApplicable,False,M,,False,True,False,ALAMEDA SUPERIOR COURT WILEY W. MANUEL COURTHOUSE,C,OTHER MOTOR VEHICLE,,0,0,CLEAR,,NO UNUSUAL CONDITIONS,,A,DAYLIGHT,37.745849,-122.201054,,,,,A,NO PEDESTRIANS INVOLVED,3/20/2024 4:45:00 PM,A,VC 21658(A),False,1,I-880 S/B,,,3/28/2024 12:35:45 PM,A,S,550.0,66TH AVE,F,,D,3/28/2024 12:35:49 PM,3/28/2024 12:35:49 PM,False,True,4,True,3/20/2024 4:55:00 PM,1655,False,,,True
2349596,9370-2024-00894,1,False,9370,3/18/2024 9:00:00 PM,2100,098,14,109,Oakland,1,True,True,C,REAR END,,Monday,NotApplicable,False,,,False,True,False,ALAMEDA SUPERIOR COURT WILEY W. MANUEL COURTHOUSE,C,OTHER MOTOR VEHICLE,,1,0,CLEAR,,NO UNUSUAL CONDITIONS,,C,DARK-STREET LIGHTS,37.806017,-122.279255,,,,,A,NO PEDESTRIANS INVOLVED,3/18/2024 9:00:00 PM,A,22350,False,1,I-980 W/B TO 12TH ST,,,3/28/2024 11:35:24 AM,A,E,41.0,12TH STREET,F,,D,3/28/2024 11:35:26 AM,3/28/2024 11:35:26 AM,False,True,4,,3/18/2024 9:09:00 PM,2109,False,,,True
2348892,9370-2024-00936,1,False,9370,3/19/2024 6:20:00 PM,1820,176,14,109,Oakland,1,True,True,C,REAR END,,Tuesday,NotApplicable,False,M,,False,True,False,ALAMEDA SUPERIOR COURT ALAMEDA,C,OTHER MOTOR VEHICLE,,0,0,CLEAR,,NO UNUSUAL CONDITIONS,,A,DAYLIGHT,37.754288,-122.208475,,,,,A,NO PEDESTRIANS INVOLVED,3/19/2024 6:20:00 PM,A,VC 21658(a),True,1,I-880 SOUTHBOUND,,,3/27/2024 5:45:12 PM,A,N,140.0,66TH AVENUE,F,,D,3/27/2024 5:45:14 PM,3/27/2024 5:45:14 PM,False,True,4,True,3/19/2024 6:24:00 PM,1824,False,,,True
2348885,9370-2024-00900,1,False,9370,3/19/2024 12:10:00 PM,1210,053,14,109,Oakland,1,True,True,B,SIDE SWIPE,,Tuesday,NotApplicable,False,,,False,True,False,ALAMEDA SUPERIOR COURT WILEY W. MANUEL COURTHOUSE,C,OTHER MOTOR VEHICLE,,0,0,CLEAR,,NO UNUSUAL CONDITIONS,,A,DAYLIGHT,37.793985,-122.205074,,,,,A,NO PEDESTRIANS INVOLVED,3/19/2024 12:10:00 PM,D,,,,I-580 W/B,,,3/27/2024 5:22:18 PM,A,W,800.0,35TH AVE,F,,D,3/27/2024 5:22:20 PM,3/27/2024 5:22:20 PM,False,True,4,,3/19/2024 12:16:00 PM,1216,False,,,True
2348881,9370-2024-00895,1,False,9370,3/18/2024 10:28:00 PM,2228,176,14,109,Oakland,1,True,True,C,REAR END,,Monday,Yes,False,,,False,True,True,ALAMEDA SUPERIOR COURT WILEY W. MANUEL COURTHOUSE,C,OTHER MOTOR VEHICLE,,2,0,CLEAR,,NO UNUSUAL CONDITIONS,,C,DARK-STREET LIGHTS,37.755868,-122.209703,,,,,A,NO PEDESTRIANS INVOLVED,3/18/2024 10:28:00 PM,A,VC 23152(a),True,1,I-880 N/B,,,3/27/2024 5:11:58 PM,A,N,820.0,66TH AVE,F,,D,3/27/2024 5:12:00 PM,3/27/2024 5:12:00 PM,False,True,4,,3/18/2024 10:32:00 PM,2232,False,,,True
2348365,9335-2024-00709,1,False,9335,3/25/2024 5:30:00 AM,530,082,14,109,Oakland,1,True,True,B,SIDE SWIPE,,Monday,NotApplicable,False,,,False,True,False,ALAMEDA SUPERIOR COURT ALAMEDA,C,OTHER MOTOR VEHICLE,,0,0,CLEAR,,CONSTRUCTION-REPAIR ZONE,,C,DARK-STREET LIGHTS,37.820346,-122.34284,,,,,A,NO PEDESTRIANS INVOLVED,3/25/2024 5:30:00 AM,A,VC 22350,False,1,INTERSTATE 80 WESTBOUND,,,3/27/2024 9:15:19 AM,A,W,0.5,BAY BRIDGE TOLL PLAZA,M,,A,3/27/2024 9:15:34 AM,3/27/2024 9:15:34 AM,False,True,4,,3/25/2024 5:30:00 AM,530,False,,,True
2348282,9335-2024-00620,3,False,9335,3/15/2024 7:00:00 PM,1900,082,14,109,Oakland,1,True,True,C,REAR END,,Friday,NotApplicable,False,M,,False,True,False,ALAMEDA SUPERIOR COURT ALAMEDA,C,OTHER MOTOR VEHICLE,,0,0,CLEAR,,NO UNUSUAL CONDITIONS,,A,DAYLIGHT,37.824461,-122.316654,,,,,A,NO PEDESTRIANS INVOLVED,3/15/2024 7:00:00 PM,A,VC 22350,False,1,I-80 WB,,,3/27/2024 8:19:53 AM,A,W,850.0,TOLL PLAZA,F,,A,3/27/2024 8:20:23 AM,3/27/2024 8:21:45 AM,False,True,4,,3/15/2024 7:10:00 PM,1910,True,EMBEDDED,,True
2347843,9370-2024-00842,1,False,9370,3/15/2024 1:00:00 AM,100,177,14,109,Oakland,1,True,True,B,SIDE SWIPE,,Friday,NotApplicable,False,M,,False,True,False,ALAMEDA SUPERIOR COURT WILEY W. MANUEL COURTHOUSE,C,OTHER MOTOR VEHICLE,,0,0,CLEAR,,NO UNUSUAL CONDITIONS,,D,DARK-NO STREET LIGHTS,37.787993,-122.249705,,,,,A,NO PEDESTRIANS INVOLVED,3/15/2024 1:00:00 AM,A,VC 22107,False,1,I-880 S/B,,,3/26/2024 6:51:29 PM,A,S,211.0,16TH AVE,F,,D,3/26/2024 6:51:31 PM,3/26/2024 6:51:31 PM,False,True,4,False,3/15/2024 1:10:00 AM,110,False,,,True
2347819,9335-2024-00662,1,False,9335,3/19/2024 2:05:00 PM,1405,084,14,109,Oakland,1,True,True,C,REAR END,,Tuesday,NotApplicable,False,,,False,True,False,ALAMEDA SUPERIOR COURT ALAMEDA,C,OTHER MOTOR VEHICLE,,0,0,CLEAR,,NO UNUSUAL CONDITIONS,,A,DAYLIGHT,37.821232,-122.332812,,,,,A,NO PEDESTRIANS INVOLVED,3/19/2024 2:05:00 PM,A,VC 22350,False,1,I-80 EB,,,3/26/2024 5:50:09 PM,A,E,1.0,TOLL PLAZA,M,,D,3/26/2024 5:52:22 PM,3/26/2024 5:52:22 PM,False,True,4,,3/19/2024 2:10:00 PM,1410,False,,,True
2347805,9370-2024-00892,1,False,9370,3/18/2024 8:15:00 PM,2015,052,14,109,Oakland,1,True,True,B,SIDE SWIPE,,Monday,NotApplicable,False,M,,False,True,False,ALAMEDA SUPERIOR COURT WILEY W. MANUEL COURTHOUSE,C,OTHER MOTOR VEHICLE,,0,0,CLEAR,,NO UNUSUAL CONDITIONS,,C,DARK-STREET LIGHTS,37.737757,-122.141143,,,,,A,NO PEDESTRIANS INVOLVED,3/18/2024 8:15:00 PM,A,VC 21658(A),False,1,I-580 E/B,,,3/26/2024 5:21:50 PM,A,W,1213.0,DUTTON AVENUE,F,,D,3/26/2024 5:21:52 PM,3/26/2024 5:21:52 PM,False,True,4,,3/18/2024 8:20:00 PM,2020,False,,,True
2347802,9335-2024-00621,1,False,9335,3/15/2024 8:35:00 PM,2035,082,14,109,Oakland,1,True,True,B,SIDE SWIPE,,Friday,Yes,False,,,False,True,True,ALAMEDA SUPERIOR COURT ALAMEDA,C,OTHER MOTOR VEHICLE,,4,0,CLEAR,,NO UNUSUAL CONDITIONS,,C,DARK-STREET LIGHTS,37.820445,-122.340906,,,,,A,NO PEDESTRIANS INVOLVED,3/15/2024 8:35:00 PM,A,VC 21658(A),False,1,I-80 WB,,,3/26/2024 5:20:47 PM,A,W,1.5,TOLL PLAZA,M,,A,3/26/2024 5:21:02 PM,3/26/2024 5:21:02 PM,False,True,4,,3/15/2024 8:40:00 PM,2040,False,,,True
2347796,9370-2024-00891,1,False,9370,3/18/2024 1:00:00 PM,1300,055,14,109,Oakland,1,True,True,E,HIT OBJECT,,Monday,NotApplicable,False,,,False,True,False,ALAMEDA SUPERIOR COURT WILEY W. MANUEL COURTHOUSE,J,OTHER OBJECT,METAL OBJECT,0,0,CLEAR,,NO UNUSUAL CONDITIONS,,A,DAYLIGHT,37.827494,-122.283636,,,,,A,NO PEDESTRIANS INVOLVED,3/18/2024 1:00:00 PM,C,,,,I-580 W/B,,,3/26/2024 5:12:26 PM,A,E,259.0,HOLLIS STREET,F,,D,3/26/2024 5:12:30 PM,3/26/2024 5:12:30 PM,False,True,4,,3/18/2024 1:10:00 PM,1310,False,,,True
2347793,9370-2024-00899,1,False,9370,3/18/2024 8:00:00 AM,800,024,14,109,Oakland,1,True,True,C,REAR END,,Monday,NotApplicable,False,,,False,True,False,ALAMEDA SUPERIOR COURT WILEY W. MANUEL COURTHOUSE,C,OTHER MOTOR VEHICLE,,0,0,CLEAR,,NO UNUSUAL CONDITIONS,,A,DAYLIGHT,37.83442,-122.266772,,,,,A,NO PEDESTRIANS INVOLVED,3/18/2024 8:00:00 AM,A,VC 22350,False,,SR-24 W/B FROM MARTIN LUTHER KING JR WAY,,,3/26/2024 5:05:23 PM,A,W,100.0,MARTIN LUTHER KING JR WAY,F,,D,3/26/2024 5:05:27 PM,3/26/2024 5:05:27 PM,False,True,4,,3/18/2024 8:10:00 AM,810,False,,,True
2347788,9370-2024-00888,1,False,9370,3/18/2024 10:35:00 AM,1035,080,14,109,Oakland,1,True,True,C,REAR END,,Monday,NotApplicable,False,,,False,True,False,ALAMEDA SUPERIOR COURT WILEY W. MANUEL COURTHOUSE,C,OTHER MOTOR VEHICLE,,0,0,CLEAR,,NO UNUSUAL CONDITIONS,,A,DAYLIGHT,37.836358,-122.296079,,,,,A,NO PEDESTRIANS INVOLVED,3/18/2024 10:35:00 AM,A,VC 22350,False,1,I-80 W/B,,,3/26/2024 5:01:05 PM,A,W,610.0,POWELL ST,F,,D,3/26/2024 5:01:08 PM,3/26/2024 5:01:08 PM,False,True,4,,3/18/2024 10:40:00 AM,1040,False,,,True
2347737,9370-2024-00885,1,False,9370,3/17/2024 9:00:00 PM,2100,177,14,109,Oakland,1,True,True,E,HIT OBJECT,,Sunday,NotApplicable,False,,,False,True,False,ALAMEDA SUPERIOR COURT WILEY W. MANUEL COURTHOUSE,J,OTHER OBJECT,TIRE,0,0,CLEAR,,NO UNUSUAL CONDITIONS,,D,DARK-NO STREET LIGHTS,37.794231,-122.26486,,,,,A,NO PEDESTRIANS INVOLVED,3/17/2024 9:00:00 PM,C,,,,I-880 S/B,,,3/26/2024 3:54:50 PM,A,S,500.0,OAK ST,F,,D,3/26/2024 3:54:51 PM,3/26/2024 3:54:51 PM,False,True,4,,3/17/2024 9:18:00 PM,2118,False,,,True
2347734,9370-2024-00883,1,False,9370,3/17/2024 8:35:00 PM,2035,176,14,109,Oakland,1,True,True,B,SIDE SWIPE,,Sunday,NotApplicable,False,M,,False,True,False,ALAMEDA SUPERIOR COURT WILEY W. MANUEL COURTHOUSE,C,OTHER MOTOR VEHICLE,,0,0,CLEAR,,NO UNUSUAL CONDITIONS,,C,DARK-STREET LIGHTS,37.741427,-122.197758,,,,,A,NO PEDESTRIANS INVOLVED,3/17/2024 8:35:00 PM,A,VC 21658(A),False,1,I-880 S/B TO HEGENBERGER ROAD,,,3/26/2024 3:53:37 PM,A,N,777.0,HEGENBERGER RD,F,,D,3/26/2024 3:53:39 PM,3/26/2024 3:53:39 PM,False,True,4,,3/17/2024 8:48:00 PM,2048,False,,,True
2347709,9335-2024-00706,1,False,9335,3/24/2024 5:15:00 PM,1715,082,14,109,Oakland,1,True,True,B,SIDE SWIPE,,Sunday,NotApplicable,False,,,False,True,False,ALAMEDA SUPERIOR COURT ALAMEDA,C,OTHER MOTOR VEHICLE,,0,0,CLEAR,,NO UNUSUAL CONDITIONS,,A,DAYLIGHT,37.823567,-122.318919,,,,,A,NO PEDESTRIANS INVOLVED,3/24/2024 5:15:00 PM,A,VC 21658(A),False,2,I-80 W/B,,,3/26/2024 3:36:19 PM,A,W,480.0,SFOBB METERING LIGHTS,F,,D,3/26/2024 3:36:37 PM,3/26/2024 3:36:37 PM,False,True,4,,3/24/2024 5:18:00 PM,1718,False,,,True
2347692,9370-2024-00838,1,False,9370,3/14/2024 3:00:00 PM,1500,024,14,109,Oakland,1,True,True,C,REAR END,,Thursday,NotApplicable,False,,,False,True,False,ALAMEDA SUPERIOR COURT WILEY W. MANUEL COURTHOUSE,C,OTHER MOTOR VEHICLE,,1,0,CLEAR,,NO UNUSUAL CONDITIONS,,A,DAYLIGHT,37.849761,-122.237884,,,,,A,NO PEDESTRIANS INVOLVED,3/14/2024 3:00:00 PM,A,VC 22350,False,1,SR-24 E/B,,,3/26/2024 3:18:45 PM,A,E,2000.0,BROADWAY,F,,D,3/26/2024 3:18:50 PM,3/26/2024 3:18:50 PM,False,True,4,,3/14/2024 3:09:00 PM,1509,False,,,True
2347681,9370-2024-00878,1,False,9370,3/17/2024 12:47:00 PM,1247,024,14,109,Oakland,1,True,True,C,REAR END,,Sunday,NotApplicable,False,,,False,True,False,ALAMEDA SUPERIOR COURT WILEY W. MANUEL COURTHOUSE,C,OTHER MOTOR VEHICLE,,0,0,CLEAR,,NO UNUSUAL CONDITIONS,,A,DAYLIGHT,37.856061,-122.216821,,,,,A,NO PEDESTRIANS INVOLVED,3/17/2024 12:47:00 PM,A,VC 22350,False,1,SR-24 W/B,,,3/26/2024 3:05:51 PM,A,E,500.0,CALDECOTT TUNNEL WEST EDGE,F,,D,3/26/2024 3:05:53 PM,3/26/2024 3:05:53 PM,False,True,4,,3/17/2024 12:48:00 PM,1248,False,,,True
2347633,9370-2024-00859,1,False,9370,3/15/2024 8:48:00 AM,848,054,14,109,Oakland,1,True,True,C,REAR END,,Friday,Yes,False,,,False,True,False,ALAMEDA SUPERIOR COURT WILEY W. MANUEL COURTHOUSE,C,OTHER MOTOR VEHICLE,,1,0,CLEAR,,NO UNUSUAL CONDITIONS,,A,DAYLIGHT,37.807576,-122.239491,,,,,A,NO PEDESTRIANS INVOLVED,3/15/2024 8:48:00 AM,A,VC 22350,False,1,I-580 W/B,,,3/26/2024 2:20:33 PM,A,W,1980.0,PARK BLVD,F,,D,3/26/2024 2:20:37 PM,3/26/2024 2:20:37 PM,False,True,4,,3/15/2024 9:02:00 AM,902,False,,,True
2347624,9370-2024-00851,1,False,9370,3/15/2024 12:25:00 AM,25,024,14,109,Oakland,1,True,True,E,HIT OBJECT,,Friday,Yes,False,,,False,True,True,ALAMEDA SUPERIOR COURT ADMINISTRATION BUILDING,I,FIXED OBJECT,CONCRETE CENTER DIVIDE,1,0,CLEAR,,NO UNUSUAL CONDITIONS,,C,DARK-STREET LIGHTS,37.849128,-122.224954,,,,,A,NO PEDESTRIANS INVOLVED,3/15/2024 12:25:00 AM,A,VC 22350,False,1,STATE ROUTE 24 WB,,,3/26/2024 2:15:01 PM,A,E,750.0,STATE ROUTE 13,F,,D,3/26/2024 2:15:05 PM,3/26/2024 2:15:05 PM,False,True,4,,3/15/2024 12:26:00 AM,26,False,,,True
2347431,9370-2024-00871,1,False,9370,3/16/2024 11:41:00 PM,2341,052,14,109,Oakland,1,True,True,E,HIT OBJECT,,Saturday,NotApplicable,False,,,False,True,False,ALAMEDA SUPERIOR COURT WILEY W. MANUEL COURTHOUSE,I,FIXED OBJECT,CONCRETE BARRIER,0,0,CLEAR,,NO UNUSUAL CONDITIONS,,C,DARK-STREET LIGHTS,37.749751,-122.151297,,,,,A,NO PEDESTRIANS INVOLVED,3/16/2024 11:41:00 PM,A,VC 22107,False,1,I-580 E/B,,,3/26/2024 12:23:35 PM,A,W,350.0,106TH AVENUE,F,,D,3/26/2024 12:23:38 PM,3/26/2024 12:23:38 PM,False,True,4,,3/16/2024 11:46:00 PM,2346,False,,,True
2347251,9335-2024-00606,1,False,9335,3/14/2024 1:15:00 PM,1315,904,14,109,Oakland,1,True,True,B,SIDE SWIPE,,Thursday,NotApplicable,False,M,,False,True,False,ALAMEDA SUPERIOR COURT FREMONT HALL OF JUSTICE,C,OTHER MOTOR VEHICLE,,0,0,CLEAR,,NO UNUSUAL CONDITIONS,,Courtesy ReportA,DAYLIGHT,37.827083,-122.285311,,,,,A,NO PEDESTRIANS INVOLVED,3/14/2024 1:15:00 PM,A,VC 21658(A),False,1,I-580 W/B,,,3/26/2024 9:34:26 AM,A,W,195.38,HOLLIS ST,F,,D,3/26/2024 9:34:40 AM,3/26/2024 9:34:40 AM,False,True,4,,3/14/2024 1:29:00 PM,1329,True,EMBEDDED,,True
2346648,9370-2024-00929,1,False,9370,3/16/2024 2:25:00 PM,1425,024,14,109,Oakland,1,True,True,C,REAR END,,Saturday,NotApplicable,False,,,False,True,True,ALAMEDA SUPERIOR COURT WILEY W. MANUEL COURTHOUSE,C,OTHER MOTOR VEHICLE,,0,0,CLEAR,,NO UNUSUAL CONDITIONS,,A,DAYLIGHT,37.854833,-122.218467,,,,,A,NO PEDESTRIANS INVOLVED,3/16/2024 2:25:00 PM,A,VC 22350,False,1,SR-24 W/B,,,3/25/2024 5:09:19 PM,A,E,1300.0,CALDECOTT LN,F,,D,3/25/2024 5:09:22 PM,3/25/2024 5:09:22 PM,False,True,4,,3/16/2024 2:30:00 PM,1430,False,,,True
2346518,9370-2024-00913,1,False,9370,3/20/2024 6:17:00 PM,1817,052,14,109,Oakland,1,True,True,B,SIDE SWIPE,,Wednesday,NotApplicable,False,,,False,True,False,ALAMEDA SUPERIOR COURT WILEY W. MANUEL COURTHOUSE,C,OTHER MOTOR VEHICLE,,0,0,CLEAR,,NO UNUSUAL CONDITIONS,,A,DAYLIGHT,37.778472,-122.169147,,,,,A,NO PEDESTRIANS INVOLVED,3/20/2024 6:17:00 PM,B,UNSAFE MERGE,,1,I-580 E/B,,,3/25/2024 2:58:55 PM,A,W,122.0,EDWARDS AVE,F,,D,3/25/2024 2:58:57 PM,3/25/2024 2:58:57 PM,False,True,4,,3/20/2024 6:20:00 PM,1820,False,,,True
2346481,9370-2024-00852,1,False,9370,3/15/2024 5:38:00 PM,1738,098,14,109,Oakland,1,True,True,E,HIT OBJECT,,Friday,NotApplicable,False,,,False,True,False,ALAMEDA SUPERIOR COURT WILEY W. MANUEL COURTHOUSE,I,FIXED OBJECT,CONCRETE WALL,0,0,CLEAR,,NO UNUSUAL CONDITIONS,,A,DAYLIGHT,37.817507,-122.270113,,,,,A,NO PEDESTRIANS INVOLVED,3/15/2024 5:38:00 PM,A,VC 22107,False,1,I-980 E/B,,,3/25/2024 2:35:38 PM,A,W,2463.0,I-580,F,,D,3/25/2024 2:35:42 PM,3/25/2024 2:35:42 PM,False,True,4,,3/15/2024 5:46:00 PM,1746,False,,,True
2346346,9370-2024-00837,1,False,9370,3/14/2024 6:30:00 PM,1830,052,14,109,Oakland,1,True,True,B,SIDE SWIPE,,Thursday,NotApplicable,False,M,,False,True,True,ALAMEDA SUPERIOR COURT WILEY W. MANUEL COURTHOUSE,C,OTHER MOTOR VEHICLE,,0,0,CLEAR,,NO UNUSUAL CONDITIONS,,A,DAYLIGHT,37.765919,-122.152235,,,,,A,NO PEDESTRIANS INVOLVED,3/14/2024 6:30:00 PM,A,VC 21658(a),False,1,I-580 E/B,,,3/25/2024 12:59:32 PM,A,E,30.0,FONTAINE ST,F,,D,3/25/2024 12:59:33 PM,3/25/2024 12:59:33 PM,False,True,4,,3/14/2024 6:34:00 PM,1834,False,,,True