collision-id,report-number,report-version,is-preliminary,ncic-code,crash-date-time,crash-time-description,beat,city-id,city-code,city-name,county-code,city-is-active,city-is-incorporated,collision-type-code,collision-type-description,collision-type-other-desc,day-of-week,dispatch-notified,has-photographs,hit-run,is-attachments-mailed,is-deleted,is-highway-related,is-tow-away,judicial-district,motor-vehicle-involved-with-code,motor-vehicle-involved-with-desc,motor-vehicle-involved-with-other-desc,number-injured,number-killed,weather-1,weather-2,road-condition-1,road-condition-2,special-condition-lighting-code,lighting-description,latitude,longitude,milepost-direction,milepost-distance,milepost-marker,milepost-unit-of-measure,pedestrian-action-code,pedestrian-action-desc,prepared-date,primary-collision-factor-code,primary-collision-factor-violation,primary-collision-factor-is-cited,primary-collision-party-number,primary-road,reporting-district,reporting-district-code,reviewed-date,roadway-surface-code,secondary-direction,secondary-distance,secondary-road,secondary-unit-of-measure,sketch-desc,traffic-control-device-code,created-date,modified-date,is-county-road,is-freeway,chp-555-version,is-additonal-object-struck,notification-date,notification-time-description,has-digital-media-files,evidence-number,is-location-refer-to-narrative,is-aoi-one-same-as-location
2364072,9370-2024-01148,1,False,9370,4/6/2024 3:30:00 AM,330,052,14,109,Oakland,1,True,True,B,SIDE SWIPE,,Saturday,Yes,False,,,False,True,False,ALAMEDA SUPERIOR COURT WILEY W. MANUEL COURTHOUSE,I,FIXED OBJECT,CONRETE CENTER DIVIDE,0,0,CLEAR,,NO UNUSUAL CONDITIONS,,D,DARK-NO STREET LIGHTS,37.785447,-122.192992,,,,,A,NO PEDESTRIANS INVOLVED,4/6/2024 3:30:00 AM,A,VC 23152(a),True,1,I-580 E/B,,,4/15/2024 6:41:50 AM,A,E,924.0,HIGH ST,F,,D,4/15/2024 6:41:52 AM,4/15/2024 6:41:52 AM,False,True,4,,4/6/2024 3:32:00 AM,332,False,,,True
2364043,9370-2024-01142,1,False,9370,4/6/2024 2:25:00 AM,225,178,14,109,Oakland,1,True,True,E,HIT OBJECT,,Saturday,NotApplicable,False,,,False,True,True,ALAMEDA SUPERIOR COURT WILEY W. MANUEL COURTHOUSE,I,FIXED OBJECT,CONCRETE WALL,1,0,CLEAR,,NO UNUSUAL CONDITIONS,,D,DARK-NO STREET LIGHTS,37.817565,-122.296559,,,,,A,NO PEDESTRIANS INVOLVED,4/6/2024 2:25:00 AM,A,VC 22107,False,1,I-880 N/B,,,4/15/2024 5:19:47 AM,A,S,742.0,WEST GRAND AVENUE,F,,D,4/15/2024 5:19:49 AM,4/15/2024 5:19:49 AM,False,True,4,,4/6/2024 2:29:00 AM,229,False,,,True
2364037,9370-2024-01067,1,False,9370,3/30/2024 8:10:00 PM,2010,024,14,109,Oakland,1,True,True,B,SIDE SWIPE,,Saturday,Yes,False,,,False,True,False,ALAMEDA SUPERIOR COURT WILEY W. MANUEL COURTHOUSE,I,FIXED OBJECT,CENTER BARRIER WALL,1,0,CLOUDY,,NO UNUSUAL CONDITIONS,,C,DARK-STREET LIGHTS,37.848689,-122.226026,,,,,A,NO PEDESTRIANS INVOLVED,3/30/2024 8:10:00 PM,A,VC 23152(a),True,1,SR-24 W/B,,,4/15/2024 4:41:31 AM,B,E,570.0,SR-13,F,,D,4/15/2024 4:41:33 AM,4/15/2024 4:41:33 AM,False,True,4,,3/30/2024 8:13:00 PM,2013,False,,,True
2363900,9370-2024-01147,1,False,9370,4/6/2024 1:45:00 PM,1345,054,14,109,Oakland,1,True,True,A,HEAD-ON,,Saturday,Yes,False,,,False,True,False,ALAMEDA SUPERIOR COURT WILEY W. MANUEL COURTHOUSE,I,FIXED OBJECT,METAL GUARDRAIL,0,0,CLEAR,,NO UNUSUAL CONDITIONS,,A,DAYLIGHT,37.82036,-122.25632,,,,,A,NO PEDESTRIANS INVOLVED,4/6/2024 1:45:00 PM,A,VC 23152(F),True,1,I-580 E/B,,,4/14/2024 9:02:30 PM,A,W,500.0,HARRISON ST,F,,D,4/14/2024 9:02:33 PM,4/14/2024 9:02:33 PM,False,True,4,,4/6/2024 1:59:00 PM,1359,False,,,True
2363899,9370-2024-01231,1,False,9370,4/13/2024 5:30:00 PM,1730,176,14,109,Oakland,1,True,True,C,REAR END,,Saturday,NotApplicable,False,,,False,True,False,ALAMEDA SUPERIOR COURT WILEY W. MANUEL COURTHOUSE,C,OTHER MOTOR VEHICLE,,0,0,CLEAR,,NO UNUSUAL CONDITIONS,,A,DAYLIGHT,37.742069,-122.197155,,,,,A,NO PEDESTRIANS INVOLVED,4/13/2024 5:30:00 PM,A,VC 22350,False,1,I-880 N/B FROM HEGENBERGER ROAD,,,4/14/2024 9:00:38 PM,B,N,300.0,HEGENBERGER RD,F,,A,4/14/2024 9:00:40 PM,4/14/2024 9:00:40 PM,False,True,4,,4/13/2024 5:35:00 PM,1735,False,,,True
2363864,9335-2024-00704,1,False,9335,3/23/2024 11:10:00 PM,2310,084,14,109,Oakland,1,True,True,B,SIDE SWIPE,,Saturday,Yes,False,,,False,True,True,ALAMEDA SUPERIOR COURT ALAMEDA,C,OTHER MOTOR VEHICLE,,3,0,RAINING,,NO UNUSUAL CONDITIONS,,C,DARK-STREET LIGHTS,37.820969,-122.33489,,,,,A,NO PEDESTRIANS INVOLVED,3/23/2024 11:10:00 PM,A,VC 22107,False,1,I-80 E/B,,,4/14/2024 12:39:54 PM,B,E,1.55,ARMY RD,M,,D,4/14/2024 12:41:58 PM,4/14/2024 12:41:58 PM,False,True,4,,3/23/2024 11:11:00 PM,2311,False,,,True
2363232,9370-2024-01130,1,False,9370,4/5/2024 5:25:00 PM,1725,176,14,109,Oakland,1,True,True,B,SIDE SWIPE,,Friday,NotApplicable,False,,,False,True,False,ALAMEDA SUPERIOR COURT WILEY W. MANUEL COURTHOUSE,C,OTHER MOTOR VEHICLE,,0,0,CLEAR,,NO UNUSUAL CONDITIONS,,A,DAYLIGHT,37.750077,-122.204978,,,,,A,NO PEDESTRIANS INVOLVED,4/5/2024 5:25:00 PM,A,VC 21658(a),False,1,I-880 S/B,,,4/12/2024 11:09:58 AM,A,N,1371.0,66TH AVE,F,,D,4/12/2024 11:10:01 AM,4/12/2024 11:10:01 AM,False,True,4,,4/5/2024 5:30:00 PM,1730,False,,,True
2363213,9370-2024-01136,1,False,9370,4/5/2024 3:25:00 PM,1525,054,14,109,Oakland,1,True,True,B,SIDE SWIPE,,Friday,NotApplicable,False,M,,False,True,False,ALAMEDA SUPERIOR COURT WILEY W. MANUEL COURTHOUSE,C,OTHER MOTOR VEHICLE,,0,0,CLEAR,,NO UNUSUAL CONDITIONS,,A,DAYLIGHT,37.815891,-122.251259,,,,,A,NO PEDESTRIANS INVOLVED,4/5/2024 3:25:00 PM,A,VC 21658(a),False,1,I-580 W/B,,,4/12/2024 10:51:23 AM,A,E,130.0,CHETWOOD ST,F,,D,4/12/2024 10:51:26 AM,4/12/2024 10:51:26 AM,False,True,4,,4/5/2024 3:50:00 PM,1550,False,,,True
2363180,9370-2024-01132,1,False,9370,4/5/2024 1:45:00 PM,1345,176,14,109,Oakland,1,True,True,B,SIDE SWIPE,,Friday,NotApplicable,False,,,False,True,True,ALAMEDA SUPERIOR COURT WILEY W. MANUEL COURTHOUSE,C,OTHER MOTOR VEHICLE,,0,0,CLEAR,,NO UNUSUAL CONDITIONS,,A,DAYLIGHT,37.737058,-122.193092,,,,,A,NO PEDESTRIANS INVOLVED,4/5/2024 1:45:00 PM,A,VC 21658(a),False,1,I-880 N/B,,,4/12/2024 10:08:26 AM,A,S,450.0,HEGENBERGER RD,F,,D,4/12/2024 10:08:28 AM,4/12/2024 10:08:28 AM,False,True,4,,4/5/2024 1:57:00 PM,1357,False,,,True
2363159,9370-2024-01125,1,False,9370,4/5/2024 5:15:00 AM,515,008,14,109,Oakland,1,True,True,E,HIT OBJECT,,Friday,NotApplicable,False,,,False,True,True,ALAMEDA SUPERIOR COURT ALAMEDA,I,FIXED OBJECT,CONCRETE WALL,0,0,CLOUDY,,NO UNUSUAL CONDITIONS,,C,DARK-STREET LIGHTS,37.829154,-122.293963,,,,,A,NO PEDESTRIANS INVOLVED,4/5/2024 5:15:00 AM,A,VC 22350,False,1,I-80 WB TO I-880 SB/I-580 EB,,,4/12/2024 9:51:20 AM,B,W,161.0,I-80 EB UNDERCROSSING,F,,D,4/12/2024 9:51:37 AM,4/12/2024 9:51:37 AM,False,True,4,,4/5/2024 5:21:00 AM,521,False,,,True
2363102,9370-2024-01180,1,False,9370,3/24/2024 7:45:00 AM,745,176,14,109,Oakland,1,True,True,B,SIDE SWIPE,,Sunday,NotApplicable,False,,,False,True,False,ALAMEDA SUPERIOR COURT WILEY W. MANUEL COURTHOUSE,C,OTHER MOTOR VEHICLE,,0,0,CLEAR,,NO UNUSUAL CONDITIONS,,Late-ReportedA,DAYLIGHT,37.76878,-122.220518,,,,,A,NO PEDESTRIANS INVOLVED,3/24/2024 7:45:00 AM,A,VC 21658(a),False,1,I-880 N/B,,,4/12/2024 9:13:57 AM,A,S,300.0,HIGH ST,F,,D,4/12/2024 9:14:00 AM,4/12/2024 9:14:00 AM,False,True,4,,4/3/2024 3:00:00 PM,1500,False,,,True
2363009,9370-2024-01038,1,False,9370,3/29/2024 1:05:00 PM,1305,055,14,109,Oakland,1,True,True,C,REAR END,,Friday,Yes,False,M,,False,True,False,ALAMEDA SUPERIOR COURT WILEY W. MANUEL COURTHOUSE,C,OTHER MOTOR VEHICLE,,1,0,RAINING,,NO UNUSUAL CONDITIONS,,A,DAYLIGHT,37.826714,-122.287073,,,,,A,NO PEDESTRIANS INVOLVED,3/29/2024 1:05:00 PM,A,VC 22350,False,1,I-580 W/B TO I-80 W/B,,,4/12/2024 8:09:18 AM,B,E,695.0,HOLLIS ST,F,,D,4/12/2024 8:09:28 AM,4/12/2024 8:09:28 AM,False,True,4,,3/29/2024 1:10:00 PM,1310,False,,,True
2362909,9370-2024-01085,1,False,9370,4/2/2024 10:25:00 AM,1025,025,14,109,Oakland,1,True,True,B,SIDE SWIPE,,Tuesday,Yes,False,,,False,True,True,ALAMEDA SUPERIOR COURT WILEY W. MANUEL COURTHOUSE,C,OTHER MOTOR VEHICLE,,1,0,CLEAR,,NO UNUSUAL CONDITIONS,,A,DAYLIGHT,37.833896,-122.266418,,,,,A,NO PEDESTRIANS INVOLVED,4/2/2024 10:25:00 AM,A,VC 21658(A),False,1,SR-24 W/B,,,4/12/2024 6:04:47 AM,A,E,318.0,45TH ST,F,,D,4/12/2024 6:04:49 AM,4/12/2024 6:04:49 AM,False,True,4,,4/2/2024 11:21:00 AM,1121,False,,,True
2362879,9370-2024-00797,1,False,9370,3/7/2024 7:35:00 AM,735,055,14,109,Oakland,1,True,True,B,SIDE SWIPE,,Thursday,NotApplicable,False,,,False,True,True,ALAMEDA SUPERIOR COURT WILEY W. MANUEL COURTHOUSE,C,OTHER MOTOR VEHICLE,,0,0,CLOUDY,,NO UNUSUAL CONDITIONS,,A,DAYLIGHT,37.826535,-122.288562,,,,,A,NO PEDESTRIANS INVOLVED,3/7/2024 7:35:00 AM,A,VC 22350,False,1,I-580 W/B TO I-80 WB,,,4/12/2024 5:08:51 AM,A,E,250.0,MANDELA PKY,F,,D,4/12/2024 5:08:56 AM,4/12/2024 5:08:56 AM,False,True,4,,3/7/2024 7:37:00 AM,737,False,,,True
2362375,9370-2024-00628,1,False,9370,2/23/2024 6:20:00 PM,1820,055,14,109,Oakland,1,True,True,C,REAR END,,Friday,Yes,False,F,,False,True,True,ALAMEDA SUPERIOR COURT WILEY W. MANUEL COURTHOUSE,C,OTHER MOTOR VEHICLE,,1,0,CLEAR,,NO UNUSUAL CONDITIONS,,D,DARK-NO STREET LIGHTS,37.826746,-122.285788,,,,,A,NO PEDESTRIANS INVOLVED,2/23/2024 6:20:00 PM,A,VC 21658(A),False,1,I-580 E/B,,,4/11/2024 2:11:44 PM,A,W,261.0,HOLLIS ST,F,,D,4/11/2024 2:11:47 PM,4/11/2024 2:11:47 PM,False,True,4,,2/23/2024 6:53:00 PM,1853,False,,,True
2362369,9370-2024-00976,1,False,9370,3/24/2024 12:05:00 PM,1205,178,14,109,Oakland,1,True,True,B,SIDE SWIPE,,Sunday,NotApplicable,False,,,False,True,False,ALAMEDA SUPERIOR COURT WILEY W. MANUEL COURTHOUSE,C,OTHER MOTOR VEHICLE,,0,0,CLEAR,,NO UNUSUAL CONDITIONS,,A,DAYLIGHT,37.810089,-122.304367,,,,,A,NO PEDESTRIANS INVOLVED,3/24/2024 12:05:00 PM,A,VC 22107,False,1,I-880 N/B,,,4/11/2024 2:07:48 PM,A,N,770.0,7TH ST,F,,D,4/11/2024 2:07:51 PM,4/11/2024 2:07:51 PM,False,True,4,,3/24/2024 12:09:00 PM,1209,False,,,True
2362193,9370-2024-01168,1,False,9370,4/4/2024 10:58:00 PM,2258,054,14,109,Oakland,1,True,True,E,HIT OBJECT,,Thursday,NotApplicable,False,M,,False,True,False,ALAMEDA SUPERIOR COURT WILEY W. MANUEL COURTHOUSE,I,FIXED OBJECT,CONCRETE BARRIER,0,0,CLEAR,,NO UNUSUAL CONDITIONS,,B,DUSK-DAWN,37.811429,-122.249945,,,,,A,NO PEDESTRIANS INVOLVED,4/4/2024 10:58:00 PM,A,VC 22107,False,1,I-580 WESTBOUND,,,4/11/2024 11:47:25 AM,A,W,467.0,GRAND AVE,F,,D,4/11/2024 11:47:27 AM,4/11/2024 11:47:27 AM,False,True,4,,4/4/2024 11:03:00 PM,2303,False,,,True
2362163,9370-2024-00970,1,False,9370,3/24/2024 12:30:00 PM,1230,176,14,109,Oakland,1,True,True,B,SIDE SWIPE,,Sunday,NotApplicable,False,M,,False,True,False,ALAMEDA SUPERIOR COURT WILEY W. MANUEL COURTHOUSE,C,OTHER MOTOR VEHICLE,,0,0,CLEAR,,NO UNUSUAL CONDITIONS,,A,DAYLIGHT,37.72852,-122.185634,,,,,A,NO PEDESTRIANS INVOLVED,3/24/2024 12:30:00 PM,A,VC 21658(a),False,1,I-880 N/B,,,4/11/2024 11:23:15 AM,A,S,1317.0,98TH AVE,F,,D,4/11/2024 11:23:16 AM,4/11/2024 11:23:16 AM,False,True,4,,3/24/2024 12:45:00 PM,1245,False,,,True
2362156,9370-2024-01020,1,False,9370,3/27/2024 11:20:00 PM,2320,176,14,109,Oakland,1,True,True,E,HIT OBJECT,,Wednesday,Yes,False,,,False,True,True,ALAMEDA SUPERIOR COURT WILEY W. MANUEL COURTHOUSE,A,NON-COLLISION,,1,0,RAINING,,NO UNUSUAL CONDITIONS,,C,DARK-STREET LIGHTS,37.727728,-122.185089,,,,,A,NO PEDESTRIANS INVOLVED,3/27/2024 11:20:00 PM,A,VC 22350,False,1,I-880 N/B,,,4/11/2024 11:19:30 AM,B,S,1715.0,98TH AVE,F,,D,4/11/2024 11:19:33 AM,4/11/2024 11:19:33 AM,False,True,4,False,3/27/2024 11:31:00 PM,2331,False,,,True
2362149,9370-2024-01098,2,False,9370,4/3/2024 5:00:00 PM,1700,024,14,109,Oakland,1,True,True,B,SIDE SWIPE,,Wednesday,Yes,False,,,False,True,False,ALAMEDA SUPERIOR COURT WILEY W. MANUEL COURTHOUSE,C,OTHER MOTOR VEHICLE,,1,0,CLEAR,,NO UNUSUAL CONDITIONS,,A,DAYLIGHT,37.849921,-122.239442,,,,,A,NO PEDESTRIANS INVOLVED,4/3/2024 5:00:00 PM,A,VC 21658(A),False,1,SR-24 E/B,,,8/20/2024 3:47:05 PM,A,W,2000.0,SR-13 S/B,F,,D,4/11/2024 11:14:41 AM,8/20/2024 3:47:08 PM,False,True,4,,4/3/2024 5:10:00 PM,1710,False,,,True
2362057,9370-2024-01118,1,False,9370,4/4/2024 4:30:00 PM,1630,177,14,109,Oakland,1,True,True,B,SIDE SWIPE,,Thursday,NotApplicable,False,,,False,True,False,ALAMEDA SUPERIOR COURT WILEY W. MANUEL COURTHOUSE,C,OTHER MOTOR VEHICLE,,0,0,CLOUDY,,NO UNUSUAL CONDITIONS,,A,DAYLIGHT,37.788553,-122.25166,,,,,A,NO PEDESTRIANS INVOLVED,4/4/2024 4:30:00 PM,A,VC 21658(A),False,1,I-880 S/B,,,4/11/2024 10:16:28 AM,B,N,2280.0,16TH AVE,F,,D,4/11/2024 10:16:30 AM,4/11/2024 10:16:30 AM,False,True,4,,4/4/2024 4:35:00 PM,1635,False,,,True
2361967,9370-2024-01107,1,False,9370,4/4/2024 10:40:00 AM,1040,024,14,109,Oakland,1,True,True,E,HIT OBJECT,,Thursday,Yes,False,,,False,True,False,ALAMEDA SUPERIOR COURT WILEY W. MANUEL COURTHOUSE,I,FIXED OBJECT,CONCRETE BARRIER,1,0,CLOUDY,RAINING,NO UNUSUAL CONDITIONS,,A,DAYLIGHT,37.84731,-122.245721,,,,,A,NO PEDESTRIANS INVOLVED,4/4/2024 10:40:00 AM,A,VC 22107,False,1,SR-24 W/B,,,4/11/2024 9:04:12 AM,B,E,500.0,PRESLEY WAY,F,,D,4/11/2024 9:04:14 AM,4/11/2024 9:04:14 AM,False,True,4,,4/4/2024 10:42:00 AM,1042,False,,,True
2361894,9370-2024-01112,1,False,9370,4/4/2024 2:10:00 PM,1410,052,14,109,Oakland,1,True,True,B,SIDE SWIPE,,Thursday,NotApplicable,False,M,,False,True,False,ALAMEDA SUPERIOR COURT WILEY W. MANUEL COURTHOUSE,C,OTHER MOTOR VEHICLE,,0,0,CLEAR,,NO UNUSUAL CONDITIONS,,A,DAYLIGHT,37.774955,-122.161559,,,,,A,NO PEDESTRIANS INVOLVED,4/4/2024 2:10:00 PM,A,VC 21658(a),False,,I-580 E/B,,,4/11/2024 8:15:50 AM,A,W,1828.0,KELLER AVE,F,,D,4/11/2024 8:15:54 AM,4/11/2024 8:15:54 AM,False,True,4,,4/4/2024 2:24:00 PM,1424,False,,,True
2383389,9370-2024-01359,1,False,9370,4/26/2024 9:25:00 AM,925,176,14,109,Oakland,1,True,True,B,SIDE SWIPE,,Friday,NotApplicable,False,M,,False,True,False,ALAMEDA SUPERIOR COURT WILEY W. MANUEL COURTHOUSE,C,OTHER MOTOR VEHICLE,,0,0,CLEAR,,NO UNUSUAL CONDITIONS,,A,DAYLIGHT,37.763043,-122.216217,,,,,A,NO PEDESTRIANS INVOLVED,4/26/2024 9:25:00 AM,A,VC 21658(a),False,1,INTERSTATE 880 NORTHBOUND,,,5/7/2024 4:56:40 AM,A,S,500.0,HIGH STREET,F,,D,5/7/2024 4:56:42 AM,5/7/2024 4:56:42 AM,False,True,4,,4/26/2024 9:30:00 AM,930,False,,,True
2383038,9370-2024-01395,1,False,9370,4/29/2024 8:00:00 PM,2000,052,14,109,Oakland,1,True,True,H,OTHER,DEER,Monday,NotApplicable,False,,,False,True,False,ALAMEDA SUPERIOR COURT WILEY W. MANUEL COURTHOUSE,H,ANIMAL,DEER,0,0,CLEAR,,NO UNUSUAL CONDITIONS,,C,DARK-STREET LIGHTS,37.754732,-122.150545,,,,,A,NO PEDESTRIANS INVOLVED,4/29/2024 8:00:00 PM,C,,,,I-580 E/B,,,5/6/2024 3:49:38 PM,A,E,400.0,98TH AVENUE,F,,D,5/6/2024 3:49:39 PM,5/6/2024 3:49:39 PM,False,True,4,False,4/29/2024 8:10:00 PM,2010,False,,,
2382791,9370-2024-01435,1,False,9370,5/2/2024 2:40:00 PM,1440,052,14,109,Oakland,1,True,True,E,HIT OBJECT,,Thursday,NotApplicable,False,,,False,True,True,ALAMEDA SUPERIOR COURT WILEY W. MANUEL COURTHOUSE,I,FIXED OBJECT,ATTENUATOR,0,0,CLEAR,,NO UNUSUAL CONDITIONS,,A,DAYLIGHT,37.785613,-122.193959,,,,,A,NO PEDESTRIANS INVOLVED,5/2/2024 2:40:00 PM,A,VC 22107,False,1,I-580 E/B TO MACARTHUR BOULEVARD,,,5/6/2024 12:46:54 PM,A,W,1754.0,MACARTHUR BLVD,F,,D,5/6/2024 12:46:56 PM,5/6/2024 12:46:56 PM,False,True,4,,5/2/2024 2:45:00 PM,1445,False,,,True
2382776,9370-2024-01434,1,False,9370,5/2/2024 3:04:00 PM,1504,052,14,109,Oakland,1,True,True,C,REAR END,,Thursday,NotApplicable,False,,,False,True,True,ALAMEDA SUPERIOR COURT WILEY W. MANUEL COURTHOUSE,C,OTHER MOTOR VEHICLE,,0,0,CLEAR,,NO UNUSUAL CONDITIONS,,A,DAYLIGHT,37.785932,-122.194639,,,,,A,NO PEDESTRIANS INVOLVED,5/2/2024 3:04:00 PM,A,VC 22350,False,1,I-580 E/B TO MACARTHUR BOULEVARD,,,5/6/2024 12:38:15 PM,A,W,1987.0,MACARTHUR BOULEVARD,F,,D,5/6/2024 12:38:19 PM,5/6/2024 12:38:19 PM,False,True,4,,5/2/2024 3:10:00 PM,1510,False,,,True
2382748,9370-2024-01360,1,False,9370,4/26/2024 11:10:00 AM,1110,176,14,109,Oakland,1,True,True,C,REAR END,,Friday,NotApplicable,False,,,False,True,False,ALAMEDA SUPERIOR COURT WILEY W. MANUEL COURTHOUSE,C,OTHER MOTOR VEHICLE,,0,0,CLEAR,,NO UNUSUAL CONDITIONS,,A,DAYLIGHT,37.776974,-122.23691,,,,,A,NO PEDESTRIANS INVOLVED,4/26/2024 11:10:00 AM,A,VC 22350,False,1,I-880 SB FROM KENNEDY STREET,,,5/6/2024 12:13:46 PM,A,S,100.0,KENNEDY STREET,F,,A,5/6/2024 12:13:48 PM,5/6/2024 12:13:48 PM,False,True,4,,4/26/2024 11:15:00 AM,1115,False,,,True
2382744,9370-2024-01386,1,False,9370,4/28/2024 8:16:00 PM,2016,013,14,109,Oakland,1,True,True,A,HEAD-ON,,Sunday,NotApplicable,False,,,False,True,False,ALAMEDA SUPERIOR COURT WILEY W. MANUEL COURTHOUSE,I,FIXED OBJECT,CENTER DIVIDE,0,0,CLEAR,,NO UNUSUAL CONDITIONS,,C,DARK-STREET LIGHTS,37.842634,-122.225808,,,,,A,NO PEDESTRIANS INVOLVED,4/28/2024 8:16:00 PM,A,VC 22350,False,1,SR-13 S/B TO BROADWAY TERRACE,,,5/6/2024 12:07:25 PM,A,N,195.0,BROADWAY TER,F,,D,5/6/2024 12:07:30 PM,5/6/2024 12:07:30 PM,False,True,4,True,4/28/2024 8:20:00 PM,2020,False,,,True
2382737,9370-2024-01349,1,False,9370,4/25/2024 9:55:00 AM,955,055,14,109,Oakland,1,True,True,C,REAR END,,Thursday,NotApplicable,False,,,False,True,False,ALAMEDA SUPERIOR COURT WILEY W. MANUEL COURTHOUSE,C,OTHER MOTOR VEHICLE,,0,0,CLEAR,,NO UNUSUAL CONDITIONS,,A,DAYLIGHT,37.825192,-122.270458,,,,,A,NO PEDESTRIANS INVOLVED,4/25/2024 9:55:00 AM,A,VC 21658(A),False,1,SR24 W/B TO I-580 W/B,,,5/6/2024 12:03:50 PM,A,E,150.0,MARKET STREET,F,,D,5/6/2024 12:03:53 PM,5/6/2024 12:03:53 PM,False,True,4,,4/25/2024 10:00:00 AM,1000,False,,,True
2382505,9370-2024-01380,1,False,9370,4/28/2024 5:47:00 AM,547,053,14,109,Oakland,1,True,True,E,HIT OBJECT,,Sunday,Yes,False,F,,False,True,True,ALAMEDA SUPERIOR COURT WILEY W. MANUEL COURTHOUSE,I,FIXED OBJECT,CONCRETE MEDIAN,1,0,CLEAR,,NO UNUSUAL CONDITIONS,,C,DARK-STREET LIGHTS,37.799687,-122.223063,,,,,A,NO PEDESTRIANS INVOLVED,4/28/2024 5:47:00 AM,A,VC 22107,False,1,I-580 E/B,,,5/6/2024 9:36:05 AM,A,W,1584.0,FRUITVALE AVENUE,F,,D,5/6/2024 9:36:08 AM,5/6/2024 9:36:08 AM,False,True,4,,4/28/2024 5:51:00 AM,551,True,AREA / EMBEDDED,,True
2382431,9370-2024-01372,2,False,9370,4/27/2024 8:43:00 AM,843,025,14,109,Oakland,1,True,True,C,REAR END,,Saturday,NotApplicable,False,,,False,True,True,ALAMEDA SUPERIOR COURT WILEY W. MANUEL COURTHOUSE,C,OTHER MOTOR VEHICLE,,0,0,CLEAR,,NO UNUSUAL CONDITIONS,,A,DAYLIGHT,37.830345,-122.267328,,,,,A,NO PEDESTRIANS INVOLVED,4/27/2024 8:43:00 AM,A,VC 22350,False,1,SR-24 W/B TO I-580 W/B,,,6/3/2024 4:11:13 PM,A,W,157.0,42ND ST,F,,D,5/6/2024 8:57:03 AM,6/3/2024 4:11:17 PM,False,True,4,,4/27/2024 8:44:00 AM,844,False,,,True
2382260,9370-2024-01443,1,False,9370,4/20/2024 2:30:00 AM,230,025,14,109,Oakland,1,True,True,E,HIT OBJECT,,Saturday,No,False,M,,False,True,True,ALAMEDA SUPERIOR COURT WILEY W. MANUEL COURTHOUSE,I,FIXED OBJECT,METAL GUARDRAIL,0,0,CLEAR,,NO UNUSUAL CONDITIONS,,C,DARK-STREET LIGHTS,37.830198,-122.267274,,,,,A,NO PEDESTRIANS INVOLVED,4/20/2024 2:30:00 AM,A,VC 22107,False,1,SR-24 W/B TO I-580,,,5/6/2024 7:00:46 AM,A,E,184.0,40TH ST,F,,D,5/6/2024 7:00:48 AM,5/6/2024 7:00:48 AM,False,True,4,,4/20/2024 2:35:00 AM,235,False,,,
2382201,9370-2024-01336,1,False,9370,4/24/2024 12:15:00 AM,15,025,14,109,Oakland,1,True,True,C,REAR END,,Wednesday,Yes,False,,,False,True,True,ALAMEDA SUPERIOR COURT WILEY W. MANUEL COURTHOUSE,C,OTHER MOTOR VEHICLE,,1,0,CLEAR,,NO UNUSUAL CONDITIONS,,D,DARK-NO STREET LIGHTS,37.830186,-122.267165,,,,,A,NO PEDESTRIANS INVOLVED,4/24/2024 12:15:00 AM,A,VC 23152(a),True,1,SR-24 W/B,,,5/6/2024 5:08:58 AM,A,E,100.0,40TH STREET,F,,D,5/6/2024 5:09:00 AM,5/6/2024 5:09:00 AM,False,True,4,,4/24/2024 12:25:00 AM,25,False,,,True
2382199,9370-2024-01339,1,False,9370,4/24/2024 4:10:00 PM,1610,176,14,109,Oakland,1,True,True,C,REAR END,,Wednesday,NotApplicable,False,M,,False,True,False,ALAMEDA SUPERIOR COURT WILEY W. MANUEL COURTHOUSE,C,OTHER MOTOR VEHICLE,,0,0,CLEAR,,NO UNUSUAL CONDITIONS,,A,DAYLIGHT,37.742077,-122.197202,,,,,A,NO PEDESTRIANS INVOLVED,4/24/2024 4:10:00 PM,A,VC 22350,False,1,I-880 N/B FROM HEGENBERGER ROAD,,,5/6/2024 4:34:29 AM,A,N,212.0,HEGENBERGER RD,F,,A,5/6/2024 4:34:31 AM,5/6/2024 4:34:31 AM,False,True,4,,4/24/2024 4:13:00 PM,1613,False,,,True
2381611,9370-2024-01417,1,False,9370,4/29/2024 8:55:00 PM,2055,052,14,109,Oakland,1,True,True,E,HIT OBJECT,,Monday,NotApplicable,False,,,False,True,False,ALAMEDA SUPERIOR COURT WILEY W. MANUEL COURTHOUSE,H,ANIMAL,DEER,0,0,CLEAR,,NO UNUSUAL CONDITIONS,,D,DARK-NO STREET LIGHTS,37.757472,-122.148274,,,,,A,NO PEDESTRIANS INVOLVED,4/29/2024 8:55:00 PM,C,,,,I-580 E/B,,,5/3/2024 6:58:55 PM,A,W,1580.0,98TH AVENUE,F,,D,5/3/2024 6:58:56 PM,5/3/2024 6:58:56 PM,False,True,4,,4/29/2024 9:00:00 PM,2100,False,,,True