collision-id,report-number,report-version,is-preliminary,ncic-code,crash-date-time,crash-time-description,beat,city-id,city-code,city-name,county-code,city-is-active,city-is-incorporated,collision-type-code,collision-type-description,collision-type-other-desc,day-of-week,dispatch-notified,has-photographs,hit-run,is-attachments-mailed,is-deleted,is-highway-related,is-tow-away,judicial-district,motor-vehicle-involved-with-code,motor-vehicle-involved-with-desc,motor-vehicle-involved-with-other-desc,number-injured,number-killed,weather-1,weather-2,road-condition-1,road-condition-2,special-condition-lighting-code,lighting-description,latitude,longitude,milepost-direction,milepost-distance,milepost-marker,milepost-unit-of-measure,pedestrian-action-code,pedestrian-action-desc,prepared-date,primary-collision-factor-code,primary-collision-factor-violation,primary-collision-factor-is-cited,primary-collision-party-number,primary-road,reporting-district,reporting-district-code,reviewed-date,roadway-surface-code,secondary-direction,secondary-distance,secondary-road,secondary-unit-of-measure,sketch-desc,traffic-control-device-code,created-date,modified-date,is-county-road,is-freeway,chp-555-version,is-additonal-object-struck,notification-date,notification-time-description,has-digital-media-files,evidence-number,is-location-refer-to-narrative,is-aoi-one-same-as-location
2416295,9370-2024-01830,1,False,9370,6/4/2024 5:35:00 PM,1735,052,14,109,Oakland,1,True,True,C,REAR END,,Tuesday,NotApplicable,False,M,,False,True,False,ALAMEDA SUPERIOR COURT ALAMEDA,C,OTHER MOTOR VEHICLE,,0,0,CLEAR,,NO UNUSUAL CONDITIONS,,A,DAYLIGHT,37.78387,-122.181823,,,,,A,NO PEDESTRIANS INVOLVED,6/4/2024 5:35:00 PM,A,VC 22350,False,1,I-580 E/B,,,6/17/2024 12:06:25 PM,A,W,316.19,KUHNLE AVE U/C,F,,D,6/17/2024 12:06:27 PM,6/17/2024 12:06:27 PM,False,True,4,,6/4/2024 5:45:00 PM,1745,False,,,True
2416270,9370-2024-01866,1,False,9370,6/5/2024 5:00:00 PM,1700,024,14,109,Oakland,1,True,True,B,SIDE SWIPE,,Wednesday,NotApplicable,False,,,False,True,False,ALAMEDA SUPERIOR COURT WILEY W. MANUEL COURTHOUSE,I,FIXED OBJECT,CONCRETE BARRIER,0,0,CLEAR,,HOLES- DEEPRUT*,,A,DAYLIGHT,37.845501,-122.249732,,,,,A,NO PEDESTRIANS INVOLVED,6/5/2024 5:00:00 PM,A,VC 22107,False,1,SR-24 WESTBOUND,,,6/17/2024 11:47:14 AM,A,W,600.0,BROADWAY,F,,D,6/17/2024 11:47:18 AM,6/17/2024 11:47:18 AM,False,True,4,False,6/5/2024 5:05:00 PM,1705,False,,,True
2416207,9370-2024-01938,1,False,9370,6/13/2024 7:10:00 PM,1910,023,14,109,Oakland,1,True,True,B,SIDE SWIPE,,Thursday,NotApplicable,False,,,False,True,False,ALAMEDA SUPERIOR COURT WILEY W. MANUEL COURTHOUSE,C,OTHER MOTOR VEHICLE,,0,0,CLEAR,,NO UNUSUAL CONDITIONS,,A,DAYLIGHT,37.855471,-122.217117,,,,,A,NO PEDESTRIANS INVOLVED,6/13/2024 7:10:00 PM,A,VC 21658(A),False,,SR-24 W/B,,,6/17/2024 10:57:32 AM,A,E,2430.0,KAY RD,F,,D,6/17/2024 10:57:34 AM,6/17/2024 10:57:34 AM,False,True,4,,6/13/2024 7:20:00 PM,1920,False,,,True
2415713,9335-2024-01348,1,False,9335,6/11/2024 6:08:00 PM,1808,082,14,109,Oakland,1,True,True,B,SIDE SWIPE,,Tuesday,NotApplicable,False,M,,False,True,False,ALAMEDA SUPERIOR COURT ALAMEDA,C,OTHER MOTOR VEHICLE,,0,0,CLEAR,,NO UNUSUAL CONDITIONS,,A,DAYLIGHT,37.824388,-122.314979,,,,,A,NO PEDESTRIANS INVOLVED,6/11/2024 6:08:00 PM,B,UNSAFE MERGE,,1,I-80 W/B,,,6/16/2024 6:46:35 PM,A,W,337.0,SAN FRANCISCO/OAKLAND BAY BRIDGE TOLL PLAZA,F,,D,6/16/2024 6:46:38 PM,6/16/2024 6:46:38 PM,False,True,4,,6/11/2024 6:10:00 PM,1810,False,,,
2415695,9335-2024-01337,1,False,9335,6/10/2024 8:50:00 AM,850,082,14,109,Oakland,1,True,True,E,HIT OBJECT,,Monday,Yes,False,,,False,True,False,ALAMEDA SUPERIOR COURT ALAMEDA,I,FIXED OBJECT,CONCRETE WALL,0,0,CLEAR,,NO UNUSUAL CONDITIONS,,A,DAYLIGHT,37.824916,-122.313948,,,,,A,NO PEDESTRIANS INVOLVED,6/10/2024 8:50:00 AM,A,VC 21658(A),False,1,I-80 W/B,,,6/16/2024 1:40:33 PM,A,W,3.0,THE WEST EDGE OF THE SFOBB TOLL PLAZA,F,,A,6/16/2024 1:40:35 PM,6/16/2024 1:40:35 PM,False,True,4,,6/10/2024 8:55:00 AM,855,True,EMBEDDED,,True
2415026,9370-2024-01824,1,False,9370,6/4/2024 2:15:00 PM,1415,052,14,109,Oakland,1,True,True,C,REAR END,,Tuesday,NotApplicable,False,,,False,True,False,ALAMEDA SUPERIOR COURT WILEY W. MANUEL COURTHOUSE,C,OTHER MOTOR VEHICLE,,3,0,CLEAR,,NO UNUSUAL CONDITIONS,,A,DAYLIGHT,37.77866,-122.169543,,,,,A,NO PEDESTRIANS INVOLVED,6/4/2024 2:15:00 PM,A,VC 22350,False,1,I-580 E/B FROM SEMINARY AVENUE,,,6/14/2024 1:42:58 PM,A,E,650.0,SEMINARY AVENUE,F,,D,6/14/2024 1:43:02 PM,6/14/2024 1:43:02 PM,False,True,4,,6/4/2024 2:20:00 PM,1420,False,,,True
2414867,9335-2024-00475,1,False,9335,2/29/2024 12:06:00 PM,1206,084,14,109,Oakland,1,True,True,E,HIT OBJECT,,Thursday,NotApplicable,False,,,False,True,False,ALAMEDA SUPERIOR COURT WILEY W. MANUEL COURTHOUSE,I,FIXED OBJECT,METAL ATENUATOR,2,0,CLOUDY,,NO UNUSUAL CONDITIONS,,A,DAYLIGHT,37.823654,-122.31434,,,,,A,NO PEDESTRIANS INVOLVED,2/29/2024 12:06:00 PM,A,VC 22107,False,1,I-80 EASTBOUND,,,6/14/2024 10:31:21 AM,B,W,120.0,THE SFOBB TOLL PLAZA,F,,D,6/14/2024 10:31:26 AM,6/14/2024 10:31:26 AM,False,True,4,,2/29/2024 12:15:00 PM,1215,True,EMBEDDED,,False
2414834,9335-2024-00977,1,False,9335,4/30/2024 5:44:00 AM,544,082,14,109,Oakland,1,True,True,B,SIDE SWIPE,,Tuesday,NotApplicable,False,M,,False,True,True,ALAMEDA SUPERIOR COURT WILEY W. MANUEL COURTHOUSE,C,OTHER MOTOR VEHICLE,,0,0,CLEAR,,NO UNUSUAL CONDITIONS,,On-Duty Emergency VehicleC,DARK-STREET LIGHTS,37.8245,-122.313879,,,,,A,NO PEDESTRIANS INVOLVED,4/30/2024 5:44:00 AM,A,VC 21658(A),False,1,I-80 W/B,,,6/14/2024 9:58:18 AM,A,W,50.0,SFOBB TOLL PLAZA,F,,D,6/14/2024 9:58:21 AM,6/14/2024 9:58:21 AM,False,True,4,,4/30/2024 5:45:00 AM,545,True,AREA PHOTO FILE,,True
2413923,9370-2024-01831,1,False,9370,6/5/2024 8:40:00 AM,840,053,14,109,Oakland,1,True,True,C,REAR END,,Wednesday,NotApplicable,False,,,False,True,False,ALAMEDA SUPERIOR COURT WILEY W. MANUEL COURTHOUSE,C,OTHER MOTOR VEHICLE,,0,0,CLEAR,,NO UNUSUAL CONDITIONS,,A,DAYLIGHT,37.798076,-122.215768,,,,,A,NO PEDESTRIANS INVOLVED,6/5/2024 8:40:00 AM,A,VC 22350,False,1,I-580 W/B,,,6/13/2024 10:10:08 AM,A,E,344.0,FRUITVALE AVENUE,F,,D,6/13/2024 10:10:11 AM,6/13/2024 10:10:11 AM,False,True,4,,6/5/2024 8:45:00 AM,845,False,,,True
2434068,9370-2024-02128,2,False,9370,6/30/2024 6:20:00 PM,1820,176,14,109,Oakland,1,True,True,C,REAR END,,Sunday,NotApplicable,False,,,False,True,True,ALAMEDA SUPERIOR COURT WILEY W. MANUEL COURTHOUSE,C,OTHER MOTOR VEHICLE,,0,0,CLEAR,,NO UNUSUAL CONDITIONS,,A,DAYLIGHT,37.746348,-122.201643,,,,,A,NO PEDESTRIANS INVOLVED,6/30/2024 6:20:00 PM,A,VC 22350,False,1,I-880 S/B,,,9/10/2024 11:17:27 AM,A,N,1560.0,HEGENBERGER RD,F,,D,7/9/2024 10:48:19 AM,9/10/2024 11:17:29 AM,False,True,4,,6/30/2024 6:21:00 PM,1821,False,,,True
2433877,9370-2024-02118,1,False,9370,6/29/2024 11:10:00 PM,2310,053,14,109,Oakland,1,True,True,B,SIDE SWIPE,,Saturday,NotApplicable,False,M,,False,True,True,ALAMEDA SUPERIOR COURT WILEY W. MANUEL COURTHOUSE,C,OTHER MOTOR VEHICLE,,0,0,CLEAR,,NO UNUSUAL CONDITIONS,,D,DARK-NO STREET LIGHTS,37.791774,-122.202752,,,,,A,NO PEDESTRIANS INVOLVED,6/29/2024 11:10:00 PM,A,VC 21658(A),False,1,I-580 W/B,,,7/9/2024 8:45:20 AM,A,E,182.0,35TH AVE,F,,D,7/9/2024 8:45:23 AM,7/9/2024 8:45:23 AM,False,True,4,,6/29/2024 11:15:00 PM,2315,False,,,True
2433771,9370-2024-02112,1,False,9370,6/28/2024 4:15:00 PM,1615,013,14,109,Oakland,1,True,True,C,REAR END,,Friday,NotApplicable,False,,,False,True,False,ALAMEDA SUPERIOR COURT WILEY W. MANUEL COURTHOUSE,C,OTHER MOTOR VEHICLE,,1,0,CLEAR,,NO UNUSUAL CONDITIONS,,A,DAYLIGHT,37.78514,-122.179114,,,,,A,NO PEDESTRIANS INVOLVED,6/28/2024 4:15:00 PM,A,VC 22350,False,1,SR-13 S/B,,,7/9/2024 6:37:27 AM,A,N,420.0,I-580 W/B,F,,D,7/9/2024 6:37:28 AM,7/9/2024 6:37:28 AM,False,True,4,,6/28/2024 4:20:00 PM,1620,False,,,True
2433764,9370-2024-02130,1,False,9370,6/28/2024 12:50:00 PM,1250,176,14,109,Oakland,1,True,True,C,REAR END,,Friday,Yes,False,M,,False,True,True,ALAMEDA SUPERIOR COURT WILEY W. MANUEL COURTHOUSE,C,OTHER MOTOR VEHICLE,,1,0,CLEAR,,NO UNUSUAL CONDITIONS,,A,DAYLIGHT,37.771059,-122.222411,,,,,A,NO PEDESTRIANS INVOLVED,6/28/2024 12:50:00 PM,A,VC 22350,False,1,I-880 N/B,,,7/9/2024 6:30:31 AM,A,N,610.0,HIGH ST,F,,D,7/9/2024 6:30:33 AM,7/9/2024 6:30:33 AM,False,True,4,,6/28/2024 1:00:00 PM,1300,False,,,True
2433757,9370-2024-02099,1,False,9370,6/28/2024 11:08:00 AM,1108,177,14,109,Oakland,1,True,True,B,SIDE SWIPE,,Friday,NotApplicable,False,,,False,True,False,ALAMEDA SUPERIOR COURT WILEY W. MANUEL COURTHOUSE,C,OTHER MOTOR VEHICLE,,0,0,CLEAR,,NO UNUSUAL CONDITIONS,,A,DAYLIGHT,37.792925,-122.262962,,,,,A,NO PEDESTRIANS INVOLVED,6/28/2024 11:08:00 AM,A,VC 21658(A),False,1,I-880 N/B,,,7/9/2024 6:22:19 AM,A,S,1312.0,OAK ST,F,,D,7/9/2024 6:22:22 AM,7/9/2024 6:22:22 AM,False,True,4,,6/28/2024 11:13:00 AM,1113,False,,,True
2432960,9370-2024-01941,1,False,9370,6/13/2024 5:10:00 PM,1710,098,14,109,Oakland,1,True,True,B,SIDE SWIPE,,Thursday,NotApplicable,False,,,False,True,True,ALAMEDA SUPERIOR COURT WILEY W. MANUEL COURTHOUSE,C,OTHER MOTOR VEHICLE,,3,0,CLEAR,,NO UNUSUAL CONDITIONS,,A,DAYLIGHT,37.803074,-122.280232,,,,,A,NO PEDESTRIANS INVOLVED,6/13/2024 5:10:00 PM,A,VC 21658(a),False,4,I-980 W/B TO I-880 S/B,,,7/8/2024 12:02:28 PM,A,E,325.0,7TH STREET,F,,D,7/8/2024 12:02:31 PM,7/8/2024 12:02:31 PM,False,True,4,True,6/13/2024 5:15:00 PM,1715,True,AREA PHOTO FILE,,True
2432939,9370-2024-02058,1,False,9370,6/24/2024 12:46:00 PM,1246,052,14,109,Oakland,1,True,True,C,REAR END,,Monday,NotApplicable,False,M,,False,True,False,ALAMEDA SUPERIOR COURT WILEY W. MANUEL COURTHOUSE,C,OTHER MOTOR VEHICLE,,0,0,CLEAR,,NO UNUSUAL CONDITIONS,,A,DAYLIGHT,37.738174,-122.141589,,,,,A,NO PEDESTRIANS INVOLVED,6/24/2024 12:46:00 PM,A,VC 22350,False,1,I-580 E/B,,,7/8/2024 11:51:55 AM,A,W,1393.0,DUTTON AVENUE,F,,D,7/8/2024 11:51:57 AM,7/8/2024 11:51:57 AM,False,True,4,,6/24/2024 12:48:00 PM,1248,False,,,True
2432923,9370-2024-02125,1,False,9370,6/28/2024 8:49:00 AM,849,055,14,109,Oakland,1,True,True,C,REAR END,,Friday,NotApplicable,False,,,False,True,False,ALAMEDA SUPERIOR COURT WILEY W. MANUEL COURTHOUSE,C,OTHER MOTOR VEHICLE,,0,0,CLEAR,,NO UNUSUAL CONDITIONS,,A,DAYLIGHT,37.827152,-122.285454,,,,,A,NO PEDESTRIANS INVOLVED,6/28/2024 8:49:00 AM,A,VC 22350,False,1,I-580 W/B,,,7/8/2024 11:41:42 AM,A,W,90.0,LOUISE ST,F,,D,7/8/2024 11:41:44 AM,7/8/2024 11:41:44 AM,False,True,4,,6/28/2024 8:54:00 AM,854,False,,,True
2432875,9370-2024-02121,1,False,9370,6/30/2024 6:14:00 AM,614,901,14,109,Oakland,1,True,True,C,REAR END,,Sunday,Yes,False,,,False,False,True,ALAMEDA SUPERIOR COURT WILEY W. MANUEL COURTHOUSE,C,OTHER MOTOR VEHICLE,,3,0,CLEAR,,NO UNUSUAL CONDITIONS,,B,DUSK-DAWN,37.730837,-122.190318,,,,,A,NO PEDESTRIANS INVOLVED,6/30/2024 6:14:00 AM,A,VC 22350,False,1,98TH AVENUE,,,7/8/2024 11:04:54 AM,A,E,368.0,EMPIRE ROAD,F,,D,7/8/2024 11:04:56 AM,7/8/2024 11:04:56 AM,False,False,4,,6/30/2024 6:15:00 AM,615,False,,,True
2432794,9370-2024-02093,2,False,9370,6/27/2024 5:55:00 PM,1755,177,14,109,Oakland,1,True,True,C,REAR END,,Thursday,NotApplicable,False,M,,False,True,False,ALAMEDA SUPERIOR COURT WILEY W. MANUEL COURTHOUSE,C,OTHER MOTOR VEHICLE,,0,0,CLEAR,,NO UNUSUAL CONDITIONS,,A,DAYLIGHT,37.789645,-122.257175,,,,,A,NO PEDESTRIANS INVOLVED,6/27/2024 5:55:00 PM,A,VC 22350,False,1,I-880 S/B,,,8/12/2024 12:45:08 PM,A,S,350.0,BROOKLYN BASIN WAY,F,,D,7/8/2024 10:05:20 AM,8/12/2024 12:45:10 PM,False,True,4,,6/27/2024 5:59:00 PM,1759,False,,,True
2432697,9370-2024-02105,1,False,9370,6/27/2024 5:50:00 AM,550,176,14,109,Oakland,1,True,True,B,SIDE SWIPE,,Thursday,NotApplicable,False,M,,False,True,True,ALAMEDA SUPERIOR COURT WILEY W. MANUEL COURTHOUSE,C,OTHER MOTOR VEHICLE,,1,0,CLOUDY,,NO UNUSUAL CONDITIONS,,A,DAYLIGHT,37.734482,-122.191026,,,,,A,NO PEDESTRIANS INVOLVED,6/27/2024 5:50:00 AM,A,VC 21658(A),False,,I-880 S/B,,,7/8/2024 9:06:36 AM,A,N,101.0,98TH AVENUE,F,,D,7/8/2024 9:06:38 AM,7/8/2024 9:06:38 AM,False,True,4,,6/27/2024 6:55:00 AM,655,False,,,True
2432564,9370-2024-02080,1,False,9370,6/26/2024 4:04:00 PM,1604,052,14,109,Oakland,1,True,True,C,REAR END,,Wednesday,NotApplicable,False,,,False,True,True,ALAMEDA SUPERIOR COURT WILEY W. MANUEL COURTHOUSE,C,OTHER MOTOR VEHICLE,,0,0,CLEAR,,NO UNUSUAL CONDITIONS,,A,DAYLIGHT,37.778235,-122.167921,,,,,A,NO PEDESTRIANS INVOLVED,6/26/2024 4:04:00 PM,A,VC 22350,True,1,I-580 W/B,,,7/8/2024 6:54:36 AM,A,E,1663.0,KUHNLE AVENUE,F,,D,7/8/2024 6:54:38 AM,7/8/2024 6:54:38 AM,False,True,4,,6/26/2024 4:08:00 PM,1608,False,,,True
2432550,9370-2024-02072,2,False,9370,6/26/2024 2:50:00 AM,250,055,14,109,Oakland,1,True,True,C,REAR END,,Wednesday,NotApplicable,False,,,False,True,False,ALAMEDA SUPERIOR COURT WILEY W. MANUEL COURTHOUSE,C,OTHER MOTOR VEHICLE,,1,0,CLOUDY,,NO UNUSUAL CONDITIONS,,D,DARK-NO STREET LIGHTS,37.827639,-122.283249,,,,,A,NO PEDESTRIANS INVOLVED,6/26/2024 2:50:00 AM,C,,,1,I-580 W/B,,,8/6/2024 3:57:09 PM,A,E,365.0,HOLLIS ST,F,,D,7/8/2024 6:33:26 AM,8/6/2024 3:57:10 PM,False,True,4,,6/26/2024 2:55:00 AM,255,False,,,True
2432506,9370-2024-01763,2,False,9370,5/31/2024 5:55:00 PM,1755,176,14,109,Oakland,1,True,True,E,HIT OBJECT,,Friday,NotApplicable,False,M,,False,True,False,ALAMEDA SUPERIOR COURT WILEY W. MANUEL COURTHOUSE,I,FIXED OBJECT,CONCRETE WALL,0,0,CLEAR,,OTHER* - MEAT ON ROADWAY,,A,DAYLIGHT,37.77419,-122.23141,,,,,A,NO PEDESTRIANS INVOLVED,5/31/2024 5:55:00 PM,A,VC 23114(a),True,2,I-880 N/B,,,7/12/2024 7:48:02 AM,D,S,381.0,29TH AVENUE,F,,D,7/8/2024 5:22:23 AM,7/12/2024 7:48:04 AM,False,True,4,True,5/31/2024 5:56:00 PM,1756,True,AREA / EMBEDDED,,True
2432504,9370-2024-01791,1,False,9370,6/1/2024 10:55:00 PM,2255,013,14,109,Oakland,1,True,True,B,SIDE SWIPE,,Saturday,Yes,False,F,,False,True,True,ALAMEDA SUPERIOR COURT WILEY W. MANUEL COURTHOUSE,C,OTHER MOTOR VEHICLE,,1,0,CLEAR,,NO UNUSUAL CONDITIONS,,D,DARK-NO STREET LIGHTS,37.849163,-122.230476,,,,,A,NO PEDESTRIANS INVOLVED,6/1/2024 10:55:00 PM,A,VC 21658(A),False,1,SR-24 W/B,,,7/8/2024 5:12:51 AM,A,E,80.0,SR-13 S/B,F,,D,7/8/2024 5:12:52 AM,7/8/2024 5:12:52 AM,False,True,4,,6/1/2024 10:58:00 PM,2258,False,,,True
2432503,9370-2024-01760,2,False,9370,5/31/2024 5:50:00 PM,1750,176,14,109,Oakland,1,True,True,F,OVERTURNED,,Friday,NotApplicable,False,M,,False,True,False,ALAMEDA SUPERIOR COURT WILEY W. MANUEL COURTHOUSE,A,NON-COLLISION,,0,0,CLEAR,,OTHER* - MEAT ON ROADWAY,,A,DAYLIGHT,37.774507,-122.231957,,,,,A,NO PEDESTRIANS INVOLVED,5/31/2024 5:50:00 PM,A,VC 23114(a),False,2,I-880 N/B,,,7/12/2024 7:50:16 AM,D,S,357.0,29TH AVENUE,F,,D,7/8/2024 5:10:34 AM,7/12/2024 7:50:19 AM,False,True,4,,5/31/2024 5:55:00 PM,1755,True,AREA / EMBEDDED,,True
2431705,9370-2024-02076,1,False,9370,6/26/2024 8:30:00 AM,830,176,14,109,Oakland,1,True,True,B,SIDE SWIPE,,Wednesday,NotApplicable,False,M,,False,True,False,ALAMEDA SUPERIOR COURT WILEY W. MANUEL COURTHOUSE,C,OTHER MOTOR VEHICLE,,0,0,CLEAR,,NO UNUSUAL CONDITIONS,,A,DAYLIGHT,37.7322,-122.189094,,,,,A,NO PEDESTRIANS INVOLVED,6/26/2024 8:30:00 AM,A,VC 21658(A),False,1,I-880 S/B,,,7/5/2024 2:40:23 PM,A,N,165.0,98TH AVENUE,F,,D,7/5/2024 2:40:27 PM,7/5/2024 2:40:27 PM,False,True,4,,6/26/2024 8:32:00 AM,832,False,,,True
2431372,9370-2024-02068,1,False,9370,6/25/2024 7:55:00 AM,755,177,14,109,Oakland,1,True,True,C,REAR END,,Tuesday,NotApplicable,False,,,False,True,True,ALAMEDA SUPERIOR COURT WILEY W. MANUEL COURTHOUSE,C,OTHER MOTOR VEHICLE,,0,0,CLEAR,,NO UNUSUAL CONDITIONS,,A,DAYLIGHT,37.772203,-122.225051,,,,,A,NO PEDESTRIANS INVOLVED,6/25/2024 7:55:00 AM,A,VC 22350,False,1,I-880 S/B,,,7/5/2024 9:02:30 AM,A,N,1240.0,42ND AVE,F,,A,7/5/2024 9:02:32 AM,7/5/2024 9:02:32 AM,False,True,4,,6/25/2024 8:04:00 AM,804,False,,True,
2431346,9370-2024-02106,1,False,9370,6/28/2024 2:35:00 PM,1435,024,14,109,Oakland,1,True,True,C,REAR END,,Friday,NotApplicable,False,,,False,True,False,ALAMEDA SUPERIOR COURT WILEY W. MANUEL COURTHOUSE,C,OTHER MOTOR VEHICLE,,0,0,CLEAR,,NO UNUSUAL CONDITIONS,,A,DAYLIGHT,37.848548,-122.227581,,,,,A,NO PEDESTRIANS INVOLVED,6/28/2024 2:35:00 PM,A,VC 22350,False,1,SR-24 E/B,,,7/5/2024 8:31:33 AM,A,E,95.0,SR-13 S/B,F,,D,7/5/2024 8:31:34 AM,7/5/2024 8:31:34 AM,False,True,4,False,6/28/2024 2:40:00 PM,1440,False,,,True
2431286,9345-2024-02510,1,False,9345,7/4/2024 6:35:00 AM,635,904,14,109,Oakland,1,True,True,B,SIDE SWIPE,,Thursday,NotApplicable,False,,,False,True,False,ALAMEDA SUPERIOR COURT WILEY W. MANUEL COURTHOUSE,C,OTHER MOTOR VEHICLE,,0,0,CLEAR,,NO UNUSUAL CONDITIONS,,On-Duty Emergency VehicleA,DAYLIGHT,37.785861,-122.24433,,,,,A,NO PEDESTRIANS INVOLVED,7/4/2024 6:35:00 AM,A,VC 22350,False,1,I-880 S/B,,,7/5/2024 7:19:04 AM,A,S,150.0,16TH AVENUE,F,,D,7/5/2024 7:19:12 AM,7/5/2024 7:19:12 AM,False,True,4,,7/4/2024 6:40:00 AM,640,True,EMBEDDED,True,True
2431253,9370-2024-02089,1,False,9370,6/27/2024 7:30:00 PM,1930,055,14,109,Oakland,1,True,True,B,SIDE SWIPE,,Thursday,NotApplicable,False,M,,False,True,False,ALAMEDA SUPERIOR COURT WILEY W. MANUEL COURTHOUSE,C,OTHER MOTOR VEHICLE,,0,0,CLEAR,,NO UNUSUAL CONDITIONS,,A,DAYLIGHT,37.824993,-122.269943,,,,,A,NO PEDESTRIANS INVOLVED,6/27/2024 7:30:00 PM,A,VC 21658(A),False,1,I-580 W/B,,,7/5/2024 6:15:58 AM,A,E,1000.0,WEST ST,F,,D,7/5/2024 6:16:01 AM,7/5/2024 6:16:01 AM,False,False,4,,6/27/2024 7:40:00 PM,1940,False,,,True
2430992,9370-2024-02063,1,False,9370,6/24/2024 5:30:00 PM,1730,052,14,109,Oakland,1,True,True,C,REAR END,,Monday,NotApplicable,False,,,False,True,False,ALAMEDA SUPERIOR COURT WILEY W. MANUEL COURTHOUSE,C,OTHER MOTOR VEHICLE,,1,0,CLEAR,,NO UNUSUAL CONDITIONS,,A,DAYLIGHT,37.780176,-122.173177,,,,,A,NO PEDESTRIANS INVOLVED,6/24/2024 5:30:00 PM,A,VC 22350,False,1,I-580 E/B FROM KUHNLE AVENUE,,,7/4/2024 11:27:14 PM,A,E,174.0,KUHNLE AVENUE,F,,D,7/4/2024 11:27:16 PM,7/4/2024 11:27:16 PM,False,True,4,,6/24/2024 5:35:00 PM,1735,False,,,True
2430990,9370-2024-02071,1,False,9370,6/24/2024 4:40:00 PM,1640,055,14,109,Oakland,1,True,True,C,REAR END,,Monday,NotApplicable,False,,,False,True,False,ALAMEDA SUPERIOR COURT WILEY W. MANUEL COURTHOUSE,C,OTHER MOTOR VEHICLE,,1,0,CLEAR,,NO UNUSUAL CONDITIONS,,A,DAYLIGHT,37.755145,-122.150397,,,,,A,NO PEDESTRIANS INVOLVED,6/24/2024 4:40:00 PM,A,VC 22350,True,1,I-580 E/B TO 98TH AVENUE,,,7/4/2024 11:21:32 PM,A,E,542.0,98TH AVENUE,F,,D,7/4/2024 11:21:33 PM,7/4/2024 11:21:33 PM,False,True,4,,6/24/2024 4:45:00 PM,1645,False,,,True
2430986,9370-2024-02036,1,False,9370,6/22/2024 5:20:00 PM,1720,025,14,109,Oakland,1,True,True,B,SIDE SWIPE,,Saturday,Yes,False,,,False,True,True,ALAMEDA SUPERIOR COURT WILEY W. MANUEL COURTHOUSE,C,OTHER MOTOR VEHICLE,,3,0,CLEAR,,NO UNUSUAL CONDITIONS,,A,DAYLIGHT,37.825976,-122.268127,,,,,A,NO PEDESTRIANS INVOLVED,6/22/2024 5:20:00 PM,A,VC 21658(A),False,,SR-24 W/B,,,7/4/2024 10:49:52 PM,A,E,1040.0,34TH ST,F,,D,7/4/2024 10:50:03 PM,7/4/2024 10:50:03 PM,False,True,4,,6/22/2024 5:32:00 PM,1732,False,,,True
2429049,9370-2024-02098,1,False,9370,6/28/2024 8:26:00 AM,826,054,14,109,Oakland,1,True,True,C,REAR END,,Friday,NotApplicable,False,,,False,True,True,ALAMEDA SUPERIOR COURT WILEY W. MANUEL COURTHOUSE,C,OTHER MOTOR VEHICLE,,0,0,CLEAR,,NO UNUSUAL CONDITIONS,,A,DAYLIGHT,37.808271,-122.24119,,,,,A,NO PEDESTRIANS INVOLVED,6/28/2024 8:26:00 AM,A,VC 22350,False,1,I-580 W/B,,,7/2/2024 7:04:14 PM,A,E,1572.0,LAKESHORE AVE,F,,D,7/2/2024 7:04:16 PM,7/2/2024 7:04:16 PM,False,True,4,,6/28/2024 8:27:00 AM,827,False,,,True
2429048,9370-2024-02088,1,False,9370,6/27/2024 3:00:00 PM,1500,176,14,109,Oakland,1,True,True,E,HIT OBJECT,,Thursday,NotApplicable,False,M,,False,True,False,ALAMEDA SUPERIOR COURT WILEY W. MANUEL COURTHOUSE,I,FIXED OBJECT,CONCRETE BARRIER,0,0,CLEAR,,NO UNUSUAL CONDITIONS,,A,DAYLIGHT,37.749287,-122.20401,,,,,A,NO PEDESTRIANS INVOLVED,6/27/2024 3:00:00 PM,A,VC 22107,False,1,I-880 N/B,,,7/2/2024 7:01:46 PM,A,S,2020.0,66TH AVE,F,,D,7/2/2024 7:01:48 PM,7/2/2024 7:01:48 PM,False,True,4,,6/27/2024 3:10:00 PM,1510,False,,,True
2429046,9370-2024-02103,1,False,9370,6/28/2024 12:45:00 PM,1245,176,14,109,Oakland,1,True,True,E,HIT OBJECT,,Friday,NotApplicable,False,,,False,True,True,ALAMEDA SUPERIOR COURT WILEY W. MANUEL COURTHOUSE,I,FIXED OBJECT,RAISED CONCRETE DIVIDER,0,0,CLEAR,,NO UNUSUAL CONDITIONS,,A,DAYLIGHT,37.747648,-122.202632,,,,,A,NO PEDESTRIANS INVOLVED,6/28/2024 12:45:00 PM,A,VC 22107,False,1,INTERSTATE 880 SOUTHBOUND,,,7/2/2024 6:54:20 PM,A,N,3000.0,HEGENBERGER RD,F,,D,7/2/2024 6:54:22 PM,7/2/2024 6:54:22 PM,False,True,4,,6/28/2024 12:50:00 PM,1250,False,,,True