collision-id,report-number,report-version,is-preliminary,ncic-code,crash-date-time,crash-time-description,beat,city-id,city-code,city-name,county-code,city-is-active,city-is-incorporated,collision-type-code,collision-type-description,collision-type-other-desc,day-of-week,dispatch-notified,has-photographs,hit-run,is-attachments-mailed,is-deleted,is-highway-related,is-tow-away,judicial-district,motor-vehicle-involved-with-code,motor-vehicle-involved-with-desc,motor-vehicle-involved-with-other-desc,number-injured,number-killed,weather-1,weather-2,road-condition-1,road-condition-2,special-condition-lighting-code,lighting-description,latitude,longitude,milepost-direction,milepost-distance,milepost-marker,milepost-unit-of-measure,pedestrian-action-code,pedestrian-action-desc,prepared-date,primary-collision-factor-code,primary-collision-factor-violation,primary-collision-factor-is-cited,primary-collision-party-number,primary-road,reporting-district,reporting-district-code,reviewed-date,roadway-surface-code,secondary-direction,secondary-distance,secondary-road,secondary-unit-of-measure,sketch-desc,traffic-control-device-code,created-date,modified-date,is-county-road,is-freeway,chp-555-version,is-additonal-object-struck,notification-date,notification-time-description,has-digital-media-files,evidence-number,is-location-refer-to-narrative,is-aoi-one-same-as-location
2446547,24-001944,2,False,0109,1/12/2024 2:00:00 AM,200,01X,14,109,Oakland,1,True,True,E,HIT OBJECT,,Friday,,,,,False,False,True,,I,FIXED OBJECT,,0,0,CLEAR,,NO UNUSUAL CONDITIONS - NO UNUSUAL CONDITIONS,,C,DARK-STREET LIGHTS,,,,,,,A,NO PEDESTRIANS INVOLVED,,A,22107,,1,EMBARCADERO W,1,,,A,E,75.0,BROADWAY,F,,D,7/22/2024 10:48:23 AM,1/28/2025 11:04:08 AM,,,2,,,,,,,
2446545,24-004096,2,False,0109,1/24/2024 7:08:00 AM,708,31X,14,109,Oakland,1,True,True,H,OTHER,,Wednesday,,,,,False,False,False,,C,OTHER MOTOR VEHICLE,,0,0,CLEAR,,NO UNUSUAL CONDITIONS - NO UNUSUAL CONDITIONS,,A,DAYLIGHT,,,,,,,A,NO PEDESTRIANS INVOLVED,,A,22106,,1,BROADWAY,2,,,A,N,15.0,GRAND AV,F,,A,7/22/2024 10:48:23 AM,1/28/2025 11:04:08 AM,,,2,,,,,,,
2446542,24-004184,2,False,0109,1/24/2024 12:19:00 PM,1219,33X,14,109,Oakland,1,True,True,D,BROADSIDE,,Wednesday,,,M,,False,False,False,,C,OTHER MOTOR VEHICLE,,0,0,RAINING,,NO UNUSUAL CONDITIONS - NO UNUSUAL CONDITIONS,,A,DAYLIGHT,,,,,,,A,NO PEDESTRIANS INVOLVED,,A,22106,,1,83RD AV,2,,,B,,,A ST,,,A,7/22/2024 10:48:23 AM,1/28/2025 11:04:08 AM,,,2,,,,,,,
2446536,24-000865,2,False,0109,1/4/2024 8:00:00 PM,2000,17X,14,109,Oakland,1,True,True,A,HEAD-ON,,Thursday,,,,,False,False,False,,C,OTHER MOTOR VEHICLE,,0,0,CLOUDY,,NO UNUSUAL CONDITIONS - NO UNUSUAL CONDITIONS,,C,DARK-STREET LIGHTS,,,,,,,A,NO PEDESTRIANS INVOLVED,,A,22107,,1,INTERNATIONAL BL,1,,,A,,,8TH AV,,,A,7/22/2024 10:48:23 AM,1/28/2025 11:04:07 AM,,,2,,,,,,,
2446531,24-000559,2,False,0109,1/3/2024 1:40:00 PM,1340,26X,14,109,Oakland,1,True,True,C,REAR END,,Wednesday,,,,,False,False,False,,C,OTHER MOTOR VEHICLE,,2,0,CLOUDY,,NO UNUSUAL CONDITIONS - NO UNUSUAL CONDITIONS,,A,DAYLIGHT,,,,,,,A,NO PEDESTRIANS INVOLVED,,A,22350,,1,INTERNATIONAL BL,2,,,A,E,30.0,54TH AV,F,,D,7/22/2024 10:48:23 AM,1/28/2025 11:04:07 AM,,,2,,,,,,,
2446510,24-004220,2,False,0109,1/24/2024 4:53:00 PM,1653,24X,14,109,Oakland,1,True,True,C,REAR END,,Wednesday,,,M,,False,False,False,,C,OTHER MOTOR VEHICLE,,1,0,CLOUDY,,NO UNUSUAL CONDITIONS - NO UNUSUAL CONDITIONS,,B,DUSK-DAWN,,,,,,,A,NO PEDESTRIANS INVOLVED,,A,22350,,1,38TH AV,2,,,B,S,3.0,ANGELO AV,F,,D,7/22/2024 10:48:22 AM,1/28/2025 11:04:06 AM,,,2,,,,,,,
2446508,24-001355,2,False,0109,1/8/2024 11:43:00 AM,1143,31X,14,109,Oakland,1,True,True,D,BROADSIDE,,Monday,,,M,,False,False,False,,C,OTHER MOTOR VEHICLE,,1,0,CLEAR,,NO UNUSUAL CONDITIONS - NO UNUSUAL CONDITIONS,,A,DAYLIGHT,,,,,,,A,NO PEDESTRIANS INVOLVED,,A,21453A,,1,105TH AV,2,,,A,,,EDES AV,,,A,7/22/2024 10:48:22 AM,1/28/2025 11:04:06 AM,,,2,,,,,,,
2446507,24-004222,2,False,0109,1/24/2024 4:52:00 PM,1652,27X,14,109,Oakland,1,True,True,D,BROADSIDE,,Wednesday,,,F,,False,False,True,,C,OTHER MOTOR VEHICLE,,2,0,RAINING,,NO UNUSUAL CONDITIONS - NO UNUSUAL CONDITIONS,,B,DUSK-DAWN,,,,,,,A,NO PEDESTRIANS INVOLVED,,A,22450A,,1,57TH AV,2,,,B,,,E 16TH ST,,,A,7/22/2024 10:48:22 AM,1/28/2025 11:04:06 AM,,,2,,,,,,,
2446506,24-001484,2,False,0109,1/9/2024 6:52:00 AM,652,03X,14,109,Oakland,1,True,True,G,VEHICLE/PEDESTRAIN,,Tuesday,,,,,False,False,False,,B,PEDESTRIAN,,1,0,RAINING,,NO UNUSUAL CONDITIONS - NO UNUSUAL CONDITIONS,,C,DARK-STREET LIGHTS,,,,,,,B,CROSSING IN CROSS WALK AT INTERSECTION,,A,21950A,,1,11TH ST,1,,,B,,,HARRISON ST,,,A,7/22/2024 10:48:22 AM,1/28/2025 11:04:06 AM,,,2,,,,,,,
2446505,24-000682,2,False,0109,1/4/2024 10:10:00 AM,1010,12X,14,109,Oakland,1,True,True,B,SIDE SWIPE,,Thursday,,,,,False,False,True,,C,OTHER MOTOR VEHICLE,,1,0,CLEAR,,NO UNUSUAL CONDITIONS - NO UNUSUAL CONDITIONS,,A,DAYLIGHT,,,,,,,A,NO PEDESTRIANS INVOLVED,,A,22107,,1,BROADWAY,1,,,A,N,20.0,49TH ST,F,,D,7/22/2024 10:48:22 AM,1/28/2025 11:04:06 AM,,,2,,,,,,,
2446504,24-002276,2,False,0109,1/14/2024 9:10:00 AM,910,29X,14,109,Oakland,1,True,True,D,BROADSIDE,,Sunday,,,M,,False,False,True,,C,OTHER MOTOR VEHICLE,,1,0,CLOUDY,,NO UNUSUAL CONDITIONS - NO UNUSUAL CONDITIONS,,A,DAYLIGHT,,,,,,,A,NO PEDESTRIANS INVOLVED,,A,22107,,1,HAVENSCOURT BL,2,,,B,,,FOOTHILL BL,,,A,7/22/2024 10:48:22 AM,1/28/2025 11:04:06 AM,,,2,,,,,,,
2446503,24-002066,2,False,0109,1/12/2024 7:22:00 PM,1922,17X,14,109,Oakland,1,True,True,C,REAR END,,Friday,,,F,,False,False,False,,B,PEDESTRIAN,,1,0,CLEAR,,NO UNUSUAL CONDITIONS - NO UNUSUAL CONDITIONS,,C,DARK-STREET LIGHTS,,,,,,,E,IN ROAD - INCLUDES SHOULDER,,A,22107,,1,FOOTHILL BL,1,,,A,W,100.0,6TH AV,F,,D,7/22/2024 10:48:22 AM,1/28/2025 11:04:06 AM,,,2,,,,,,,
2445241,24-006429,2,False,0109,2/5/2024 12:49:00 PM,1249,33X,14,109,Oakland,1,True,True,G,VEHICLE/PEDESTRAIN,,Monday,,,,,False,True,False,,B,PEDESTRIAN,,0,1,CLOUDY,,NO UNUSUAL CONDITIONS - NO UNUSUAL CONDITIONS,,A,DAYLIGHT,,,,,,,B,CROSSING IN CROSS WALK AT INTERSECTION,,A,21950A,,1,RT 185,2,,,A,E,3.0,95TH AV,F,,D,7/22/2024 10:47:33 AM,1/28/2025 11:03:01 AM,,,2,,,,,,,
2444922,24-003677,2,False,0109,1/21/2024 6:26:00 PM,1826,05X,14,109,Oakland,1,True,True,B,SIDE SWIPE,,Sunday,,,,,False,False,False,,C,OTHER MOTOR VEHICLE,,0,0,RAINING,,,,C,DARK-STREET LIGHTS,,,,,,,A,NO PEDESTRIANS INVOLVED,,A,21453A,,1,FRONTAGE RD,1,,,B,,,W GRAND AV,,,A,7/22/2024 10:47:22 AM,1/28/2025 11:02:43 AM,,,2,,,,,,,
2444918,24-008418,2,False,0109,2/16/2024 12:28:00 PM,1228,30Y,14,109,Oakland,1,True,True,C,REAR END,,Friday,,,,,False,False,False,,C,OTHER MOTOR VEHICLE,,1,0,CLOUDY,,NO UNUSUAL CONDITIONS - NO UNUSUAL CONDITIONS,,A,DAYLIGHT,,,,,,,A,NO PEDESTRIANS INVOLVED,,A,22350,,1,VALENTINE ST,2,,,A,E,500.0,COLUMBIAN DR,F,,D,7/22/2024 10:47:22 AM,1/28/2025 11:02:43 AM,,,2,,,,,,,
2444912,24-001998,2,False,0109,1/12/2024 11:00:00 AM,1100,05X,14,109,Oakland,1,True,True,B,SIDE SWIPE,,Friday,,,F,,False,False,False,,B,PEDESTRIAN,,1,0,CLEAR,,NO UNUSUAL CONDITIONS - NO UNUSUAL CONDITIONS,,A,DAYLIGHT,,,,,,,E,IN ROAD - INCLUDES SHOULDER,,A,22107,,1,MYRTLE ST,1,,,A,N,188.0,16TH ST,F,,D,7/22/2024 10:47:22 AM,1/28/2025 11:02:43 AM,,,2,,,,,,,
2444900,24-004497,2,False,0109,1/26/2024 9:00:00 AM,900,30X,14,109,Oakland,1,True,True,A,HEAD-ON,,Friday,,,,,False,False,True,,C,OTHER MOTOR VEHICLE,,0,0,CLEAR,,NO UNUSUAL CONDITIONS - NO UNUSUAL CONDITIONS,,A,DAYLIGHT,,,,,,,A,NO PEDESTRIANS INVOLVED,,D,,,,70TH AV,2,,,A,N,100.0,MONKEN ST,F,,D,7/22/2024 10:47:21 AM,1/28/2025 11:02:43 AM,,,2,,,,,,,
2464784,24-020312,2,False,0109,4/25/2024 9:30:00 AM,930,12Y,14,109,Oakland,1,True,True,B,SIDE SWIPE,,Thursday,,,,,False,False,False,,E,PARKED MOTOR VEHICLE,,0,0,CLEAR,,NO UNUSUAL CONDITIONS - NO UNUSUAL CONDITIONS,,A,DAYLIGHT,,,,,,,A,NO PEDESTRIANS INVOLVED,,A,22106,,1,REDONDO AV,1,,,A,E,30.0,CAVOUR ST,F,,D,7/22/2024 11:34:15 AM,1/28/2025 11:18:08 AM,,,2,,,,,,,
2464783,24-022887,2,False,0109,5/8/2024 5:48:00 PM,1748,,14,109,Oakland,1,True,True,H,OTHER,,Wednesday,,,,,False,False,False,,E,PARKED MOTOR VEHICLE,,0,0,CLEAR,,NO UNUSUAL CONDITIONS - NO UNUSUAL CONDITIONS,,A,DAYLIGHT,,,,,,,A,NO PEDESTRIANS INVOLVED,,A,22106,,1,MACARTHUR BL,2,,,A,,,69TH AV,,,D,7/22/2024 11:34:15 AM,1/28/2025 11:18:08 AM,,,2,,,,,,,
2464781,24-026978,2,False,0109,5/31/2024 10:39:00 AM,1039,18X,14,109,Oakland,1,True,True,B,SIDE SWIPE,,Friday,,,M,,False,False,True,,E,PARKED MOTOR VEHICLE,,0,0,CLEAR,,NO UNUSUAL CONDITIONS - NO UNUSUAL CONDITIONS,,A,DAYLIGHT,,,,,,,A,NO PEDESTRIANS INVOLVED,,A,22107,,1,E 21ST ST,1,,,A,W,20.0,20TH AV,F,,D,7/22/2024 11:34:15 AM,1/28/2025 11:18:08 AM,,,2,,,,,,,
2464745,24-025268,2,False,0109,5/20/2024 2:15:00 PM,1415,32X,14,109,Oakland,1,True,True,H,OTHER,,Monday,,,,,False,False,False,,A,NON-COLLISION,,0,0,CLEAR,,NO UNUSUAL CONDITIONS - NO UNUSUAL CONDITIONS,,A,DAYLIGHT,,,,,,,A,NO PEDESTRIANS INVOLVED,,D,,,,102ND AV,2,,,A,,,INTERNATIONAL BL,,,A,7/22/2024 11:34:12 AM,1/28/2025 11:18:01 AM,,,2,,,,,,,
2464744,24-026718,2,False,0109,5/29/2024 9:14:00 PM,2114,20X,14,109,Oakland,1,True,True,A,HEAD-ON,,Wednesday,,,M,,False,False,False,,E,PARKED MOTOR VEHICLE,,0,0,CLEAR,,NO UNUSUAL CONDITIONS - NO UNUSUAL CONDITIONS,,C,DARK-STREET LIGHTS,,,,,,,A,NO PEDESTRIANS INVOLVED,,A,22107,,1,FOOTHILL BL,2,,,A,E,75.0,25TH AV,F,,D,7/22/2024 11:34:12 AM,1/28/2025 11:18:01 AM,,,2,,,,,,,
2464743,24-025321,2,False,0109,5/22/2024 4:07:00 PM,1607,27X,14,109,Oakland,1,True,True,C,REAR END,,Wednesday,,,,,False,False,True,,C,OTHER MOTOR VEHICLE,,1,0,CLEAR,,NO UNUSUAL CONDITIONS - NO UNUSUAL CONDITIONS,,A,DAYLIGHT,,,,,,,A,NO PEDESTRIANS INVOLVED,,A,22350,,1,BANCROFT AV,2,,,A,W,20.0,64TH AV,F,,A,7/22/2024 11:34:12 AM,1/28/2025 11:18:01 AM,,,2,,,,,,,
2464347,24-012451,2,False,0109,3/11/2024 11:38:00 AM,1138,28X,14,109,Oakland,1,True,True,B,SIDE SWIPE,,Monday,,,,,False,False,False,,C,OTHER MOTOR VEHICLE,,0,0,CLEAR,,NO UNUSUAL CONDITIONS - NO UNUSUAL CONDITIONS,,A,DAYLIGHT,,,,,,,A,NO PEDESTRIANS INVOLVED,,A,21801A,,1,HIGH ST,2,,,A,,,REDDING ST,,,A,7/22/2024 11:03:36 AM,1/28/2025 11:17:37 AM,,,2,,,,,,,
2464346,24-013526,2,False,0109,3/17/2024 7:00:00 PM,1900,23X,14,109,Oakland,1,True,True,C,REAR END,,Sunday,,,,,False,False,False,,E,PARKED MOTOR VEHICLE,,0,0,CLEAR,,,,A,DAYLIGHT,,,,,,,A,NO PEDESTRIANS INVOLVED,,A,22350,,1,38TH AV,2,,,,S,100.0,INTERNATIONAL BL,F,,A,7/22/2024 11:03:36 AM,1/28/2025 11:17:37 AM,,,2,,,,,,,
2464345,24-013997,2,False,0109,3/19/2024 4:36:00 PM,1636,19X,14,109,Oakland,1,True,True,C,REAR END,,Tuesday,,,,,False,False,False,,E,PARKED MOTOR VEHICLE,,0,0,CLEAR,,NO UNUSUAL CONDITIONS - NO UNUSUAL CONDITIONS,,A,DAYLIGHT,,,,,,,A,NO PEDESTRIANS INVOLVED,,A,22350,,1,E 15TH ST,1,,,A,E,50.0,10TH AV,F,,A,7/22/2024 11:03:36 AM,1/28/2025 11:17:37 AM,,,2,,,,,,,
2464344,24-012533,2,False,0109,3/11/2024 8:46:00 PM,2046,35X,14,109,Oakland,1,True,True,B,SIDE SWIPE,,Monday,,,M,,False,False,False,,E,PARKED MOTOR VEHICLE,,0,0,CLEAR,,NO UNUSUAL CONDITIONS - NO UNUSUAL CONDITIONS,,C,DARK-STREET LIGHTS,,,,,,,A,NO PEDESTRIANS INVOLVED,,A,22107,,1,DANTE AV,2,,,A,E,200.0,100TH AV,F,,D,7/22/2024 11:03:36 AM,1/28/2025 11:17:37 AM,,,2,,,,,,,
2464342,24-016013,2,False,0109,3/31/2024 12:58:00 AM,58,21Y,14,109,Oakland,1,True,True,B,SIDE SWIPE,,Sunday,,,M,,False,False,False,,E,PARKED MOTOR VEHICLE,,0,0,CLEAR,,NO UNUSUAL CONDITIONS - NO UNUSUAL CONDITIONS,,C,DARK-STREET LIGHTS,,,,,,,A,NO PEDESTRIANS INVOLVED,,A,22107,,1,COOLIDGE AV,2,,,A,N,115.0,E 22ND ST,F,,D,7/22/2024 11:03:36 AM,1/28/2025 11:17:37 AM,,,2,,,,,,,
2464341,24-016792,2,False,0109,3/29/2024 2:45:00 PM,1445,34X,14,109,Oakland,1,True,True,C,REAR END,,Friday,,,,,False,False,False,,C,OTHER MOTOR VEHICLE,,0,0,CLEAR,,NO UNUSUAL CONDITIONS - NO UNUSUAL CONDITIONS,,A,DAYLIGHT,,,,,,,A,NO PEDESTRIANS INVOLVED,,A,22350,,1,INTERNATIONAL BL,2,,,A,,,82ND AV,,,A,7/22/2024 11:03:36 AM,1/28/2025 11:17:37 AM,,,2,,,,,,,
2464340,24-013792,2,False,0109,3/19/2024 8:41:00 AM,841,30X,14,109,Oakland,1,True,True,D,BROADSIDE,,Tuesday,,,,,False,False,False,,C,OTHER MOTOR VEHICLE,,0,0,CLEAR,,NO UNUSUAL CONDITIONS - NO UNUSUAL CONDITIONS,,A,DAYLIGHT,,,,,,,A,NO PEDESTRIANS INVOLVED,,A,22450A,,,HAVENSCOURT BL,2,,,A,,,ARTHUR ST,,,A,7/22/2024 11:03:36 AM,1/28/2025 11:17:37 AM,,,2,,,,,,,
2464336,24-023192,2,False,0109,5/11/2024 8:37:00 AM,837,24X,14,109,Oakland,1,True,True,A,HEAD-ON,,Saturday,,,M,,False,False,False,,C,OTHER MOTOR VEHICLE,,1,0,CLEAR,,NO UNUSUAL CONDITIONS - NO UNUSUAL CONDITIONS,,A,DAYLIGHT,,,,,,,A,NO PEDESTRIANS INVOLVED,,A,21651B,,1,HIGH ST,2,,,A,,,LYON AV,,,A,7/22/2024 11:03:36 AM,1/28/2025 11:17:37 AM,,,2,,,,,,,
2464302,24022084,2,False,0109,5/5/2024 3:52:00 PM,1552,30X,14,109,Oakland,1,True,True,C,REAR END,,Sunday,,,F,,False,False,False,,C,OTHER MOTOR VEHICLE,,0,0,CLEAR,,NO UNUSUAL CONDITIONS - NO UNUSUAL CONDITIONS,,A,DAYLIGHT,,,,,,,A,NO PEDESTRIANS INVOLVED,,A,22107,,1,INTERNATIONAL BL,2,,,A,,,82ND AV,,,A,7/22/2024 11:03:33 AM,1/28/2025 11:17:34 AM,,,2,,,,,,,
2464301,24022143,2,False,0109,5/5/2024 9:28:00 PM,2128,22X,14,109,Oakland,1,True,True,E,HIT OBJECT,,Sunday,,,M,,False,False,False,,I,FIXED OBJECT,,0,0,CLEAR,,NO UNUSUAL CONDITIONS - NO UNUSUAL CONDITIONS,,C,DARK-STREET LIGHTS,,,,,,,A,NO PEDESTRIANS INVOLVED,,A,22107,,1,35TH AV,2,,,A,,,DELAWARE ST,,,A,7/22/2024 11:03:32 AM,1/28/2025 11:17:34 AM,,,2,,,,,,,
2464300,24024746,2,False,0109,5/19/2024 2:45:00 PM,1445,19X,14,109,Oakland,1,True,True,C,REAR END,,Sunday,,,M,,False,False,False,,C,OTHER MOTOR VEHICLE,,0,0,CLEAR,,NO UNUSUAL CONDITIONS - NO UNUSUAL CONDITIONS,,A,DAYLIGHT,,,,,,,,,,A,22350,,1,20TH AV,1,,,A,S,20.0,FOOTHILL BL,F,,A,7/22/2024 11:03:32 AM,1/28/2025 11:17:34 AM,,,2,,,,,,,
2464298,24023725,2,False,0109,5/14/2024 7:46:00 AM,746,13Z,14,109,Oakland,1,True,True,B,SIDE SWIPE,,Tuesday,,,,,False,False,False,,E,PARKED MOTOR VEHICLE,,0,0,CLEAR,,NO UNUSUAL CONDITIONS - NO UNUSUAL CONDITIONS,,A,DAYLIGHT,,,,,,,A,NO PEDESTRIANS INVOLVED,,A,22107,,1,ASCOT DR,1,,,A,,,MORLEY DR,,,D,7/22/2024 11:03:32 AM,1/28/2025 11:17:34 AM,,,2,,,,,,,
2464240,24-016804,2,False,0109,4/5/2024 1:48:00 PM,1348,27X,14,109,Oakland,1,True,True,D,BROADSIDE,,Friday,,,,,False,False,False,,C,OTHER MOTOR VEHICLE,,2,0,CLEAR,,NO UNUSUAL CONDITIONS - NO UNUSUAL CONDITIONS,,A,DAYLIGHT,,,,,,,A,NO PEDESTRIANS INVOLVED,,A,21800A,,1,BANCROFT AV,2,,,A,,,64TH AV,,,D,7/22/2024 11:03:29 AM,1/28/2025 11:17:31 AM,,,2,,,,,,,
2464239,24-010837,2,False,0109,3/2/2024 12:10:00 PM,1210,03X,14,109,Oakland,1,True,True,D,BROADSIDE,,Saturday,,,,,False,False,False,,C,OTHER MOTOR VEHICLE,,1,0,CLEAR,,NO UNUSUAL CONDITIONS - NO UNUSUAL CONDITIONS,,A,DAYLIGHT,,,,,,,A,NO PEDESTRIANS INVOLVED,,A,21453A,,1,14TH ST,1,,,A,,,JACKSON ST,,,A,7/22/2024 11:03:29 AM,1/28/2025 11:17:31 AM,,,2,,,,,,,
2464238,24-018799,2,False,0109,4/16/2024 4:45:00 PM,1645,31Z,14,109,Oakland,1,True,True,G,VEHICLE/PEDESTRAIN,,Tuesday,,,,,False,False,False,,B,PEDESTRIAN,,1,0,CLEAR,,NO UNUSUAL CONDITIONS - NO UNUSUAL CONDITIONS,,A,DAYLIGHT,,,,,,,D,CROSSING - NOT IN CROSSWALK,,A,21954A,,1,SAN LEANDRO ST,2,,,A,W,30.0,STONE ST,F,,D,7/22/2024 11:03:29 AM,1/28/2025 11:17:31 AM,,,2,,,,,,,
2464237,24-017702,2,False,0109,4/10/2024 6:28:00 PM,1828,22X,14,109,Oakland,1,True,True,A,HEAD-ON,,Wednesday,,,,,False,False,False,,E,PARKED MOTOR VEHICLE,,1,0,CLEAR,,NO UNUSUAL CONDITIONS - NO UNUSUAL CONDITIONS,,A,DAYLIGHT,,,,,,,A,NO PEDESTRIANS INVOLVED,,A,22350,,1,COOLIDGE AV,2,,,A,S,370.0,ALIDA ST,F,,D,7/22/2024 11:03:29 AM,1/28/2025 11:17:31 AM,,,2,,,,,,,
2464236,24-017814,2,False,0109,4/11/2024 12:44:00 PM,1244,09X,14,109,Oakland,1,True,True,B,SIDE SWIPE,,Thursday,,,,,False,False,True,,C,OTHER MOTOR VEHICLE,,1,0,CLEAR,,NO UNUSUAL CONDITIONS - NO UNUSUAL CONDITIONS,,A,DAYLIGHT,,,,,,,A,NO PEDESTRIANS INVOLVED,,A,22107,,1,PLEASANT VALLEY AV,2,,,A,,,BROADWAY,,,A,7/22/2024 11:03:29 AM,1/28/2025 11:17:31 AM,,,2,,,,,,,
2464234,24-016511,2,False,0109,4/3/2024 5:14:00 PM,1714,20X,14,109,Oakland,1,True,True,B,SIDE SWIPE,,Wednesday,,,,,False,False,False,,C,OTHER MOTOR VEHICLE,,1,0,CLEAR,,NO UNUSUAL CONDITIONS - NO UNUSUAL CONDITIONS,,A,DAYLIGHT,,,,,,,A,NO PEDESTRIANS INVOLVED,,A,22350,,1,INTERNATIONAL BL,2,,,A,W,10.0,27TH AV,F,,D,7/22/2024 11:03:29 AM,1/28/2025 11:17:31 AM,,,2,,,,,,,
2464193,24-018355,2,False,0109,4/14/2024 8:07:00 PM,2007,26Y,14,109,Oakland,1,True,True,D,BROADSIDE,,Sunday,,,M,,False,False,False,,C,OTHER MOTOR VEHICLE,,0,0,CLEAR,,NO UNUSUAL CONDITIONS - NO UNUSUAL CONDITIONS,,C,DARK-STREET LIGHTS,,,,,,,A,NO PEDESTRIANS INVOLVED,,A,22450A,,1,69TH AV,2,,,A,,,LION WY,,,A,7/22/2024 11:03:26 AM,1/28/2025 11:17:29 AM,,,2,,,,,,,
2464191,24-016306,2,False,0109,4/2/2024 12:39:00 PM,1239,14X,14,109,Oakland,1,True,True,B,SIDE SWIPE,,Tuesday,,,,,False,False,False,,C,OTHER MOTOR VEHICLE,,0,0,CLEAR,,NO UNUSUAL CONDITIONS - NO UNUSUAL CONDITIONS,,A,DAYLIGHT,,,,,,,A,NO PEDESTRIANS INVOLVED,,A,21804A,,1,HARRISON ST,1,,,A,S,500.0,HAMILTON PL,F,,A,7/22/2024 11:03:26 AM,1/28/2025 11:17:29 AM,,,2,,,,,,,
2464190,24-016968,2,False,0109,4/6/2024 5:01:00 PM,1701,12X,14,109,Oakland,1,True,True,C,REAR END,,Saturday,,,M,,False,False,False,,C,OTHER MOTOR VEHICLE,,0,0,CLEAR,,NO UNUSUAL CONDITIONS - NO UNUSUAL CONDITIONS,,A,DAYLIGHT,,,,,,,A,NO PEDESTRIANS INVOLVED,,A,22350,,1,BROADWAY,1,,,A,,,CORONADO AV,,,A,7/22/2024 11:03:26 AM,1/28/2025 11:17:29 AM,,,2,,,,,,,
2464189,24-08197,2,False,0109,4/13/2024 10:25:00 AM,1025,30Y,14,109,Oakland,1,True,True,A,HEAD-ON,,Saturday,,,M,,False,False,False,,C,OTHER MOTOR VEHICLE,,0,0,CLEAR,,NO UNUSUAL CONDITIONS - NO UNUSUAL CONDITIONS,,A,DAYLIGHT,,,,,,,A,NO PEDESTRIANS INVOLVED,,A,22107,,1,82ND AV,2,,,A,,,NEY AV,,,A,7/22/2024 11:03:25 AM,1/28/2025 11:17:29 AM,,,2,,,,,,,
2464188,24-18246,2,False,0109,4/14/2024 4:07:00 AM,407,20X,14,109,Oakland,1,True,True,A,HEAD-ON,,Sunday,,,M,,False,False,False,,I,FIXED OBJECT,,0,0,RAINING,,NO UNUSUAL CONDITIONS - NO UNUSUAL CONDITIONS,,C,DARK-STREET LIGHTS,,,,,,,A,NO PEDESTRIANS INVOLVED,,A,22107,,1,FOOTHILL BL,2,,,B,E,40.0,40TH AV,F,,A,7/22/2024 11:03:25 AM,1/28/2025 11:17:29 AM,,,2,,,,,,,
2464187,24-016141,2,False,0109,4/6/2024 7:20:00 PM,1920,05X,14,109,Oakland,1,True,True,F,OVERTURNED,,Saturday,,,M,,False,False,False,,I,FIXED OBJECT,,0,0,CLEAR,,NO UNUSUAL CONDITIONS - NO UNUSUAL CONDITIONS,,A,DAYLIGHT,,,,,,,A,NO PEDESTRIANS INVOLVED,,A,22107,,1,W GRAND AV,1,,,A,W,120.0,MARKET ST,F,,D,7/22/2024 11:03:25 AM,1/28/2025 11:17:29 AM,,,2,,,,,,,
2464186,24-018048,2,False,0109,4/12/2024 6:13:00 PM,1813,17Y,14,109,Oakland,1,True,True,D,BROADSIDE,,Friday,,,,,False,False,True,,C,OTHER MOTOR VEHICLE,,0,0,CLEAR,,NO UNUSUAL CONDITIONS - NO UNUSUAL CONDITIONS,,A,DAYLIGHT,,,,,,,A,NO PEDESTRIANS INVOLVED,,A,21453A,,1,BEAUMONT AV,1,,,A,,,MACARTHUR BL,,,A,7/22/2024 11:03:25 AM,1/28/2025 11:17:29 AM,,,2,,,,,,,
2464185,24-020847,2,False,0109,4/28/2024 9:03:00 AM,903,34X,14,109,Oakland,1,True,True,C,REAR END,,Sunday,,,M,,False,False,False,,E,PARKED MOTOR VEHICLE,,0,0,CLEAR,,NO UNUSUAL CONDITIONS - NO UNUSUAL CONDITIONS,,A,DAYLIGHT,,,,,,,A,NO PEDESTRIANS INVOLVED,,A,22107,,1,90TH AV,2,,,A,N,60.0,SUNNYSIDE ST,F,,D,7/22/2024 11:03:25 AM,1/28/2025 11:17:29 AM,,,2,,,,,,,
2464184,24-019220,2,False,0109,4/18/2024 7:56:00 PM,1956,29X,14,109,Oakland,1,True,True,B,SIDE SWIPE,,Thursday,,,,,False,False,True,,E,PARKED MOTOR VEHICLE,,0,0,CLEAR,,NO UNUSUAL CONDITIONS - NO UNUSUAL CONDITIONS,,B,DUSK-DAWN,,,,,,,A,NO PEDESTRIANS INVOLVED,,A,22107,,1,62ND AV,2,,,A,N,200.0,FOOTHILL BL,F,,D,7/22/2024 11:03:25 AM,1/28/2025 11:17:29 AM,,,2,,,,,,,
2464183,24-017948,2,False,0109,4/12/2024 7:48:00 AM,748,21Y,14,109,Oakland,1,True,True,D,BROADSIDE,,Friday,,,,,False,False,False,,C,OTHER MOTOR VEHICLE,,0,0,CLEAR,,NO UNUSUAL CONDITIONS - NO UNUSUAL CONDITIONS,,A,DAYLIGHT,,,,,,,A,NO PEDESTRIANS INVOLVED,,A,22106,,1,HYDE ST,2,,,A,W,100.0,FRUITVALE AV,F,,D,7/22/2024 11:03:25 AM,1/28/2025 11:17:29 AM,,,2,,,,,,,
2464174,24-002976,2,False,0109,1/8/2024 7:29:00 AM,729,31X,14,109,Oakland,1,True,True,G,VEHICLE/PEDESTRAIN,,Monday,,,,,False,False,False,,B,PEDESTRIAN,,1,0,CLOUDY,,OTHER* - OTHER*,,A,DAYLIGHT,,,,,,,B,CROSSING IN CROSS WALK AT INTERSECTION,,A,21950A,,1,HEGENBERGER RD,2,,,B,,,BALDWIN ST,,,A,7/22/2024 11:03:24 AM,1/28/2025 11:17:28 AM,,,2,,,,,,,