collision-id,report-number,report-version,is-preliminary,ncic-code,crash-date-time,crash-time-description,beat,city-id,city-code,city-name,county-code,city-is-active,city-is-incorporated,collision-type-code,collision-type-description,collision-type-other-desc,day-of-week,dispatch-notified,has-photographs,hit-run,is-attachments-mailed,is-deleted,is-highway-related,is-tow-away,judicial-district,motor-vehicle-involved-with-code,motor-vehicle-involved-with-desc,motor-vehicle-involved-with-other-desc,number-injured,number-killed,weather-1,weather-2,road-condition-1,road-condition-2,special-condition-lighting-code,lighting-description,latitude,longitude,milepost-direction,milepost-distance,milepost-marker,milepost-unit-of-measure,pedestrian-action-code,pedestrian-action-desc,prepared-date,primary-collision-factor-code,primary-collision-factor-violation,primary-collision-factor-is-cited,primary-collision-party-number,primary-road,reporting-district,reporting-district-code,reviewed-date,roadway-surface-code,secondary-direction,secondary-distance,secondary-road,secondary-unit-of-measure,sketch-desc,traffic-control-device-code,created-date,modified-date,is-county-road,is-freeway,chp-555-version,is-additonal-object-struck,notification-date,notification-time-description,has-digital-media-files,evidence-number,is-location-refer-to-narrative,is-aoi-one-same-as-location
2469126,24-006006,2,False,0109,2/27/2024 11:01:00 PM,2301,20X,14,109,Oakland,1,True,True,C,REAR END,,Tuesday,,,,,False,False,True,,E,PARKED MOTOR VEHICLE,,0,0,CLEAR,,NO UNUSUAL CONDITIONS - NO UNUSUAL CONDITIONS,,C,DARK-STREET LIGHTS,,,,,,,A,NO PEDESTRIANS INVOLVED,,A,22107,,1,FOOTHILL BL,2,,,A,E,25.0,28TH AV,F,,A,7/22/2024 11:39:05 AM,1/28/2025 11:21:36 AM,,,2,,,,,,,
2469125,24-007801,2,False,0109,2/13/2024 12:12:00 PM,1212,03X,14,109,Oakland,1,True,True,C,REAR END,,Tuesday,,,,,False,False,False,,E,PARKED MOTOR VEHICLE,,0,0,CLEAR,,NO UNUSUAL CONDITIONS - NO UNUSUAL CONDITIONS,,A,DAYLIGHT,,,,,,,A,NO PEDESTRIANS INVOLVED,,D,,,,7TH ST,1,,,A,E,130.0,JEFFERSON ST,F,,A,7/22/2024 11:39:05 AM,1/28/2025 11:21:36 AM,,,2,,,,,,,
2469124,24-010306,2,False,0109,2/28/2024 9:45:00 AM,945,26X,14,109,Oakland,1,True,True,D,BROADSIDE,,Wednesday,,,,,False,False,False,,C,OTHER MOTOR VEHICLE,,0,0,CLEAR,,NO UNUSUAL CONDITIONS - NO UNUSUAL CONDITIONS,,A,DAYLIGHT,,,,,,,A,NO PEDESTRIANS INVOLVED,,A,21801A,,1,50TH AV,2,,,A,,,COLISEUM WY,,,D,7/22/2024 11:39:05 AM,1/28/2025 11:21:36 AM,,,2,,,,,,,
2469123,24-006192,2,False,0109,2/4/2024 2:30:00 AM,230,20X,14,109,Oakland,1,True,True,A,HEAD-ON,,Sunday,,,M,,False,False,True,,I,FIXED OBJECT,,0,0,RAINING,,NO UNUSUAL CONDITIONS - NO UNUSUAL CONDITIONS,,C,DARK-STREET LIGHTS,,,,,,,A,NO PEDESTRIANS INVOLVED,,A,22350,,1,23RD AV,2,,,B,W,60.0,GLASSCOCK ST,F,,A,7/22/2024 11:39:05 AM,1/28/2025 11:21:36 AM,,,2,,,,,,,
2469122,24-010545,2,False,0109,2/29/2024 8:48:00 AM,848,20X,14,109,Oakland,1,True,True,D,BROADSIDE,,Thursday,,,M,,False,False,False,,C,OTHER MOTOR VEHICLE,,0,0,CLEAR,,NO UNUSUAL CONDITIONS - NO UNUSUAL CONDITIONS,,A,DAYLIGHT,,,,,,,A,NO PEDESTRIANS INVOLVED,,A,21801A,,1,INTERNATIONAL BL,2,,,A,,,DERBY AV,,,A,7/22/2024 11:39:05 AM,1/28/2025 11:21:36 AM,,,2,,,,,,,
2469120,24-009144,2,False,0109,2/21/2024 2:00:00 AM,200,10Y,14,109,Oakland,1,True,True,C,REAR END,,Wednesday,,,,,False,False,False,,E,PARKED MOTOR VEHICLE,,0,0,CLEAR,,NO UNUSUAL CONDITIONS - NO UNUSUAL CONDITIONS,,C,DARK-STREET LIGHTS,,,,,,,A,NO PEDESTRIANS INVOLVED,,A,21658A,,1,46TH ST,1,,,B,W,500.0,WEST ST,F,,D,7/22/2024 11:39:04 AM,1/28/2025 11:21:36 AM,,,2,,,,,,,
2469114,24011249,2,False,0109,3/4/2024 9:23:00 PM,2123,03X,14,109,Oakland,1,True,True,D,BROADSIDE,,Monday,,,,,False,False,False,,C,OTHER MOTOR VEHICLE,,0,0,,,NO UNUSUAL CONDITIONS - NO UNUSUAL CONDITIONS,,C,DARK-STREET LIGHTS,,,,,,,A,NO PEDESTRIANS INVOLVED,,A,21453A,,,7TH ST,1,,,A,,,JACKSON ST,,,A,7/22/2024 11:39:04 AM,1/28/2025 11:21:36 AM,,,2,,,,,,,
2469112,24014364,2,False,0109,3/21/2024 10:26:00 PM,2226,,14,109,Oakland,1,True,True,A,HEAD-ON,,Thursday,,,M,,False,False,True,,E,PARKED MOTOR VEHICLE,,0,0,CLEAR,,NO UNUSUAL CONDITIONS - NO UNUSUAL CONDITIONS,,C,DARK-STREET LIGHTS,,,,,,,A,NO PEDESTRIANS INVOLVED,,A,22107,,1,29TH ST,1,,,A,W,17.0,MARTIN LUTHER KING JR WY,F,,D,7/22/2024 11:39:04 AM,1/28/2025 11:21:36 AM,,,2,,,,,,,
2469111,24012856,2,False,0109,3/13/2024 4:39:00 PM,1639,29X,14,109,Oakland,1,True,True,C,REAR END,,Wednesday,,,M,,False,False,False,,C,OTHER MOTOR VEHICLE,,0,0,CLEAR,,NO UNUSUAL CONDITIONS - NO UNUSUAL CONDITIONS,,A,DAYLIGHT,,,,,,,A,NO PEDESTRIANS INVOLVED,,A,22350,,1,MACARTHUR BL,2,,,A,E,121.0,72ND AV,F,,A,7/22/2024 11:39:04 AM,1/28/2025 11:21:36 AM,,,2,,,,,,,
2469110,24014550,2,False,0109,3/23/2024 12:04:00 AM,4,29X,14,109,Oakland,1,True,True,A,HEAD-ON,,Saturday,,,,,False,False,False,,C,OTHER MOTOR VEHICLE,,0,0,CLEAR,,NO UNUSUAL CONDITIONS - NO UNUSUAL CONDITIONS,,C,DARK-STREET LIGHTS,,,,,,,A,NO PEDESTRIANS INVOLVED,,A,22350,,1,FOOTHILL BL,2,,,B,,,HAVENSCOURT BL,,,A,7/22/2024 11:39:04 AM,1/28/2025 11:21:36 AM,,,2,,,,,,,
2469109,24014080,2,False,0109,3/20/2024 8:37:00 AM,837,27X,14,109,Oakland,1,True,True,D,BROADSIDE,,Wednesday,,,,,False,False,False,,C,OTHER MOTOR VEHICLE,,0,0,CLEAR,,NO UNUSUAL CONDITIONS - NO UNUSUAL CONDITIONS,,A,DAYLIGHT,,,,,,,A,NO PEDESTRIANS INVOLVED,,A,21802A,,1,BANCROFT AV,2,,,A,,,45TH AV,,,A,7/22/2024 11:39:04 AM,1/28/2025 11:21:35 AM,,,2,,,,,,,
2469108,24015131,2,False,0109,3/26/2024 12:10:00 PM,1210,19X,14,109,Oakland,1,True,True,D,BROADSIDE,,Tuesday,,,,,False,False,True,,C,OTHER MOTOR VEHICLE,,0,0,CLEAR,,NO UNUSUAL CONDITIONS - NO UNUSUAL CONDITIONS,,A,DAYLIGHT,,,,,,,A,NO PEDESTRIANS INVOLVED,,A,21801A,,1,E 8TH ST,1,,,A,,,5TH AV,,,A,7/22/2024 11:39:04 AM,1/28/2025 11:21:35 AM,,,2,,,,,,,
2469106,24014493,2,False,0109,3/22/2024 4:02:00 PM,1602,12X,14,109,Oakland,1,True,True,B,SIDE SWIPE,,Friday,,,,,False,False,False,,C,OTHER MOTOR VEHICLE,,0,0,RAINING,,NO UNUSUAL CONDITIONS - NO UNUSUAL CONDITIONS,,A,DAYLIGHT,,,,,,,A,NO PEDESTRIANS INVOLVED,,A,22107,,1,52ND ST,1,,,B,E,5.0,SHATTUCK AV,F,,A,7/22/2024 11:39:04 AM,1/28/2025 11:21:35 AM,,,2,,,,,,,
2469081,24-014950,2,False,0109,3/25/2024 11:45:00 AM,1145,23X,14,109,Oakland,1,True,True,B,SIDE SWIPE,,Monday,,,F,,False,False,False,,C,OTHER MOTOR VEHICLE,,0,0,CLEAR,,NO UNUSUAL CONDITIONS - NO UNUSUAL CONDITIONS,,A,DAYLIGHT,,,,,,,A,NO PEDESTRIANS INVOLVED,,A,21750A,,1,E 9TH ST,2,,,A,E,50.0,37TH AV,F,,D,7/22/2024 11:39:02 AM,1/28/2025 11:21:34 AM,,,2,,,,,,,
2469074,24-013234,2,False,0109,3/15/2024 4:41:00 PM,1641,14X,14,109,Oakland,1,True,True,D,BROADSIDE,,Friday,,,,,False,False,False,,C,OTHER MOTOR VEHICLE,,0,0,CLEAR,,NO UNUSUAL CONDITIONS - NO UNUSUAL CONDITIONS,,A,DAYLIGHT,,,,,,,A,NO PEDESTRIANS INVOLVED,,A,22106,,1,SANTA CLARA AV,1,,,A,N,110.0,RT 580,F,,D,7/22/2024 11:39:02 AM,1/28/2025 11:21:34 AM,,,2,,,,,,,
2469073,24-016953,2,False,0109,3/27/2024 8:30:00 PM,2030,19X,14,109,Oakland,1,True,True,B,SIDE SWIPE,,Wednesday,,,M,,False,False,False,,C,OTHER MOTOR VEHICLE,,0,0,CLOUDY,,NO UNUSUAL CONDITIONS - NO UNUSUAL CONDITIONS,,C,DARK-STREET LIGHTS,,,,,,,A,NO PEDESTRIANS INVOLVED,,A,22107,,1,INTERNATIONAL BL,1,,,A,,,8TH AV,,,A,7/22/2024 11:39:02 AM,1/28/2025 11:21:34 AM,,,2,,,,,,,
2469070,24-013083,2,False,0109,3/15/2024 9:37:00 PM,2137,227Y,14,109,Oakland,1,True,True,C,REAR END,,Friday,,,M,,False,False,False,,C,OTHER MOTOR VEHICLE,,0,0,CLEAR,,NO UNUSUAL CONDITIONS - NO UNUSUAL CONDITIONS,,C,DARK-STREET LIGHTS,,,,,,,A,NO PEDESTRIANS INVOLVED,,A,22350,,1,63RD AV,2,,,A,S,2.0,BANCROFT AV,F,,A,7/22/2024 11:39:02 AM,1/28/2025 11:21:34 AM,,,2,,,,,,,
2469068,24-011878,2,False,0109,3/7/2024 8:19:00 PM,2019,27X,14,109,Oakland,1,True,True,B,SIDE SWIPE,,Thursday,,,F,,False,False,True,,C,OTHER MOTOR VEHICLE,,0,0,CLEAR,,NO UNUSUAL CONDITIONS - NO UNUSUAL CONDITIONS,,C,DARK-STREET LIGHTS,,,,,,,A,NO PEDESTRIANS INVOLVED,,A,21802A,,1,FOOTHILL BL,2,,,A,,,51ST AV,,,A,7/22/2024 11:39:01 AM,1/28/2025 11:21:34 AM,,,2,,,,,,,
2469067,24-014251,2,False,0109,3/21/2024 7:41:00 AM,741,32X,14,109,Oakland,1,True,True,H,OTHER,,Thursday,,,M,,False,False,True,,,,,0,0,CLEAR,,NO UNUSUAL CONDITIONS - NO UNUSUAL CONDITIONS,,C,DARK-STREET LIGHTS,,,,,,,A,NO PEDESTRIANS INVOLVED,,A,22106,,1,103RD AV,2,,,A,S,20.0,BANCROFT AV,F,,D,7/22/2024 11:39:01 AM,1/28/2025 11:21:34 AM,,,2,,,,,,,
2469066,24-015684,2,False,0109,3/29/2024 2:18:00 AM,218,03Y,14,109,Oakland,1,True,True,C,REAR END,,Friday,,,,,False,False,True,,E,PARKED MOTOR VEHICLE,,0,0,CLEAR,,NO UNUSUAL CONDITIONS - NO UNUSUAL CONDITIONS,,C,DARK-STREET LIGHTS,,,,,,,A,NO PEDESTRIANS INVOLVED,,A,22107,,1,BROADWAY,1,,,A,S,10.0,8TH ST,F,,D,7/22/2024 11:39:01 AM,1/28/2025 11:21:34 AM,,,2,,,,,,,
2469065,24-014505,2,False,0109,3/22/2024 5:04:00 PM,1704,29X,14,109,Oakland,1,True,True,B,SIDE SWIPE,,Friday,,,M,,False,False,False,,C,OTHER MOTOR VEHICLE,,0,0,CLEAR,,NO UNUSUAL CONDITIONS - NO UNUSUAL CONDITIONS,,A,DAYLIGHT,,,,,,,A,NO PEDESTRIANS INVOLVED,,A,22350,,1,HAVENSCOURT BL,2,,,A,N,5.0,BANCROFT AV,F,,A,7/22/2024 11:39:01 AM,1/28/2025 11:21:34 AM,,,2,,,,,,,
2469064,24-013704,2,False,0109,3/18/2024 6:04:00 PM,1804,27X,14,109,Oakland,1,True,True,B,SIDE SWIPE,,Monday,,,,,False,False,False,,E,PARKED MOTOR VEHICLE,,0,0,CLEAR,,NO UNUSUAL CONDITIONS - NO UNUSUAL CONDITIONS,,A,DAYLIGHT,,,,,,,A,NO PEDESTRIANS INVOLVED,,A,22107,,1,INTERNATIONAL BL,2,,,A,W,50.0,55TH AV,F,,D,7/22/2024 11:39:01 AM,1/28/2025 11:21:34 AM,,,2,,,,,,,
2469063,24-015109,2,False,0109,3/26/2024 10:06:00 AM,1006,25X,14,109,Oakland,1,True,True,A,HEAD-ON,,Tuesday,,,M,,False,False,False,,I,FIXED OBJECT,,0,0,CLEAR,,NO UNUSUAL CONDITIONS - NO UNUSUAL CONDITIONS,,A,DAYLIGHT,,,,,,,A,NO PEDESTRIANS INVOLVED,,A,22107,,1,GREENACRE RD,2,,,A,,,MASTERSON DR,,,D,7/22/2024 11:39:01 AM,1/28/2025 11:21:34 AM,,,2,,,,,,,
2469062,24-014810,2,False,0109,3/24/2024 7:21:00 PM,1921,27X,14,109,Oakland,1,True,True,A,HEAD-ON,,Sunday,,,M,,False,False,True,,E,PARKED MOTOR VEHICLE,,0,0,CLEAR,,NO UNUSUAL CONDITIONS - NO UNUSUAL CONDITIONS,,A,DAYLIGHT,,,,,,,A,NO PEDESTRIANS INVOLVED,,A,22350,,1,55TH AV,2,,,A,S,10.0,INTERNATIONAL BLVD,F,,D,7/22/2024 11:39:01 AM,1/28/2025 11:21:34 AM,,,2,,,,,,,
2469050,24-016060,2,False,0109,3/31/2024 8:41:00 PM,2041,07X,14,109,Oakland,1,True,True,E,HIT OBJECT,,Sunday,,,,,False,False,False,,I,FIXED OBJECT,,0,0,CLEAR,,NO UNUSUAL CONDITIONS - NO UNUSUAL CONDITIONS,,B,DUSK-DAWN,,,,,,,A,NO PEDESTRIANS INVOLVED,,A,22350,,1,36TH ST,1,,,A,W,5.0,SAN PABLO AV,F,,A,7/22/2024 11:39:00 AM,1/28/2025 11:21:33 AM,,,2,,,,,,,
2469049,24-011823,2,False,0109,3/7/2024 4:03:00 PM,1603,26X,14,109,Oakland,1,True,True,B,SIDE SWIPE,,Thursday,,,,,False,False,True,,C,OTHER MOTOR VEHICLE,,0,0,CLEAR,,NO UNUSUAL CONDITIONS - NO UNUSUAL CONDITIONS,,A,DAYLIGHT,,,,,,,A,NO PEDESTRIANS INVOLVED,,A,22107,,1,SAN LEANDRO ST,2,,,A,W,90.0,66TH AV,F,,A,7/22/2024 11:39:00 AM,1/28/2025 11:21:33 AM,,,2,,,,,,,
2469048,24-011763,2,False,0109,3/7/2024 10:04:00 AM,1004,01X,14,109,Oakland,1,True,True,B,SIDE SWIPE,,Thursday,,,M,,False,False,True,,C,OTHER MOTOR VEHICLE,,0,0,CLEAR,,NO UNUSUAL CONDITIONS - NO UNUSUAL CONDITIONS,,A,DAYLIGHT,,,,,,,A,NO PEDESTRIANS INVOLVED,,A,21804A,,1,4TH ST,1,,,A,E,30.0,FRANKLIN ST,F,,D,7/22/2024 11:39:00 AM,1/28/2025 11:21:33 AM,,,2,,,,,,,
2469047,24-012584,2,False,0109,3/12/2024 7:30:00 AM,730,01X,14,109,Oakland,1,True,True,B,SIDE SWIPE,,Tuesday,,,,,False,False,False,,C,OTHER MOTOR VEHICLE,,0,0,RAINING,,NO UNUSUAL CONDITIONS - NO UNUSUAL CONDITIONS,,A,DAYLIGHT,,,,,,,A,NO PEDESTRIANS INVOLVED,,A,22350,,1,2ND ST,1,,,B,,,HARRISON ST,,,D,7/22/2024 11:39:00 AM,1/28/2025 11:21:33 AM,,,2,,,,,,,
2469046,24-013109,2,False,0109,3/15/2024 2:25:00 AM,225,15X,14,109,Oakland,1,True,True,H,OTHER,,Friday,,,M,,False,False,True,,E,PARKED MOTOR VEHICLE,,0,0,CLEAR,,NO UNUSUAL CONDITIONS - NO UNUSUAL CONDITIONS,,C,DARK-STREET LIGHTS,,,,,,,A,NO PEDESTRIANS INVOLVED,,A,22107,,1,WESLEY AV,1,,,A,,,BROOKLYN AV,,,D,7/22/2024 11:39:00 AM,1/28/2025 11:21:33 AM,,,2,,,,,,,
2469044,24-014803,2,False,0109,3/24/2024 7:20:00 PM,1920,27X,14,109,Oakland,1,True,True,B,SIDE SWIPE,,Sunday,,,M,,False,False,True,,E,PARKED MOTOR VEHICLE,,0,0,CLEAR,,NO UNUSUAL CONDITIONS - NO UNUSUAL CONDITIONS,,A,DAYLIGHT,,,,,,,A,NO PEDESTRIANS INVOLVED,,A,22350,,1,INTERNATIONAL BL,2,,,A,E,20.0,SEMINARY AV,F,,A,7/22/2024 11:39:00 AM,1/28/2025 11:21:33 AM,,,2,,,,,,,
2469043,24-016693,2,False,0109,4/4/2024 5:22:00 PM,1722,18X,14,109,Oakland,1,True,True,B,SIDE SWIPE,,Thursday,,,,,False,False,True,,E,PARKED MOTOR VEHICLE,,0,0,CLOUDY,RAINING,NO UNUSUAL CONDITIONS - NO UNUSUAL CONDITIONS,,C,DARK-STREET LIGHTS,,,,,,,A,NO PEDESTRIANS INVOLVED,,A,22107,,1,E 17TH ST,1,,,B,E,10.0,22ND AV,F,,D,7/22/2024 11:39:00 AM,1/28/2025 11:21:33 AM,,,2,,,,,,,
2469042,24-016675,2,False,0109,4/4/2024 1:11:00 PM,1311,35X,14,109,Oakland,1,True,True,B,SIDE SWIPE,,Thursday,,,,,False,False,False,,C,OTHER MOTOR VEHICLE,,0,0,CLOUDY,,NO UNUSUAL CONDITIONS - NO UNUSUAL CONDITIONS,,A,DAYLIGHT,,,,,,,A,NO PEDESTRIANS INVOLVED,,A,22107,,1,DOWLING ST,2,,,A,E,30.0,86TH AV,F,,D,7/22/2024 11:39:00 AM,1/28/2025 11:21:33 AM,,,2,,,,,,,
2469041,24-017787,2,False,0109,4/11/2024 3:19:00 PM,1519,19X,14,109,Oakland,1,True,True,A,HEAD-ON,,Thursday,,,,,False,False,False,,C,OTHER MOTOR VEHICLE,,0,0,CLEAR,,NO UNUSUAL CONDITIONS - NO UNUSUAL CONDITIONS,,A,DAYLIGHT,,,,,,,A,NO PEDESTRIANS INVOLVED,,A,21801A,,1,22ND AV,1,,,A,N,25.0,INTERNATIONAL BL,F,,D,7/22/2024 11:39:00 AM,1/28/2025 11:21:33 AM,,,2,,,,,,,
2469040,24-016832,2,False,0109,4/5/2024 4:10:00 PM,1610,32X,14,109,Oakland,1,True,True,C,REAR END,,Friday,,,M,,False,False,False,,C,OTHER MOTOR VEHICLE,,0,0,CLEAR,,NO UNUSUAL CONDITIONS - NO UNUSUAL CONDITIONS,,A,DAYLIGHT,,,,,,,A,NO PEDESTRIANS INVOLVED,,A,21703,,1,98TH AV,2,,,A,N,20.0,D ST,F,,D,7/22/2024 11:39:00 AM,1/28/2025 11:21:33 AM,,,2,,,,,,,
2469018,24-011156,2,False,0109,3/4/2024 11:18:00 AM,1118,27Y,14,109,Oakland,1,True,True,A,HEAD-ON,,Monday,,,M,,False,False,True,,C,OTHER MOTOR VEHICLE,,1,0,CLOUDY,,NO UNUSUAL CONDITIONS - NO UNUSUAL CONDITIONS,,A,DAYLIGHT,,,,,,,A,NO PEDESTRIANS INVOLVED,,A,21650,,1,57TH AV,,,,A,,,HARVEY AV,,,D,7/22/2024 11:38:59 AM,1/28/2025 11:21:32 AM,,,2,,,,,,,
2469002,24-007688,2,False,0109,2/13/2024 6:00:00 PM,1800,05X,14,109,Oakland,1,True,True,A,HEAD-ON,,Tuesday,,,M,,False,False,True,,E,PARKED MOTOR VEHICLE,,0,0,CLEAR,,NO UNUSUAL CONDITIONS - NO UNUSUAL CONDITIONS,,B,DUSK-DAWN,,,,,,,A,NO PEDESTRIANS INVOLVED,,A,22107,,1,16TH ST,1,,,A,E,150.0,WOOD ST,F,,D,7/22/2024 11:38:57 AM,1/28/2025 11:21:31 AM,,,2,,,,,,,
2469001,24-016843,2,False,0109,4/5/2024 6:30:00 PM,1830,19X,14,109,Oakland,1,True,True,D,BROADSIDE,,Friday,,,,,False,False,False,,C,OTHER MOTOR VEHICLE,,4,0,CLEAR,,NO UNUSUAL CONDITIONS - NO UNUSUAL CONDITIONS,,A,DAYLIGHT,,,,,,,A,NO PEDESTRIANS INVOLVED,,A,23152,,1,INTERNATIONAL BL,1,,,A,,,3RD AV,,,A,7/22/2024 11:38:57 AM,1/28/2025 11:21:31 AM,,,2,,,,,,,
2469000,24-016576,2,False,0109,4/4/2024 7:53:00 AM,753,21X,14,109,Oakland,1,True,True,C,REAR END,,Thursday,,,M,,False,False,True,,E,PARKED MOTOR VEHICLE,,0,0,RAINING,,NO UNUSUAL CONDITIONS - NO UNUSUAL CONDITIONS,,A,DAYLIGHT,,,,,,,A,NO PEDESTRIANS INVOLVED,,A,22107,,1,23RD AV,2,,,B,N,15.0,E 21ST ST,F,,A,7/22/2024 11:38:57 AM,1/28/2025 11:21:31 AM,,,2,,,,,,,
2468978,24-018812,2,False,0109,4/16/2024 6:04:00 PM,1804,33X,14,109,Oakland,1,True,True,B,SIDE SWIPE,,Tuesday,,,,,False,False,True,,E,PARKED MOTOR VEHICLE,,1,0,CLEAR,,NO UNUSUAL CONDITIONS - NO UNUSUAL CONDITIONS,,A,DAYLIGHT,,,,,,,A,NO PEDESTRIANS INVOLVED,,A,22107,,1,81ST AV,2,,,A,S,50.0,B ST,F,,D,7/22/2024 11:38:56 AM,1/28/2025 11:21:30 AM,,,2,,,,,,,
2468977,24-011192,2,False,0109,3/4/2024 2:08:00 PM,1408,19X,14,109,Oakland,1,True,True,C,REAR END,,Monday,,,,,False,False,False,,C,OTHER MOTOR VEHICLE,,0,0,CLEAR,,NO UNUSUAL CONDITIONS - NO UNUSUAL CONDITIONS,,A,DAYLIGHT,,,,,,,A,NO PEDESTRIANS INVOLVED,,A,22350,,1,1ST AV,1,,,A,N,50.0,INTERNATIONAL BL,F,,A,7/22/2024 11:38:56 AM,1/28/2025 11:21:30 AM,,,2,,,,,,,
2468976,24-005200,2,False,0109,1/30/2024 8:40:00 AM,840,24X,14,109,Oakland,1,True,True,A,HEAD-ON,,Tuesday,,,,,False,False,True,,C,OTHER MOTOR VEHICLE,,1,0,CLEAR,,OBSTRUCTION ON ROADWAY* - OBSTRUCTION ON ROADWAY*,,A,DAYLIGHT,,,,,,,A,NO PEDESTRIANS INVOLVED,,D,,,,FOOTHILL BL,2,,,A,W,30.0,HARRINGTON AV,F,,D,7/22/2024 11:38:56 AM,1/28/2025 11:21:30 AM,,,2,,,,,,,
2468975,24-012639,2,False,0109,3/6/2024 1:00:00 PM,1300,33X,14,109,Oakland,1,True,True,B,SIDE SWIPE,,Wednesday,,,,,False,False,False,,E,PARKED MOTOR VEHICLE,,0,0,CLEAR,,NO UNUSUAL CONDITIONS - NO UNUSUAL CONDITIONS,,A,DAYLIGHT,,,,,,,A,NO PEDESTRIANS INVOLVED,,D,,,,84TH AV,2,,,A,S,30.0,INTERNATIONAL BL,F,,D,7/22/2024 11:38:56 AM,1/28/2025 11:21:30 AM,,,2,,,,,,,
2468974,24-011900,2,False,0109,3/8/2024 1:43:00 AM,143,26X,14,109,Oakland,1,True,True,B,SIDE SWIPE,,Friday,,,M,,False,False,False,,E,PARKED MOTOR VEHICLE,,0,0,CLEAR,,NO UNUSUAL CONDITIONS - NO UNUSUAL CONDITIONS,,C,DARK-STREET LIGHTS,,,,,,,A,NO PEDESTRIANS INVOLVED,,A,22107,,1,SEMINARY AV,2,,,A,S,25.0,INTERNATIONAL BL,F,,D,7/22/2024 11:38:56 AM,1/28/2025 11:21:30 AM,,,2,,,,,,,
2468958,24010953,2,False,0109,3/3/2024 5:38:00 AM,538,35X,14,109,Oakland,1,True,True,B,SIDE SWIPE,,Sunday,,,M,,False,False,True,,C,OTHER MOTOR VEHICLE,,0,0,CLEAR,,NO UNUSUAL CONDITIONS - NO UNUSUAL CONDITIONS,,C,DARK-STREET LIGHTS,,,,,,,A,NO PEDESTRIANS INVOLVED,,A,22350,,1,MACARTHUR BL,2,,,A,E,35.0,88TH AV,F,,A,7/22/2024 11:38:55 AM,1/28/2025 11:21:29 AM,,,2,,,,,,,
2468951,24-005160,2,False,0109,1/29/2024 10:38:00 PM,2238,31X,14,109,Oakland,1,True,True,C,REAR END,,Monday,,,,,False,False,True,,C,OTHER MOTOR VEHICLE,,2,0,CLEAR,,NO UNUSUAL CONDITIONS - NO UNUSUAL CONDITIONS,,C,DARK-STREET LIGHTS,,,,,,,A,NO PEDESTRIANS INVOLVED,,A,22350,,1,98TH AV,2,,,A,S,10.0,BIGGE ST,F,,A,7/22/2024 11:38:54 AM,1/28/2025 11:21:29 AM,,,2,,,,,,,
2468950,24-017971,2,False,0109,4/9/2024 3:15:00 PM,1515,14X,14,109,Oakland,1,True,True,D,BROADSIDE,,Tuesday,,,M,,False,False,False,,D,MOTOR VEHICLE ON OTHER ROADWAY,,0,0,CLEAR,,NO UNUSUAL CONDITIONS - NO UNUSUAL CONDITIONS,,A,DAYLIGHT,,,,,,,A,NO PEDESTRIANS INVOLVED,,A,21801A,,1,SANTA CLARA AV,1,,,A,,,GRAND AV,,,A,7/22/2024 11:38:54 AM,1/28/2025 11:21:29 AM,,,2,,,,,,,
2468948,24-017775,2,False,0109,4/11/2024 8:19:00 AM,819,23X,14,109,Oakland,1,True,True,C,REAR END,,Thursday,,,,,False,False,False,,E,PARKED MOTOR VEHICLE,,0,0,CLEAR,,NO UNUSUAL CONDITIONS - NO UNUSUAL CONDITIONS,,A,DAYLIGHT,,,,,,,A,NO PEDESTRIANS INVOLVED,,A,22107,,1,38TH AV,2,,,A,W,4.0,SAN LEANDRO ST,F,,D,7/22/2024 11:38:54 AM,1/28/2025 11:21:29 AM,,,2,,,,,,,
2468947,24-011552,2,False,0109,3/6/2024 2:18:00 PM,1418,23X,14,109,Oakland,1,True,True,C,REAR END,,Wednesday,,,,,False,False,False,,C,OTHER MOTOR VEHICLE,,2,0,CLEAR,,NO UNUSUAL CONDITIONS - NO UNUSUAL CONDITIONS,,A,DAYLIGHT,,,,,,,A,NO PEDESTRIANS INVOLVED,,A,22350,,1,SAN LEANDRO ST,2,,,A,,,37TH AV,,,A,7/22/2024 11:38:54 AM,1/28/2025 11:21:29 AM,,,2,,,,,,,
2468946,24010645,2,False,0109,3/1/2024 8:01:00 AM,801,26X,14,109,Oakland,1,True,True,B,SIDE SWIPE,,Friday,,,,,False,False,False,,C,OTHER MOTOR VEHICLE,,0,0,CLEAR,,NO UNUSUAL CONDITIONS - NO UNUSUAL CONDITIONS,,A,DAYLIGHT,,,,,,,E,IN ROAD - INCLUDES SHOULDER,,A,22106,,1,LESSER ST,1,,,B,,,OAKPORT ST,,,D,7/22/2024 11:38:54 AM,1/28/2025 11:21:29 AM,,,2,,,,,,,
2468945,24011186,2,False,0109,3/4/2024 3:00:00 PM,1500,16X,14,109,Oakland,1,True,True,C,REAR END,,Monday,,,M,,False,False,False,,E,PARKED MOTOR VEHICLE,,0,0,CLEAR,,NO UNUSUAL CONDITIONS - NO UNUSUAL CONDITIONS,,A,DAYLIGHT,,,,,,,A,NO PEDESTRIANS INVOLVED,,A,22350,,1,DOLORES AV,1,,,A,E,30.0,PARK BL,F,,D,7/22/2024 11:38:54 AM,1/28/2025 11:21:29 AM,,,2,,,,,,,
2468944,24-007281,2,False,0109,2/10/2024 10:45:00 AM,1045,04X,14,109,Oakland,1,True,True,D,BROADSIDE,,Saturday,,,,,False,False,True,,C,OTHER MOTOR VEHICLE,,0,0,CLEAR,,NO UNUSUAL CONDITIONS - NO UNUSUAL CONDITIONS,,A,DAYLIGHT,,,,,,,A,NO PEDESTRIANS INVOLVED,,A,21453A,,1,CASTRO ST,1,,,A,,,17TH ST,,,A,7/22/2024 11:38:54 AM,1/28/2025 11:21:28 AM,,,2,,,,,,,
2468840,24-005752,2,False,0109,2/1/2024 12:15:00 PM,1215,32X,14,109,Oakland,1,True,True,D,BROADSIDE,,Thursday,,,,,False,False,True,,C,OTHER MOTOR VEHICLE,,0,0,CLOUDY,,NO UNUSUAL CONDITIONS - NO UNUSUAL CONDITIONS,,A,DAYLIGHT,,,,,,,A,NO PEDESTRIANS INVOLVED,,A,21453A,,1,98TH AVE,2,,,A,,,INTERNATIONAL BL,,,A,7/22/2024 11:38:46 AM,1/28/2025 11:21:23 AM,,,2,,,,,,,