collision-id,report-number,report-version,is-preliminary,ncic-code,crash-date-time,crash-time-description,beat,city-id,city-code,city-name,county-code,city-is-active,city-is-incorporated,collision-type-code,collision-type-description,collision-type-other-desc,day-of-week,dispatch-notified,has-photographs,hit-run,is-attachments-mailed,is-deleted,is-highway-related,is-tow-away,judicial-district,motor-vehicle-involved-with-code,motor-vehicle-involved-with-desc,motor-vehicle-involved-with-other-desc,number-injured,number-killed,weather-1,weather-2,road-condition-1,road-condition-2,special-condition-lighting-code,lighting-description,latitude,longitude,milepost-direction,milepost-distance,milepost-marker,milepost-unit-of-measure,pedestrian-action-code,pedestrian-action-desc,prepared-date,primary-collision-factor-code,primary-collision-factor-violation,primary-collision-factor-is-cited,primary-collision-party-number,primary-road,reporting-district,reporting-district-code,reviewed-date,roadway-surface-code,secondary-direction,secondary-distance,secondary-road,secondary-unit-of-measure,sketch-desc,traffic-control-device-code,created-date,modified-date,is-county-road,is-freeway,chp-555-version,is-additonal-object-struck,notification-date,notification-time-description,has-digital-media-files,evidence-number,is-location-refer-to-narrative,is-aoi-one-same-as-location
2480158,24-020409,2,False,0109,4/25/2024 5:50:00 PM,1750,02X,14,109,Oakland,1,True,True,A,HEAD-ON,,Thursday,,,,,False,False,False,,E,PARKED MOTOR VEHICLE,,1,0,CLOUDY,,NO UNUSUAL CONDITIONS - NO UNUSUAL CONDITIONS,,A,DAYLIGHT,,,,,,,A,NO PEDESTRIANS INVOLVED,,A,22107,,1,ADELINE ST,1,,,A,N,10.0,14TH ST,F,,A,7/22/2024 11:52:42 AM,1/28/2025 11:35:16 AM,,,2,,,,,,,
2480157,24-019320,2,False,0109,4/19/2024 1:20:00 PM,1320,27X,14,109,Oakland,1,True,True,C,REAR END,,Friday,,,,,False,False,True,,E,PARKED MOTOR VEHICLE,,1,0,CLEAR,,NO UNUSUAL CONDITIONS - NO UNUSUAL CONDITIONS,,A,DAYLIGHT,,,,,,,A,NO PEDESTRIANS INVOLVED,,A,22107,,1,HIGH ST,2,,,A,S,300.0,BROOKDALE AV,F,,D,7/22/2024 11:52:42 AM,1/28/2025 11:35:16 AM,,,2,,,,,,,
2480156,24-019871,2,False,0109,4/22/2024 7:55:00 PM,1955,30X,14,109,Oakland,1,True,True,B,SIDE SWIPE,,Monday,,,M,,False,False,False,,C,OTHER MOTOR VEHICLE,,0,0,CLEAR,,NO UNUSUAL CONDITIONS - NO UNUSUAL CONDITIONS,,B,DUSK-DAWN,,,,,,,A,NO PEDESTRIANS INVOLVED,,A,22107,,1,70TH AV,2,,,A,W,5.0,MORKEN ST,F,,D,7/22/2024 11:52:42 AM,1/28/2025 11:35:16 AM,,,2,,,,,,,
2480155,24-019574,2,False,0109,4/21/2024 3:18:00 AM,318,23X,14,109,Oakland,1,True,True,E,HIT OBJECT,,Sunday,,,M,,False,False,False,,E,PARKED MOTOR VEHICLE,,1,0,CLEAR,,NO UNUSUAL CONDITIONS - NO UNUSUAL CONDITIONS,,C,DARK-STREET LIGHTS,,,,,,,A,NO PEDESTRIANS INVOLVED,,A,22107,,1,INTERNATIONAL BL,2,,,A,W,20.0,42ND AV,F,,A,7/22/2024 11:52:42 AM,1/28/2025 11:35:16 AM,,,2,,,,,,,
2480146,24-016572,2,False,0109,4/4/2024 7:06:00 AM,706,34X,14,109,Oakland,1,True,True,D,BROADSIDE,,Thursday,,,,,False,False,True,,C,OTHER MOTOR VEHICLE,,2,0,CLOUDY,RAINING,NO UNUSUAL CONDITIONS - NO UNUSUAL CONDITIONS,,A,DAYLIGHT,,,,,,,A,NO PEDESTRIANS INVOLVED,,A,22350,,1,HOLLY ST,2,,,B,,,96TH AV,,,D,7/22/2024 11:52:41 AM,1/28/2025 11:35:15 AM,,,2,,,,,,,
2480144,24-018509,2,False,0109,4/15/2024 2:03:00 PM,1403,34X,14,109,Oakland,1,True,True,C,REAR END,,Monday,,,F,,False,False,False,,C,OTHER MOTOR VEHICLE,,1,0,CLEAR,,NO UNUSUAL CONDITIONS - NO UNUSUAL CONDITIONS,,A,DAYLIGHT,,,,,,,A,NO PEDESTRIANS INVOLVED,,A,22350,,1,BANCROFT AV,2,,,A,W,20.0,94TH AV,F,,A,7/22/2024 11:52:41 AM,1/28/2025 11:35:15 AM,,,2,,,,,,,
2480143,24-019391,2,False,0109,4/19/2024 10:31:00 PM,2231,27X,14,109,Oakland,1,True,True,D,BROADSIDE,,Friday,,,,,False,False,True,,E,PARKED MOTOR VEHICLE,,1,0,CLEAR,,NO UNUSUAL CONDITIONS - NO UNUSUAL CONDITIONS,,D,DARK-NO STREET LIGHTS,,,,,,,A,NO PEDESTRIANS INVOLVED,,A,22107,,1,47TH AV,2,,,A,,,BANCROFT AV,,,D,7/22/2024 11:52:40 AM,1/28/2025 11:35:15 AM,,,2,,,,,,,
2480142,24-020021,2,False,0109,4/23/2024 4:01:00 PM,1601,31X,14,109,Oakland,1,True,True,C,REAR END,,Tuesday,,,,,False,False,False,,C,OTHER MOTOR VEHICLE,,1,0,CLEAR,,NO UNUSUAL CONDITIONS - NO UNUSUAL CONDITIONS,,A,DAYLIGHT,,,,,,,A,NO PEDESTRIANS INVOLVED,,A,22350,,1,EDES AV,2,,,A,W,330.0,98TH AV,F,,D,7/22/2024 11:52:40 AM,1/28/2025 11:35:15 AM,,,2,,,,,,,
2480141,24-017226,2,False,0109,4/8/2024 1:00:00 PM,1300,06X,14,109,Oakland,1,True,True,A,HEAD-ON,,Monday,,,,,False,False,False,,C,OTHER MOTOR VEHICLE,,1,0,CLEAR,,NO UNUSUAL CONDITIONS - NO UNUSUAL CONDITIONS,,A,DAYLIGHT,,,,,,,A,NO PEDESTRIANS INVOLVED,,A,21802A,,1,34TH ST,1,,,A,,,WEST ST,,,A,7/22/2024 11:52:40 AM,1/28/2025 11:35:15 AM,,,2,,,,,,,
2480140,24-016961,2,False,0109,4/6/2024 3:30:00 PM,1530,19X,14,109,Oakland,1,True,True,A,HEAD-ON,,Saturday,,,,,False,False,False,,I,FIXED OBJECT,,3,0,CLEAR,,NO UNUSUAL CONDITIONS - NO UNUSUAL CONDITIONS,,A,DAYLIGHT,,,,,,,A,NO PEDESTRIANS INVOLVED,,A,22107,,1,5TH AV,1,,,A,,,E 10TH ST,,,A,7/22/2024 11:52:40 AM,1/28/2025 11:35:15 AM,,,2,,,,,,,
2480139,24-017950,2,False,0109,4/12/2024 8:42:00 AM,842,12X,14,109,Oakland,1,True,True,H,OTHER,,Friday,,,,,False,False,False,,G,BICYCLE,,1,0,CLEAR,,NO UNUSUAL CONDITIONS - NO UNUSUAL CONDITIONS,,A,DAYLIGHT,,,,,,,A,NO PEDESTRIANS INVOLVED,,A,22106,,1,BROADWAY,2,,,A,,,45TH ST,,,D,7/22/2024 11:52:40 AM,1/28/2025 11:35:15 AM,,,2,,,,,,,
2480136,24-020761,2,False,0109,4/27/2024 3:50:00 PM,1550,08X,14,109,Oakland,1,True,True,D,BROADSIDE,,Saturday,,,,,False,False,False,,D,MOTOR VEHICLE ON OTHER ROADWAY,,2,0,CLEAR,,,,A,DAYLIGHT,,,,,,,A,NO PEDESTRIANS INVOLVED,,A,21801A,,1,W MACARTHUR BL,1,,,A,,,WEBSTER ST,,,A,7/22/2024 11:52:40 AM,1/28/2025 11:35:15 AM,,,2,,,,,,,
2480122,24-024538,2,False,0109,5/18/2024 9:54:00 AM,954,30X,14,109,Oakland,1,True,True,D,BROADSIDE,,Saturday,,,F,,False,False,False,,C,OTHER MOTOR VEHICLE,,1,0,CLEAR,,,,A,DAYLIGHT,,,,,,,A,NO PEDESTRIANS INVOLVED,,A,22450A,,1,HAVENSCOURT BL,2,,,A,,,ARTHUR ST,,,D,7/22/2024 11:52:39 AM,1/28/2025 11:35:14 AM,,,2,,,,,,,
2480119,24-025657,2,False,0109,5/24/2024 4:18:00 PM,1618,15X,14,109,Oakland,1,True,True,D,BROADSIDE,,Friday,,,,,False,False,False,,D,MOTOR VEHICLE ON OTHER ROADWAY,,1,0,CLEAR,,HOLES- DEEPRUT* - HOLES- DEEPRUT*,,A,DAYLIGHT,,,,,,,A,NO PEDESTRIANS INVOLVED,,A,21453A,,1,PARK BL,1,,,A,,,CHATHAM RD,,,A,7/22/2024 11:52:38 AM,1/28/2025 11:35:14 AM,,,2,,,,,,,
2480118,24-026661,2,False,0109,5/29/2024 6:04:00 PM,1804,26X,14,109,Oakland,1,True,True,C,REAR END,,Wednesday,,,F,,False,False,False,,C,OTHER MOTOR VEHICLE,,1,0,CLEAR,,NO UNUSUAL CONDITIONS - NO UNUSUAL CONDITIONS,,A,DAYLIGHT,,,,,,,A,NO PEDESTRIANS INVOLVED,,A,22350,,1,66TH AV,2,,,A,N,15.0,COLISEUM WY,F,,A,7/22/2024 11:52:38 AM,1/28/2025 11:35:14 AM,,,2,,,,,,,
2480115,24-021843,2,False,0109,5/4/2024 1:05:00 AM,105,30X,14,109,Oakland,1,True,True,D,BROADSIDE,,Saturday,,,,,False,False,True,,C,OTHER MOTOR VEHICLE,,1,0,CLOUDY,,NO UNUSUAL CONDITIONS - NO UNUSUAL CONDITIONS,,C,DARK-STREET LIGHTS,,,,,,,A,NO PEDESTRIANS INVOLVED,,A,21802A,,1,67TH AV,2,,,A,,,BANCROFT AV,,,D,7/22/2024 11:52:38 AM,1/28/2025 11:35:14 AM,,,2,,,,,,,
2480110,24-022747,2,False,0109,5/8/2024 4:14:00 PM,1614,27X,14,109,Oakland,1,True,True,D,BROADSIDE,,Wednesday,,,,,False,False,True,,C,OTHER MOTOR VEHICLE,,1,0,CLEAR,,NO UNUSUAL CONDITIONS - NO UNUSUAL CONDITIONS,,A,DAYLIGHT,,,,,,,A,NO PEDESTRIANS INVOLVED,,A,21802A,,1,BANCROFT AV,2,,,A,,,COLE ST,,,A,7/22/2024 11:52:37 AM,1/28/2025 11:35:14 AM,,,2,,,,,,,
2480108,24-027853,2,False,0109,6/5/2024 4:14:00 PM,1614,10X,14,109,Oakland,1,True,True,D,BROADSIDE,,Wednesday,,,,,False,False,True,,C,OTHER MOTOR VEHICLE,,1,0,CLEAR,,NO UNUSUAL CONDITIONS - NO UNUSUAL CONDITIONS,,A,DAYLIGHT,,,,,,,A,NO PEDESTRIANS INVOLVED,,A,21453A,,1,MARTIN LUTHER KING JR WY,1,,,A,,,55TH ST,,,A,7/22/2024 11:52:37 AM,1/28/2025 11:35:14 AM,,,2,,,,,,,
2480081,24-023120,2,False,0109,5/10/2024 7:12:00 PM,1912,27X,14,109,Oakland,1,True,True,A,HEAD-ON,,Friday,,,M,,False,False,False,,E,PARKED MOTOR VEHICLE,,0,0,CLEAR,,NO UNUSUAL CONDITIONS - NO UNUSUAL CONDITIONS,,A,DAYLIGHT,,,,,,,A,NO PEDESTRIANS INVOLVED,,A,22350,,1,THOMPSON ST,2,,,A,W,230.0,47TH AV,F,,D,7/22/2024 11:52:35 AM,1/28/2025 11:35:12 AM,,,2,,,,,,,
2480079,24-021398,2,False,0109,5/1/2024 11:34:00 AM,1134,24X,14,109,Oakland,1,True,True,D,BROADSIDE,,Wednesday,,,M,,False,False,False,,C,OTHER MOTOR VEHICLE,,0,0,CLEAR,,NO UNUSUAL CONDITIONS - NO UNUSUAL CONDITIONS,,A,DAYLIGHT,,,,,,,A,NO PEDESTRIANS INVOLVED,,A,22450A,,1,41ST AV,2,,,A,,,SANTA RITA ST,,,D,7/22/2024 11:52:35 AM,1/28/2025 11:35:12 AM,,,2,,,,,,,
2480077,24-022761,2,False,0109,5/8/2024 5:47:00 PM,1747,21X,14,109,Oakland,1,True,True,A,HEAD-ON,,Wednesday,,,,,False,False,False,,E,PARKED MOTOR VEHICLE,,0,0,CLEAR,,NO UNUSUAL CONDITIONS - NO UNUSUAL CONDITIONS,,A,DAYLIGHT,,,,,,,A,NO PEDESTRIANS INVOLVED,,A,22350,,1,25TH AV,2,,,A,N,10.0,E 22ND ST,F,,D,7/22/2024 11:52:35 AM,1/28/2025 11:35:12 AM,,,2,,,,,,,
2480059,24-025340,2,False,0109,5/22/2024 6:32:00 PM,1832,25X,14,109,Oakland,1,True,True,D,BROADSIDE,,Wednesday,,,,,False,False,False,,E,PARKED MOTOR VEHICLE,,0,0,CLEAR,,NO UNUSUAL CONDITIONS - NO UNUSUAL CONDITIONS,,A,DAYLIGHT,,,,,,,A,NO PEDESTRIANS INVOLVED,,D,,,,PATTERSON AV,2,,,A,S,80.0,CALIFORNIA ST,F,,D,7/22/2024 11:52:34 AM,1/28/2025 11:35:08 AM,,,2,,,,,,,
2480058,24-024294,2,False,0109,5/16/2024 9:20:00 PM,2120,31Y,14,109,Oakland,1,True,True,B,SIDE SWIPE,,Thursday,,,,,False,False,False,,C,OTHER MOTOR VEHICLE,,0,0,CLOUDY,,NO UNUSUAL CONDITIONS - NO UNUSUAL CONDITIONS,,C,DARK-STREET LIGHTS,,,,,,,A,NO PEDESTRIANS INVOLVED,,A,22107,,1,HEGENBERGER RD,2,,,A,,,EDES AV,,,A,7/22/2024 11:52:34 AM,1/28/2025 11:35:08 AM,,,2,,,,,,,
2480057,24-026574,2,False,0109,5/29/2024 9:03:00 AM,903,21Y,14,109,Oakland,1,True,True,B,SIDE SWIPE,,Wednesday,,,M,,False,False,False,,E,PARKED MOTOR VEHICLE,,0,0,CLEAR,,NO UNUSUAL CONDITIONS - NO UNUSUAL CONDITIONS,,A,DAYLIGHT,,,,,,,A,NO PEDESTRIANS INVOLVED,,A,22107,,1,CHAMPION ST,2,,,A,N,60.0,SCHOOL ST,F,,A,7/22/2024 11:52:34 AM,1/28/2025 11:35:08 AM,,,2,,,,,,,
2480056,24-022755,2,False,0109,5/8/2024 5:27:00 PM,1727,17X,14,109,Oakland,1,True,True,B,SIDE SWIPE,,Wednesday,,,,,False,False,True,,E,PARKED MOTOR VEHICLE,,0,0,CLEAR,,NO UNUSUAL CONDITIONS - NO UNUSUAL CONDITIONS,,A,DAYLIGHT,,,,,,,A,NO PEDESTRIANS INVOLVED,,A,22107,,1,E 21ST ST,1,,,A,,,9TH AVE,,,D,7/22/2024 11:52:34 AM,1/28/2025 11:35:08 AM,,,2,,,,,,,
2480055,24-024805,2,False,0109,5/20/2024 12:08:00 AM,8,23X,14,109,Oakland,1,True,True,F,OVERTURNED,,Monday,,,M,,False,False,False,,C,OTHER MOTOR VEHICLE,,0,0,CLEAR,,NO UNUSUAL CONDITIONS - NO UNUSUAL CONDITIONS,,C,DARK-STREET LIGHTS,,,,,,,A,NO PEDESTRIANS INVOLVED,,A,21453A,,1,INTERNATIONAL BL,2,,,A,,,HIGH ST,,,A,7/22/2024 11:52:34 AM,1/28/2025 11:35:08 AM,,,2,,,,,,,
2480054,24-025761,2,False,0109,5/25/2024 11:00:00 PM,2300,03X,14,109,Oakland,1,True,True,C,REAR END,,Saturday,,,M,,False,False,False,,E,PARKED MOTOR VEHICLE,,0,0,CLOUDY,,NO UNUSUAL CONDITIONS - NO UNUSUAL CONDITIONS,,A,DAYLIGHT,,,,,,,A,NO PEDESTRIANS INVOLVED,,A,22107,,1,JACKSON ST,1,,,A,N,50.0,7TH ST,F,,D,7/22/2024 11:52:33 AM,1/28/2025 11:35:08 AM,,,2,,,,,,,
2480053,24-015260,2,False,0109,3/27/2024 9:02:00 AM,902,27X,14,109,Oakland,1,True,True,C,REAR END,,Wednesday,,,,,False,False,False,,C,OTHER MOTOR VEHICLE,,0,0,CLOUDY,,NO UNUSUAL CONDITIONS - NO UNUSUAL CONDITIONS,,A,DAYLIGHT,,,,,,,A,NO PEDESTRIANS INVOLVED,,A,23152A,,1,FOOTHILL BL,2,,,A,E,20.0,HIGH ST,F,,A,7/22/2024 11:52:33 AM,1/28/2025 11:35:08 AM,,,2,,,,,,,
2480052,24-025531,2,False,0109,5/23/2024 11:12:00 PM,2312,23X,14,109,Oakland,1,True,True,E,HIT OBJECT,,Thursday,,,,,False,False,False,,I,FIXED OBJECT,,0,0,CLEAR,,NO UNUSUAL CONDITIONS - NO UNUSUAL CONDITIONS,,C,DARK-STREET LIGHTS,,,,,,,A,NO PEDESTRIANS INVOLVED,,A,22107,,1,35TH AV,2,,,A,N,50.0,16TH AV,F,,D,7/22/2024 11:52:33 AM,1/28/2025 11:35:08 AM,,,2,,,,,,,
2480051,24-026095,2,False,0109,5/27/2024 10:20:00 AM,1020,24X,14,109,Oakland,1,True,True,A,HEAD-ON,,Monday,,,,,False,False,False,,I,FIXED OBJECT,,0,0,CLEAR,,NO UNUSUAL CONDITIONS - NO UNUSUAL CONDITIONS,,A,DAYLIGHT,,,,,,,A,NO PEDESTRIANS INVOLVED,,A,22107,,1,MINNA AV,2,,,A,,,ANGELO AV,,,D,7/22/2024 11:52:33 AM,1/28/2025 11:35:08 AM,,,2,,,,,,,
2480050,24-025212,2,False,0109,5/22/2024 3:59:00 AM,359,35X,14,109,Oakland,1,True,True,E,HIT OBJECT,,Wednesday,,,,,False,False,True,,I,FIXED OBJECT,,0,0,CLEAR,,NO UNUSUAL CONDITIONS - NO UNUSUAL CONDITIONS,,C,DARK-STREET LIGHTS,,,,,,,A,NO PEDESTRIANS INVOLVED,,A,22107,,1,MACARTHUR BL,2,,,A,E,50.0,90TH AV,F,,A,7/22/2024 11:52:33 AM,1/28/2025 11:35:08 AM,,,2,,,,,,,
2480049,24-021534,2,False,0109,5/2/2024 7:53:00 AM,753,31X,14,109,Oakland,1,True,True,A,HEAD-ON,,Thursday,,,,,False,False,False,,C,OTHER MOTOR VEHICLE,,0,0,CLEAR,,NO UNUSUAL CONDITIONS - NO UNUSUAL CONDITIONS,,A,DAYLIGHT,,,,,,,A,NO PEDESTRIANS INVOLVED,,A,21453A,,1,DOOLITTLE DR,2,,,A,,,HEGENBERGER RD,,,A,7/22/2024 11:52:33 AM,1/28/2025 11:35:08 AM,,,2,,,,,,,
2480048,24-023482,2,False,0109,5/13/2024 2:51:00 AM,251,24X,14,109,Oakland,1,True,True,D,BROADSIDE,,Monday,,,M,,False,False,True,,E,PARKED MOTOR VEHICLE,,0,0,CLEAR,,NO UNUSUAL CONDITIONS - NO UNUSUAL CONDITIONS,,C,DARK-STREET LIGHTS,,,,,,,A,NO PEDESTRIANS INVOLVED,,A,22107,,1,LORENZO AV,2,,,A,S,21.0,SUTER ST,F,,A,7/22/2024 11:52:33 AM,1/28/2025 11:35:08 AM,,,2,,,,,,,
2480047,24-026146,2,False,0109,5/27/2024 3:37:00 PM,1537,08X,14,109,Oakland,1,True,True,E,HIT OBJECT,,Monday,,,,,False,False,False,,I,FIXED OBJECT,,0,0,CLEAR,,NO UNUSUAL CONDITIONS - NO UNUSUAL CONDITIONS,,A,DAYLIGHT,,,,,,,A,NO PEDESTRIANS INVOLVED,,A,22107,,1,PEARL ST,1,,,A,W,25.0,ORANGE ST,F,,D,7/22/2024 11:52:33 AM,1/28/2025 11:35:08 AM,,,2,,,,,,,
2480046,24-024161,2,False,0109,5/16/2024 5:18:00 PM,1718,31X,14,109,Oakland,1,True,True,B,SIDE SWIPE,,Thursday,,,F,,False,False,False,,C,OTHER MOTOR VEHICLE,,0,0,CLEAR,,NO UNUSUAL CONDITIONS - NO UNUSUAL CONDITIONS,,A,DAYLIGHT,,,,,,,A,NO PEDESTRIANS INVOLVED,,A,22107,,1,AIRPORT ACCESS RD,2,,,A,,,HEGENBERGER RD,,,A,7/22/2024 11:52:33 AM,1/28/2025 11:35:08 AM,,,2,,,,,,,
2480045,24-024365,2,False,0109,5/17/2024 9:43:00 AM,943,24X,14,109,Oakland,1,True,True,D,BROADSIDE,,Friday,,,,,False,False,True,,C,OTHER MOTOR VEHICLE,,0,0,CLOUDY,,NO UNUSUAL CONDITIONS - NO UNUSUAL CONDITIONS,,A,DAYLIGHT,,,,,,,A,NO PEDESTRIANS INVOLVED,,A,21453A,,1,38TH AVE,2,,,A,,,FOOTHILL BL,,,A,7/22/2024 11:52:33 AM,1/28/2025 11:35:08 AM,,,2,,,,,,,
2480044,24-016854,2,False,0109,4/5/2024 9:58:00 PM,2158,19X,14,109,Oakland,1,True,True,D,BROADSIDE,,Friday,,,M,,False,False,False,,D,MOTOR VEHICLE ON OTHER ROADWAY,,0,0,CLEAR,,NO UNUSUAL CONDITIONS - NO UNUSUAL CONDITIONS,,C,DARK-STREET LIGHTS,,,,,,,A,NO PEDESTRIANS INVOLVED,,A,22350,,2,E 15TH ST,1,,,A,,,9TH AV,,,A,7/22/2024 11:52:33 AM,1/28/2025 11:35:08 AM,,,2,,,,,,,
2480043,24-024802,2,False,0109,5/20/2024 12:03:00 PM,1203,20X,14,109,Oakland,1,True,True,B,SIDE SWIPE,,Monday,,,M,,False,False,False,,C,OTHER MOTOR VEHICLE,,0,0,CLEAR,,NO UNUSUAL CONDITIONS - NO UNUSUAL CONDITIONS,,C,DARK-STREET LIGHTS,,,,,,,A,NO PEDESTRIANS INVOLVED,,A,22107,,1,FOOTHILL BL,2,,,A,,,25TH ST,,,D,7/22/2024 11:52:33 AM,1/28/2025 11:35:08 AM,,,2,,,,,,,
2480041,24-017577,2,False,0109,4/9/2024 9:40:00 PM,2140,10X,14,109,Oakland,1,True,True,B,SIDE SWIPE,,Tuesday,,,,,False,False,False,,C,OTHER MOTOR VEHICLE,,0,0,CLEAR,,NO UNUSUAL CONDITIONS - NO UNUSUAL CONDITIONS,,C,DARK-STREET LIGHTS,,,,,,,A,NO PEDESTRIANS INVOLVED,,D,,,,61ST ST,1,,,A,E,15.0,LOWELL ST,F,,D,7/22/2024 11:52:32 AM,1/28/2025 11:35:07 AM,,,2,,,,,,,
2480040,24-018235,2,False,0109,4/14/2024 1:44:00 AM,144,10Y,14,109,Oakland,1,True,True,D,BROADSIDE,,Sunday,,,M,,False,False,False,,C,OTHER MOTOR VEHICLE,,0,0,RAINING,,NO UNUSUAL CONDITIONS - NO UNUSUAL CONDITIONS,,C,DARK-STREET LIGHTS,,,,,,,A,NO PEDESTRIANS INVOLVED,,A,21453A,,1,MARTIN LUTHER KING JR WY,1,,,B,,,53RD ST,,,A,7/22/2024 11:52:32 AM,1/28/2025 11:35:07 AM,,,2,,,,,,,
2480039,24-016856,2,False,0109,4/6/2024 10:14:00 PM,2214,31Y,14,109,Oakland,1,True,True,D,BROADSIDE,,Saturday,,,,,False,False,False,,C,OTHER MOTOR VEHICLE,,0,0,CLEAR,,NO UNUSUAL CONDITIONS - NO UNUSUAL CONDITIONS,,C,DARK-STREET LIGHTS,,,,,,,A,NO PEDESTRIANS INVOLVED,,A,21801A,,1,DOOLITTLE DR,2,,,A,,,AIRPORT ACCESS DR,,,A,7/22/2024 11:52:32 AM,1/28/2025 11:35:07 AM,,,2,,,,,,,
2480038,24-018560,2,False,0109,4/13/2024 6:00:00 PM,1800,34X,14,109,Oakland,1,True,True,D,BROADSIDE,,Saturday,,,,,False,False,False,,E,PARKED MOTOR VEHICLE,,0,0,OTHER,,NO UNUSUAL CONDITIONS - NO UNUSUAL CONDITIONS,,A,DAYLIGHT,,,,,,,A,NO PEDESTRIANS INVOLVED,,A,22106,,1,94TH AV,2,,,,N,100.0,INTERNATIONAL BL,F,,D,7/22/2024 11:52:32 AM,1/28/2025 11:35:07 AM,,,2,,,,,,,
2480026,24-020020,2,False,0109,4/23/2024 3:05:00 PM,1505,23X,14,109,Oakland,1,True,True,D,BROADSIDE,,Tuesday,,,M,,False,False,False,,C,OTHER MOTOR VEHICLE,,0,0,CLEAR,,NO UNUSUAL CONDITIONS - NO UNUSUAL CONDITIONS,,A,DAYLIGHT,,,,,,,A,NO PEDESTRIANS INVOLVED,,A,22107,,1,FRUITVALE AV,2,,,A,N,400.0,E 16TH ST,F,,D,7/22/2024 11:52:31 AM,1/28/2025 11:35:07 AM,,,2,,,,,,,
2480025,24-010872,2,False,0109,4/20/2024 5:11:00 PM,1711,27X,14,109,Oakland,1,True,True,C,REAR END,,Saturday,,,,,False,False,False,,C,OTHER MOTOR VEHICLE,,0,0,CLEAR,,NO UNUSUAL CONDITIONS - NO UNUSUAL CONDITIONS,,A,DAYLIGHT,,,,,,,A,NO PEDESTRIANS INVOLVED,,A,22350,,1,BANCROFT AV,2,,,A,N,5.0,VICKSBURG AV,F,,A,7/22/2024 11:52:31 AM,1/28/2025 11:35:07 AM,,,2,,,,,,,
2480023,24-017703,2,False,0109,4/20/2024 7:25:00 PM,1925,27X,14,109,Oakland,1,True,True,A,HEAD-ON,,Saturday,,,M,,False,False,False,,E,PARKED MOTOR VEHICLE,,0,0,CLEAR,,NO UNUSUAL CONDITIONS - NO UNUSUAL CONDITIONS,,A,DAYLIGHT,,,,,,,A,NO PEDESTRIANS INVOLVED,,A,22107,,1,65TH AV,2,,,A,N,600.0,INTERNATIONAL BL,F,,D,7/22/2024 11:52:31 AM,1/28/2025 11:35:07 AM,,,2,,,,,,,
2480022,24-019683,2,False,0109,4/21/2024 6:15:00 PM,1815,14X,14,109,Oakland,1,True,True,D,BROADSIDE,,Sunday,,,,,False,False,False,,C,OTHER MOTOR VEHICLE,,0,0,CLEAR,,,,A,DAYLIGHT,,,,,,,A,NO PEDESTRIANS INVOLVED,,A,22350,,1,GRAND AV,1,,,A,,,PERKINS ST,,,A,7/22/2024 11:52:31 AM,1/28/2025 11:35:07 AM,,,2,,,,,,,
2480021,24-021231,2,False,0109,4/30/2024 11:50:00 AM,1150,10Y,14,109,Oakland,1,True,True,A,HEAD-ON,,Tuesday,,,,,False,False,False,,C,OTHER MOTOR VEHICLE,,0,0,CLEAR,,NO UNUSUAL CONDITIONS - NO UNUSUAL CONDITIONS,,A,DAYLIGHT,,,,,,,A,NO PEDESTRIANS INVOLVED,,A,22106,,1,52ND ST,1,,,A,S,10.0,WEST ST,F,,A,7/22/2024 11:52:31 AM,1/28/2025 11:35:07 AM,,,2,,,,,,,
2480020,24-020457,2,False,0109,4/29/2024 1:18:00 AM,118,33X,14,109,Oakland,1,True,True,H,OTHER,,Monday,,,M,,False,False,False,,E,PARKED MOTOR VEHICLE,,0,0,CLEAR,,NO UNUSUAL CONDITIONS - NO UNUSUAL CONDITIONS,,C,DARK-STREET LIGHTS,,,,,,,A,NO PEDESTRIANS INVOLVED,,A,22107,,1,85TH AV,2,,,A,S,0.1,D ST,M,,D,7/22/2024 11:52:31 AM,1/28/2025 11:35:06 AM,,,2,,,,,,,
2480019,24-021112,2,False,0109,4/29/2024 4:29:00 PM,1629,35X,14,109,Oakland,1,True,True,H,OTHER,,Monday,,,M,,False,False,False,,I,FIXED OBJECT,,0,0,CLEAR,,NO UNUSUAL CONDITIONS - NO UNUSUAL CONDITIONS,,A,DAYLIGHT,,,,,,,A,NO PEDESTRIANS INVOLVED,,A,22107,,1,82ND AV,2,,,A,S,20.0,GOLD LINKS RD,F,,A,7/22/2024 11:52:31 AM,1/28/2025 11:35:06 AM,,,2,,,,,,,
2480018,24-18447,2,False,0109,4/15/2024 9:40:00 AM,940,29X,14,109,Oakland,1,True,True,A,HEAD-ON,,Monday,,,M,,False,False,False,,C,OTHER MOTOR VEHICLE,,0,0,CLOUDY,,NO UNUSUAL CONDITIONS - NO UNUSUAL CONDITIONS,,A,DAYLIGHT,,,,,,,A,NO PEDESTRIANS INVOLVED,,A,21651B,,1,66TH AV,2,,,A,S,20.0,OUTLOOK AV,F,,D,7/22/2024 11:52:31 AM,1/28/2025 11:35:06 AM,,,2,,,,,,,
2480016,24-018105,2,False,0109,4/13/2024 3:29:00 AM,329,24X,14,109,Oakland,1,True,True,,,,Saturday,,,M,,False,False,False,,C,OTHER MOTOR VEHICLE,,0,0,RAINING,,,,C,DARK-STREET LIGHTS,,,,,,,A,NO PEDESTRIANS INVOLVED,,A,22107,,1,40TH AV,2,,,D,N,15.0,SAN JUAN ST,F,,A,7/22/2024 11:52:31 AM,1/28/2025 11:35:06 AM,,,2,,,,,,,
2480015,24-016405,2,False,0109,4/3/2024 11:37:00 PM,2337,19X,14,109,Oakland,1,True,True,B,SIDE SWIPE,,Wednesday,,,M,,False,False,False,,C,OTHER MOTOR VEHICLE,,0,0,CLEAR,,NO UNUSUAL CONDITIONS - NO UNUSUAL CONDITIONS,,C,DARK-STREET LIGHTS,,,,,,,A,NO PEDESTRIANS INVOLVED,,A,22107,,1,23RD AV,1,,,A,E,500.0,12TH ST,F,,A,7/22/2024 11:52:31 AM,1/28/2025 11:35:06 AM,,,2,,,,,,,