collision-id,report-number,report-version,is-preliminary,ncic-code,crash-date-time,crash-time-description,beat,city-id,city-code,city-name,county-code,city-is-active,city-is-incorporated,collision-type-code,collision-type-description,collision-type-other-desc,day-of-week,dispatch-notified,has-photographs,hit-run,is-attachments-mailed,is-deleted,is-highway-related,is-tow-away,judicial-district,motor-vehicle-involved-with-code,motor-vehicle-involved-with-desc,motor-vehicle-involved-with-other-desc,number-injured,number-killed,weather-1,weather-2,road-condition-1,road-condition-2,special-condition-lighting-code,lighting-description,latitude,longitude,milepost-direction,milepost-distance,milepost-marker,milepost-unit-of-measure,pedestrian-action-code,pedestrian-action-desc,prepared-date,primary-collision-factor-code,primary-collision-factor-violation,primary-collision-factor-is-cited,primary-collision-party-number,primary-road,reporting-district,reporting-district-code,reviewed-date,roadway-surface-code,secondary-direction,secondary-distance,secondary-road,secondary-unit-of-measure,sketch-desc,traffic-control-device-code,created-date,modified-date,is-county-road,is-freeway,chp-555-version,is-additonal-object-struck,notification-date,notification-time-description,has-digital-media-files,evidence-number,is-location-refer-to-narrative,is-aoi-one-same-as-location
4387297,24-027779,2,False,0109,6/5/2024 8:25:00 AM,825,21Y,14,109,Oakland,1,True,True,D,BROADSIDE,,Wednesday,,,,,False,False,False,,C,OTHER MOTOR VEHICLE,,2,0,CLEAR,,NO UNUSUAL CONDITIONS - NO UNUSUAL CONDITIONS,,A,DAYLIGHT,,,,,,,A,NO PEDESTRIANS INVOLVED,,A,21453A,,,COOLIDGE AV,2,,,A,,,SCHOOL ST,,,A,9/9/2024 3:48:38 PM,1/28/2025 11:46:06 AM,,,2,,,,,,,
4387235,9370-2024-02738,1,False,9370,8/28/2024 7:25:00 PM,1925,024,14,109,Oakland,1,True,True,E,HIT OBJECT,,Wednesday,NotApplicable,False,,,False,True,True,ALAMEDA SUPERIOR COURT WILEY W. MANUEL COURTHOUSE,J,OTHER OBJECT,DIRT-GRASS EMBANKMENT,1,0,CLEAR,,NO UNUSUAL CONDITIONS,,B,DUSK-DAWN,37.863865,-122.208509,,,,,A,NO PEDESTRIANS INVOLVED,8/28/2024 7:25:00 PM,A,VC 22107,False,1,SR-24 E/B TO FISH RANCH ROAD,,,9/9/2024 3:14:10 PM,A,E,1014.0,FISH RANCH ROAD,F,,D,9/9/2024 3:14:13 PM,9/9/2024 3:14:13 PM,False,True,4,,8/28/2024 7:31:00 PM,1931,False,,,True
4387203,9370-2024-02728,1,False,9370,8/26/2024 1:30:00 PM,1330,176,14,109,Oakland,1,True,True,B,SIDE SWIPE,,Monday,NotApplicable,False,,,False,True,False,ALAMEDA SUPERIOR COURT WILEY W. MANUEL COURTHOUSE,C,OTHER MOTOR VEHICLE,,0,0,CLEAR,,NO UNUSUAL CONDITIONS,,A,DAYLIGHT,37.776449,-122.235687,,,,,A,NO PEDESTRIANS INVOLVED,8/26/2024 1:30:00 PM,A,VC 21658(A),False,1,I-880 N/B,,,9/9/2024 2:56:41 PM,A,S,700.0,23RD AVE,F,,D,9/9/2024 2:56:43 PM,9/9/2024 2:56:43 PM,False,True,4,,8/26/2024 2:11:00 PM,1411,False,,,True
4387044,24-018089,2,False,0109,4/13/2024 12:54:00 AM,54,29X,14,109,Oakland,1,True,True,D,BROADSIDE,,Saturday,,,,,False,False,True,,C,OTHER MOTOR VEHICLE,,2,0,CLEAR,,NO UNUSUAL CONDITIONS - NO UNUSUAL CONDITIONS,,C,DARK-STREET LIGHTS,,,,,,,A,NO PEDESTRIANS INVOLVED,,A,21453A,,,FOOTHILL BL,1,,,A,,,HAVENSCOURT BL,,,A,9/9/2024 1:43:37 PM,1/28/2025 11:48:03 AM,,,2,,,,,,,
4387022,9370-2024-02653,1,False,9370,8/20/2024 9:40:00 PM,2140,176,14,109,Oakland,1,True,True,C,REAR END,,Tuesday,NotApplicable,False,M,,False,True,False,ALAMEDA SUPERIOR COURT WILEY W. MANUEL COURTHOUSE,C,OTHER MOTOR VEHICLE,,1,0,CLEAR,,NO UNUSUAL CONDITIONS,,C,DARK-STREET LIGHTS,37.759538,-122.213175,,,,,A,NO PEDESTRIANS INVOLVED,8/20/2024 9:40:00 PM,A,VC 22350,False,1,I-880 S/B,,,9/9/2024 1:36:45 PM,A,N,2447.0,66TH AVE,F,,D,9/9/2024 1:36:48 PM,9/9/2024 1:36:48 PM,False,True,4,,8/20/2024 9:46:00 PM,2146,False,,,True
4386981,24-015155,2,False,0109,3/26/2024 2:44:00 PM,1444,03X,14,109,Oakland,1,True,True,D,BROADSIDE,,Tuesday,,,,,False,False,True,,C,OTHER MOTOR VEHICLE,,0,0,CLEAR,,NO UNUSUAL CONDITIONS - NO UNUSUAL CONDITIONS,,A,DAYLIGHT,,,,,,,A,NO PEDESTRIANS INVOLVED,,A,,,1,7TH ST,1,,,A,,,BROADWAY,,,A,9/9/2024 1:28:36 PM,1/28/2025 11:22:51 AM,,,2,,,,,,,
4386968,24-008119,2,False,0109,2/15/2024 9:24:00 AM,924,23X,14,109,Oakland,1,True,True,C,REAR END,,Thursday,,,,,False,False,False,,C,OTHER MOTOR VEHICLE,,0,0,CLEAR,,NO UNUSUAL CONDITIONS - NO UNUSUAL CONDITIONS,,A,DAYLIGHT,,,,,,,A,NO PEDESTRIANS INVOLVED,,A,22350,,1,INTERNATIONAL BL,2,,,A,W,66.0,HIGH ST,F,,A,9/9/2024 1:23:36 PM,1/28/2025 11:22:51 AM,,,2,,,,,,,
4386898,24-026746,2,False,0109,5/30/2024 8:56:00 AM,856,26X,14,109,Oakland,1,True,True,B,SIDE SWIPE,,Thursday,,,,,False,False,False,,E,PARKED MOTOR VEHICLE,,0,0,CLEAR,,NO UNUSUAL CONDITIONS - NO UNUSUAL CONDITIONS,REDUCED ROADWAY WIDTH - REDUCED ROADWAY WIDTH,A,DAYLIGHT,,,,,,,A,NO PEDESTRIANS INVOLVED,,A,22107,,1,47TH AV,2,,,A,N,20.0,12TH ST,F,,D,9/9/2024 12:58:36 PM,1/28/2025 11:22:51 AM,,,2,,,,,,,
4386751,9370-2024-02561,1,False,9370,8/9/2024 9:50:00 PM,2150,052,14,109,Oakland,1,True,True,C,REAR END,,Friday,Yes,False,,,False,True,False,ALAMEDA SUPERIOR COURT WILEY W. MANUEL COURTHOUSE,C,OTHER MOTOR VEHICLE,,1,0,CLEAR,,NO UNUSUAL CONDITIONS,,B,DUSK-DAWN,37.783102,-122.176676,,,,,A,NO PEDESTRIANS INVOLVED,8/9/2024 9:50:00 PM,A,VC 22350,False,1,I-580 W/B,,,9/9/2024 12:09:26 PM,A,E,532.0,SR-13,F,,D,9/9/2024 12:09:42 PM,9/9/2024 12:09:42 PM,False,True,4,True,8/9/2024 9:53:00 PM,2153,False,,,True
4386629,24-012200,2,False,0109,3/9/2024 5:22:00 PM,1722,26X,14,109,Oakland,1,True,True,G,VEHICLE/PEDESTRAIN,,Saturday,,,M,,False,False,False,,,,,1,0,CLEAR,,NO UNUSUAL CONDITIONS - NO UNUSUAL CONDITIONS,,A,DAYLIGHT,,,,,,,E,IN ROAD - INCLUDES SHOULDER,,A,22107,,1,EASTLAWN ST,2,,,A,,,63RD AVE,,,A,9/9/2024 11:23:35 AM,1/28/2025 11:22:07 AM,,,2,,,,,,,
4386582,9370-2024-02625,1,False,9370,8/18/2024 4:20:00 AM,420,176,14,109,Oakland,1,True,True,B,SIDE SWIPE,,Sunday,Yes,False,,,False,True,False,ALAMEDA SUPERIOR COURT WILEY W. MANUEL COURTHOUSE,C,OTHER MOTOR VEHICLE,,1,0,CLEAR,,NO UNUSUAL CONDITIONS,,C,DARK-STREET LIGHTS,37.756218,-122.210257,,,,,A,NO PEDESTRIANS INVOLVED,8/18/2024 4:20:00 AM,A,VC 23152(A),True,1,INTERSTATE 880 SOUTHBOUND,,,9/9/2024 11:07:13 AM,A,N,1000.0,66TH AVENUE,F,,D,9/9/2024 11:07:16 AM,9/9/2024 11:07:16 AM,False,True,4,,8/18/2024 4:26:00 AM,426,False,,,True
4386239,24-027617,2,False,0109,6/4/2024 11:02:00 AM,1102,26Y,14,109,Oakland,1,True,True,A,HEAD-ON,,Tuesday,,,M,,False,False,True,,I,FIXED OBJECT,,0,0,CLEAR,,NO UNUSUAL CONDITIONS - NO UNUSUAL CONDITIONS,,A,DAYLIGHT,,,,,,,A,NO PEDESTRIANS INVOLVED,,A,22107,,1,70TH AV,2,,,A,S,180.0,INTERNATIONAL BL,F,,D,9/9/2024 9:33:31 AM,1/28/2025 11:35:05 AM,,,2,,,,,,,
4386206,9335-2024-02032,1,False,9335,9/5/2024 4:16:00 PM,1616,084,14,109,Oakland,1,True,True,E,HIT OBJECT,,Thursday,NotApplicable,False,,,False,True,False,ALAMEDA SUPERIOR COURT ALAMEDA,J,OTHER OBJECT,METAL OBJECT,0,0,CLEAR,,NO UNUSUAL CONDITIONS,,A,DAYLIGHT,37.820521,-122.338103,,,,,A,NO PEDESTRIANS INVOLVED,9/5/2024 4:16:00 PM,C,,,,I-80 E/B,,,9/9/2024 9:24:55 AM,A,E,1.6,YERBA BUENA TUNNEL EAST EDGE,M,,D,9/9/2024 9:25:08 AM,9/9/2024 9:25:08 AM,False,True,4,,9/5/2024 4:18:00 PM,1618,False,,,True
4384713,24023653,2,False,0109,5/13/2024 4:39:00 PM,1639,26X,14,109,Oakland,1,True,True,H,OTHER,,Monday,,,M,,False,False,False,,C,OTHER MOTOR VEHICLE,,0,0,CLEAR,,NO UNUSUAL CONDITIONS - NO UNUSUAL CONDITIONS,,A,DAYLIGHT,,,,,,,A,NO PEDESTRIANS INVOLVED,,A,21453A,,1,HAMILTON ST,2,,,A,E,40.0,HEGENBERGER RD,F,,A,9/6/2024 2:08:21 PM,1/28/2025 11:46:21 AM,,,2,,,,,,,
4384673,24022160,2,False,0109,5/5/2024 10:23:00 PM,2223,24X,14,109,Oakland,1,True,True,E,HIT OBJECT,,Sunday,,,M,,False,False,False,,I,FIXED OBJECT,,0,0,CLEAR,,NO UNUSUAL CONDITIONS - NO UNUSUAL CONDITIONS,,C,DARK-STREET LIGHTS,,,,,,,A,NO PEDESTRIANS INVOLVED,,A,22107,,1,FOOTHILL BL,2,,,A,,,CROSBY AV,,,D,9/6/2024 1:58:21 PM,1/28/2025 11:46:20 AM,,,2,,,,,,,
4384272,9370-2024-02743,1,False,9370,8/25/2024 6:20:00 PM,1820,052,14,109,Oakland,1,True,True,B,SIDE SWIPE,,Sunday,Yes,False,,,False,True,True,ALAMEDA SUPERIOR COURT WILEY W. MANUEL COURTHOUSE,C,OTHER MOTOR VEHICLE,,1,0,CLEAR,,NO UNUSUAL CONDITIONS,,A,DAYLIGHT,37.74421,-122.147934,,,,,A,NO PEDESTRIANS INVOLVED,8/25/2024 6:20:00 PM,A,VC 21658(a),False,,I-580 E/B,,,9/6/2024 11:13:38 AM,A,E,390.0,106TH AVE,F,,D,9/6/2024 11:13:40 AM,9/6/2024 11:13:40 AM,False,True,4,,8/25/2024 6:31:00 PM,1831,False,,,True
4384268,24022018,2,False,0109,5/4/2024 9:30:00 AM,930,24X,14,109,Oakland,1,True,True,C,REAR END,,Saturday,,,M,,False,False,False,,E,PARKED MOTOR VEHICLE,,0,0,RAINING,,NO UNUSUAL CONDITIONS - NO UNUSUAL CONDITIONS,,B,DUSK-DAWN,,,,,,,A,NO PEDESTRIANS INVOLVED,,A,22106,,1,SCHOOL ST,2,,,B,E,100.0,LAUREL AV,F,,D,9/6/2024 11:13:17 AM,1/28/2025 11:46:20 AM,,,2,,,,,,,
4384090,9370-2024-02773,1,False,9370,8/27/2024 12:14:00 PM,1214,176,14,109,Oakland,1,True,True,C,REAR END,,Tuesday,NotApplicable,False,,,False,True,False,ALAMEDA SUPERIOR COURT WILEY W. MANUEL COURTHOUSE,C,OTHER MOTOR VEHICLE,,0,0,CLEAR,,NO UNUSUAL CONDITIONS,,A,DAYLIGHT,37.774311,-122.231,,,,,A,NO PEDESTRIANS INVOLVED,8/27/2024 12:14:00 PM,A,VC 22350,False,1,I-880,,,9/6/2024 10:12:02 AM,A,S,300.0,27TH AVE,F,,D,9/6/2024 10:12:03 AM,9/6/2024 10:12:03 AM,False,True,4,,8/27/2024 12:20:00 PM,1220,False,,,True
4384048,9370-2024-02727,1,False,9370,8/27/2024 2:39:00 AM,239,055,14,109,Oakland,1,True,True,E,HIT OBJECT,,Tuesday,NotApplicable,False,M,,False,True,True,ALAMEDA SUPERIOR COURT WILEY W. MANUEL COURTHOUSE,I,FIXED OBJECT,GUARD RAIL,0,0,CLEAR,,NO UNUSUAL CONDITIONS,,C,DARK-STREET LIGHTS,37.827078,-122.283943,,,,,A,NO PEDESTRIANS INVOLVED,8/27/2024 2:39:00 AM,A,VC 22107,False,1,I-580 W/B,,,9/6/2024 9:58:43 AM,A,E,153.0,HOLLIS ST,F,,D,9/6/2024 9:58:45 AM,9/6/2024 9:58:45 AM,False,True,4,,8/27/2024 12:00:00 AM,241,False,,,True
4383967,9370-2024-02702,1,False,9370,8/25/2024 2:35:00 AM,235,177,14,109,Oakland,1,True,True,C,REAR END,,Sunday,NotApplicable,False,,,False,True,False,ALAMEDA SUPERIOR COURT WILEY W. MANUEL COURTHOUSE,C,OTHER MOTOR VEHICLE,,0,0,CLEAR,,NO UNUSUAL CONDITIONS,,C,DARK-STREET LIGHTS,37.788453,-122.251435,,,,,A,NO PEDESTRIANS INVOLVED,8/25/2024 2:35:00 AM,A,VC 23152(a),True,1,INTERSTATE 880 SOUTHBOUND,,,9/6/2024 9:29:41 AM,A,N,2170.0,16TH AVENUE,F,,D,9/6/2024 9:29:46 AM,9/6/2024 9:29:46 AM,False,True,4,False,8/25/2024 2:40:00 AM,240,False,,,True
4383895,9370-2024-02704,1,False,9370,8/25/2024 12:05:00 PM,1205,176,14,109,Oakland,1,True,True,C,REAR END,,Sunday,NotApplicable,False,,,False,True,False,ALAMEDA SUPERIOR COURT WILEY W. MANUEL COURTHOUSE,C,OTHER MOTOR VEHICLE,,2,0,CLEAR,,NO UNUSUAL CONDITIONS,,A,DAYLIGHT,37.725526,-122.183102,,,,,A,NO PEDESTRIANS INVOLVED,8/25/2024 12:05:00 PM,A,VC 22350,False,1,INTERSTATE 880 NORTHBOUND,,,9/6/2024 8:59:00 AM,A,S,1200.0,98TH AVENUE,F,,D,9/6/2024 8:59:26 AM,9/6/2024 8:59:26 AM,False,True,4,,8/25/2024 12:10:00 PM,1210,False,,,True
4383860,9370-2024-02693,2,False,9370,8/24/2024 3:45:00 AM,345,177,14,109,Oakland,1,True,True,B,SIDE SWIPE,,Saturday,NotApplicable,False,,,False,True,False,ALAMEDA SUPERIOR COURT WILEY W. MANUEL COURTHOUSE,C,OTHER MOTOR VEHICLE,,0,0,CLEAR,,NO UNUSUAL CONDITIONS,,C,DARK-STREET LIGHTS,37.786492,-122.24596,,,,,A,NO PEDESTRIANS INVOLVED,8/24/2024 3:45:00 AM,A,VC 21658(a),False,3,I-880 S/B,,,9/6/2024 8:52:13 AM,A,N,500.0,16TH AVE,F,,D,9/6/2024 8:49:38 AM,9/6/2024 8:52:19 AM,False,True,4,False,8/24/2024 3:46:00 AM,346,False,,,True
4383800,9370-2024-02721,1,False,9370,8/26/2024 8:05:00 AM,805,901,14,109,Oakland,1,True,True,D,BROADSIDE,,Monday,NotApplicable,False,,,False,False,False,ALAMEDA SUPERIOR COURT WILEY W. MANUEL COURTHOUSE,C,OTHER MOTOR VEHICLE,,0,0,CLEAR,,NO UNUSUAL CONDITIONS,,School Bus CollisionA,DAYLIGHT,37.754185,-122.190975,,,,,A,NO PEDESTRIANS INVOLVED,8/26/2024 8:05:00 AM,A,VC 22107,False,1,73RD AVENUE,,,9/6/2024 8:26:53 AM,A,,,SPENCER ST,,,A,9/6/2024 8:27:28 AM,9/6/2024 8:27:28 AM,True,False,4,,8/26/2024 8:10:00 AM,810,False,,,True
4383696,24-016751,2,False,0109,4/5/2024 8:56:00 AM,856,30X,14,109,Oakland,1,True,True,C,REAR END,,Friday,,,,,False,False,False,,C,OTHER MOTOR VEHICLE,,0,0,CLEAR,,NO UNUSUAL CONDITIONS - NO UNUSUAL CONDITIONS,,A,DAYLIGHT,,,,,,,A,NO PEDESTRIANS INVOLVED,,A,22350,,1,INTERNATIONAL BL,2,,,A,,,74TH AV,,,D,9/6/2024 7:38:13 AM,1/28/2025 11:48:31 AM,,,2,,,,,,,
4383673,24-019857,2,False,0109,4/22/2024 6:01:00 PM,1801,26Y,14,109,Oakland,1,True,True,C,REAR END,,Monday,,,,,False,False,False,,C,OTHER MOTOR VEHICLE,,0,0,CLEAR,,NO UNUSUAL CONDITIONS - NO UNUSUAL CONDITIONS,,A,DAYLIGHT,,,,,,,A,NO PEDESTRIANS INVOLVED,,A,22350,,1,INTERNATIONAL BL,2,,,A,,,70TH AV,,,A,9/6/2024 7:28:13 AM,1/28/2025 11:48:31 AM,,,2,,,,,,,
4383617,24-019609,2,False,0109,4/21/2024 10:30:00 AM,1030,23X,14,109,Oakland,1,True,True,C,REAR END,,Sunday,,,,,False,False,False,,C,OTHER MOTOR VEHICLE,,0,0,CLEAR,,NO UNUSUAL CONDITIONS - NO UNUSUAL CONDITIONS,,A,DAYLIGHT,,,,,,,A,NO PEDESTRIANS INVOLVED,,A,22106,,1,42ND AV,2,,,A,S,10.0,INTERNATIONAL BL,F,,A,9/6/2024 6:58:12 AM,1/28/2025 11:48:31 AM,,,2,,,,,,,
4383610,24-006776,2,False,0109,2/7/2024 9:54:00 AM,954,26X,14,109,Oakland,1,True,True,A,HEAD-ON,,Wednesday,,,M,,False,False,False,,E,PARKED MOTOR VEHICLE,,0,0,RAINING,,NO UNUSUAL CONDITIONS - NO UNUSUAL CONDITIONS,,A,DAYLIGHT,,,,,,,A,NO PEDESTRIANS INVOLVED,,A,22107,,1,63RD AV,2,,,B,N,40.0,EASTLAWN ST,F,,D,9/6/2024 6:53:12 AM,1/28/2025 11:36:14 AM,,,2,,,,,,,
4383583,24-020872,2,False,0109,4/28/2024 12:37:00 PM,1237,09X,14,109,Oakland,1,True,True,A,HEAD-ON,,Sunday,,,,,False,False,False,,C,OTHER MOTOR VEHICLE,,0,0,CLEAR,,NO UNUSUAL CONDITIONS - NO UNUSUAL CONDITIONS,,A,DAYLIGHT,,,,,,,A,NO PEDESTRIANS INVOLVED,,A,21801A,,1,40TH ST,1,,,A,N,5.0,BROADWAY,F,,A,9/6/2024 6:38:12 AM,1/28/2025 11:48:31 AM,,,2,,,,,,,
4383571,24-028498,2,False,0109,6/9/2024 1:05:00 PM,1305,32X,14,109,Oakland,1,True,True,D,BROADSIDE,,Sunday,,,M,,False,False,False,,C,OTHER MOTOR VEHICLE,,0,0,CLEAR,,NO UNUSUAL CONDITIONS - NO UNUSUAL CONDITIONS,,A,DAYLIGHT,,,,,,,A,NO PEDESTRIANS INVOLVED,,A,22450A,,1,103RD AV,2,,,A,,,GRAFFIAN ST,,,A,9/6/2024 6:28:11 AM,1/28/2025 11:45:48 AM,,,2,,,,,,,
4383139,24023154,2,False,0109,5/11/2024 2:35:00 AM,235,19X,14,109,Oakland,1,True,True,A,HEAD-ON,,Saturday,,,M,,False,False,False,,C,OTHER MOTOR VEHICLE,,0,0,CLEAR,,NO UNUSUAL CONDITIONS - NO UNUSUAL CONDITIONS,,C,DARK-STREET LIGHTS,,,,,,,A,NO PEDESTRIANS INVOLVED,,A,21453A,,1,INTERNATIONAL BL,1,,,A,,,5TH AV,,,A,9/5/2024 4:28:09 PM,1/28/2025 11:46:21 AM,,,2,,,,,,,
4382877,24-007857,2,False,0109,2/13/2024 5:00:00 PM,1700,05Y,14,109,Oakland,1,True,True,D,BROADSIDE,,Tuesday,,,,,False,False,False,,C,OTHER MOTOR VEHICLE,,1,0,CLEAR,,NO UNUSUAL CONDITIONS - NO UNUSUAL CONDITIONS,,A,DAYLIGHT,,,,,,,A,NO PEDESTRIANS INVOLVED,,A,21802A,,1,CAMPBELL ST,1,,,A,,,16TH ST,,,D,9/5/2024 1:23:08 PM,1/28/2025 11:40:23 AM,,,2,,,,,,,
4402593,24-042277,2,False,0109,8/23/2024 11:11:00 AM,1111,23X,14,109,Oakland,1,True,True,B,SIDE SWIPE,,Friday,,,F,,False,False,False,,C,OTHER MOTOR VEHICLE,,1,0,CLOUDY,,NO UNUSUAL CONDITIONS - NO UNUSUAL CONDITIONS,,A,DAYLIGHT,,,,,,,A,NO PEDESTRIANS INVOLVED,,A,21650,,1,FRUITVALE AV,2,,,A,,,E 8TH ST,,,D,9/20/2024 11:06:28 AM,1/28/2025 11:49:34 AM,,,2,,,,,,,
4402546,9370-2024-02948,1,False,9370,9/16/2024 11:15:00 PM,2315,024,14,109,Oakland,1,True,True,E,HIT OBJECT,,Monday,Yes,False,,,False,True,True,ALAMEDA SUPERIOR COURT WILEY W. MANUEL COURTHOUSE,I,FIXED OBJECT,CENTER MEDIAN GUARD RAIL,1,0,CLEAR,,NO UNUSUAL CONDITIONS,,D,DARK-NO STREET LIGHTS,37.849233,-122.24218,,,,,A,NO PEDESTRIANS INVOLVED,9/16/2024 11:15:00 PM,A,VC 23152(A),True,1,SR-24 W/B (GROVE SHAFTER FREEWAY),,,9/20/2024 10:42:25 AM,A,W,730.0,GOLDEN GATE AVENUE,F,,D,9/20/2024 10:42:27 AM,9/20/2024 10:42:27 AM,False,True,4,,9/16/2024 11:19:00 PM,2319,False,,,True
4402487,24-028957,2,False,0109,6/8/2024 7:39:00 AM,739,28X,14,109,Oakland,1,True,True,H,OTHER,,Saturday,,,M,,False,False,True,,E,PARKED MOTOR VEHICLE,,0,0,CLEAR,,NO UNUSUAL CONDITIONS - NO UNUSUAL CONDITIONS,,A,DAYLIGHT,,,,,,,A,NO PEDESTRIANS INVOLVED,,A,22515A,,1,HILLEN DR,2,,,A,,,55TH AV,,,D,9/20/2024 10:11:28 AM,1/28/2025 11:47:13 AM,,,2,,,,,,,
4402478,24-041549,2,False,0109,8/19/2024 7:30:00 AM,730,03Y,14,109,Oakland,1,True,True,B,SIDE SWIPE,,Monday,,,,,False,False,False,,C,OTHER MOTOR VEHICLE,,0,0,CLOUDY,,NO UNUSUAL CONDITIONS - NO UNUSUAL CONDITIONS,,A,DAYLIGHT,,,,,,,A,NO PEDESTRIANS INVOLVED,,A,22107,,1,BROADWAY,1,,,A,,,8TH ST,,,A,9/20/2024 10:06:28 AM,1/28/2025 11:47:13 AM,,,2,,,,,,,
4402448,24-039422,2,False,0109,8/8/2024 9:14:00 AM,914,34X,14,109,Oakland,1,True,True,D,BROADSIDE,,Thursday,,,,,False,False,False,,G,BICYCLE,,1,0,CLEAR,,NO UNUSUAL CONDITIONS - NO UNUSUAL CONDITIONS,,A,DAYLIGHT,,,,,,,A,NO PEDESTRIANS INVOLVED,,A,21802A,,1,SCHOOL ST,2,,,A,,,35TH AV,,,A,9/20/2024 9:51:28 AM,1/28/2025 11:47:23 AM,,,2,,,,,,,
4402367,24-040604,2,False,0109,8/14/2024 12:37:00 PM,1237,18X,14,109,Oakland,1,True,True,B,SIDE SWIPE,,Wednesday,,,,,False,False,False,,C,OTHER MOTOR VEHICLE,,2,0,CLEAR,,NO UNUSUAL CONDITIONS - NO UNUSUAL CONDITIONS,,A,DAYLIGHT,,,,,,,A,NO PEDESTRIANS INVOLVED,,A,22106,,1,E 28TH ST,1,,,A,E,200.0,21ST AV,F,,D,9/20/2024 9:06:27 AM,1/28/2025 11:47:23 AM,,,2,,,,,,,
4402354,9370-2024-02965,1,False,9370,9/18/2024 1:35:00 PM,1335,176,14,109,Oakland,1,True,True,B,SIDE SWIPE,,Wednesday,NotApplicable,False,,,False,True,False,ALAMEDA SUPERIOR COURT WILEY W. MANUEL COURTHOUSE,C,OTHER MOTOR VEHICLE,,0,0,CLEAR,,NO UNUSUAL CONDITIONS,,A,DAYLIGHT,37.741262,-122.196724,,,,,A,NO PEDESTRIANS INVOLVED,9/18/2024 1:35:00 PM,A,VC 21658(A),False,1,I-880 N/B,,,9/20/2024 9:01:13 AM,A,N,65.0,HEGENBERGER RD,F,,D,9/20/2024 9:01:15 AM,9/20/2024 9:01:15 AM,False,True,4,,9/18/2024 1:45:00 PM,1345,False,,,True
4402345,9370-2024-02967,1,False,9370,9/18/2024 7:20:00 AM,720,008,14,109,Oakland,1,True,True,B,SIDE SWIPE,,Wednesday,NotApplicable,False,,,False,True,False,ALAMEDA SUPERIOR COURT WILEY W. MANUEL COURTHOUSE,C,OTHER MOTOR VEHICLE,,0,0,CLEAR,,NO UNUSUAL CONDITIONS,,A,DAYLIGHT,37.824407,-122.316669,,,,,A,NO PEDESTRIANS INVOLVED,9/18/2024 7:20:00 AM,A,VC 21658(A),False,1,I-80 W/B,,,9/20/2024 8:56:39 AM,A,W,3000.0,MARITIME STREET,F,,D,9/20/2024 8:56:41 AM,9/20/2024 8:56:41 AM,False,True,4,,9/18/2024 7:25:00 AM,725,False,,,True
4402335,24-040570,2,False,0109,8/14/2024 9:22:00 AM,922,19X,14,109,Oakland,1,True,True,E,HIT OBJECT,,Wednesday,,,M,,False,False,True,,I,FIXED OBJECT,,0,0,CLEAR,,NO UNUSUAL CONDITIONS - NO UNUSUAL CONDITIONS,,A,DAYLIGHT,,,,,,,A,NO PEDESTRIANS INVOLVED,,A,22107,,1,INTERNATIONAL BL,1,,,A,E,5.0,5TH AV,F,,A,9/20/2024 8:51:27 AM,1/28/2025 11:47:13 AM,,,2,,,,,,,
4402322,24-041778,3,False,0109,8/20/2024 2:43:00 PM,1443,03X,14,109,Oakland,1,True,True,B,SIDE SWIPE,,Tuesday,,,,,False,False,False,,C,OTHER MOTOR VEHICLE,,0,0,CLEAR,,NO UNUSUAL CONDITIONS - NO UNUSUAL CONDITIONS,,A,DAYLIGHT,,,,,,,A,NO PEDESTRIANS INVOLVED,,A,21453A,,,7TH ST,1,,,A,,,OAK ST,,,A,9/20/2024 8:46:27 AM,1/28/2025 11:47:13 AM,,,2,,,,,,,
4402271,24-041986,2,False,0109,8/21/2024 5:54:00 PM,1754,06X,14,109,Oakland,1,True,True,D,BROADSIDE,,Wednesday,,,,,False,False,True,,C,OTHER MOTOR VEHICLE,,0,0,CLEAR,,NO UNUSUAL CONDITIONS - NO UNUSUAL CONDITIONS,,A,DAYLIGHT,,,,,,,A,NO PEDESTRIANS INVOLVED,,A,21801A,,1,MARTIN LUTHER KING JR WY,1,,,A,,,29TH ST,,,D,9/20/2024 8:21:27 AM,1/28/2025 11:47:13 AM,,,2,,,,,,,
4402210,9370-2024-02729,1,False,9370,8/27/2024 3:20:00 PM,1520,177,14,109,Oakland,1,True,True,B,SIDE SWIPE,,Tuesday,NotApplicable,False,,,False,True,True,ALAMEDA SUPERIOR COURT WILEY W. MANUEL COURTHOUSE,C,OTHER MOTOR VEHICLE,,0,0,CLEAR,,NO UNUSUAL CONDITIONS,,A,DAYLIGHT,37.797374,-122.272398,,,,,A,NO PEDESTRIANS INVOLVED,8/27/2024 3:20:00 PM,A,VC 23152(A),True,1,I-880 S/B,,,9/20/2024 7:35:56 AM,A,N,1100.0,JACKSON ST,F,,D,9/20/2024 7:35:58 AM,9/20/2024 7:35:58 AM,False,True,4,,8/27/2024 3:25:00 PM,1525,False,,,True
4402208,24-028311,2,False,0109,6/8/2024 10:01:00 PM,2201,34X,14,109,Oakland,1,True,True,B,SIDE SWIPE,,Saturday,,,M,,False,False,True,,C,OTHER MOTOR VEHICLE,,0,0,CLEAR,,NO UNUSUAL CONDITIONS - NO UNUSUAL CONDITIONS,,C,DARK-STREET LIGHTS,,,,,,,A,NO PEDESTRIANS INVOLVED,,A,22107,,1,84TH AV,2,,,A,N,100.0,INTERNATIONAL BL,F,,D,9/20/2024 7:31:27 AM,1/28/2025 11:49:31 AM,,,2,,,,,,,