collision-id,report-number,report-version,is-preliminary,ncic-code,crash-date-time,crash-time-description,beat,city-id,city-code,city-name,county-code,city-is-active,city-is-incorporated,collision-type-code,collision-type-description,collision-type-other-desc,day-of-week,dispatch-notified,has-photographs,hit-run,is-attachments-mailed,is-deleted,is-highway-related,is-tow-away,judicial-district,motor-vehicle-involved-with-code,motor-vehicle-involved-with-desc,motor-vehicle-involved-with-other-desc,number-injured,number-killed,weather-1,weather-2,road-condition-1,road-condition-2,special-condition-lighting-code,lighting-description,latitude,longitude,milepost-direction,milepost-distance,milepost-marker,milepost-unit-of-measure,pedestrian-action-code,pedestrian-action-desc,prepared-date,primary-collision-factor-code,primary-collision-factor-violation,primary-collision-factor-is-cited,primary-collision-party-number,primary-road,reporting-district,reporting-district-code,reviewed-date,roadway-surface-code,secondary-direction,secondary-distance,secondary-road,secondary-unit-of-measure,sketch-desc,traffic-control-device-code,created-date,modified-date,is-county-road,is-freeway,chp-555-version,is-additonal-object-struck,notification-date,notification-time-description,has-digital-media-files,evidence-number,is-location-refer-to-narrative,is-aoi-one-same-as-location
4397643,24-038132,2,False,0109,7/31/2024 8:11:00 AM,811,33X,14,109,Oakland,1,True,True,D,BROADSIDE,,Wednesday,,,,,False,False,False,,C,OTHER MOTOR VEHICLE,,1,0,CLOUDY,,NO UNUSUAL CONDITIONS - NO UNUSUAL CONDITIONS,,A,DAYLIGHT,,,,,,,A,NO PEDESTRIANS INVOLVED,,A,21453A,,1,INTERNATIONAL BL,2,,,A,,,85TH AV,,,A,9/17/2024 1:16:07 PM,1/28/2025 11:43:33 AM,,,2,,,,,,,
4397547,24-033158,3,False,0109,7/3/2024 3:22:00 PM,1522,31X,14,109,Oakland,1,True,True,C,REAR END,,Wednesday,,,,,False,True,False,,C,OTHER MOTOR VEHICLE,,0,0,CLEAR,,NO UNUSUAL CONDITIONS - NO UNUSUAL CONDITIONS,,A,DAYLIGHT,,,,,,,A,NO PEDESTRIANS INVOLVED,,A,21703,,1,EDES AV,2,,,A,,,RT 880,,,A,9/17/2024 12:51:06 PM,1/28/2025 11:47:19 AM,,,2,,,,,,,
4397525,24-019721,2,False,0109,4/22/2024 12:00:00 AM,0,31X,14,109,Oakland,1,True,True,B,SIDE SWIPE,,Monday,,,M,,False,False,False,,C,OTHER MOTOR VEHICLE,,0,0,CLEAR,,,,B,DUSK-DAWN,,,,,,,A,NO PEDESTRIANS INVOLVED,,A,21800D,,1,98TH AV,2,,,A,N,50.0,EDES AV,F,,D,9/17/2024 12:46:06 PM,1/28/2025 11:50:04 AM,,,2,,,,,,,
4397510,9370-2024-02692,1,False,9370,8/24/2024 2:23:00 AM,223,177,14,109,Oakland,1,True,True,F,OVERTURNED,,Saturday,NotApplicable,False,M,,False,True,False,ALAMEDA SUPERIOR COURT WILEY W. MANUEL COURTHOUSE,I,FIXED OBJECT,CONCRETE WALL,0,0,CLEAR,,NO UNUSUAL CONDITIONS,,D,DARK-NO STREET LIGHTS,37.786847,-122.246949,,,,,A,NO PEDESTRIANS INVOLVED,8/24/2024 2:23:00 AM,A,VC 22107,False,1,I-880 S/B,,,9/17/2024 12:41:06 PM,A,N,300.0,16TH AVE,F,,D,9/17/2024 12:41:07 PM,9/17/2024 12:41:07 PM,False,True,4,,8/24/2024 2:23:00 AM,0223,False,,,True
4397504,24-020126,2,False,0109,4/23/2024 8:30:00 PM,2030,24X,14,109,Oakland,1,True,True,B,SIDE SWIPE,,Tuesday,,,,,False,False,False,,E,PARKED MOTOR VEHICLE,,0,0,CLEAR,,NO UNUSUAL CONDITIONS - NO UNUSUAL CONDITIONS,,C,DARK-STREET LIGHTS,,,,,,,A,NO PEDESTRIANS INVOLVED,,A,22107,,1,HIGH ST,2,,,A,,,CARRINGTON ST,,,D,9/17/2024 12:41:06 PM,1/28/2025 11:50:04 AM,,,2,,,,,,,
4397418,24-028224,2,False,0109,6/7/2024 5:17:00 PM,1717,20X,14,109,Oakland,1,True,True,C,REAR END,,Friday,,,M,,False,False,False,,C,OTHER MOTOR VEHICLE,,1,0,CLEAR,,NO UNUSUAL CONDITIONS - NO UNUSUAL CONDITIONS,,A,DAYLIGHT,,,,,,,A,NO PEDESTRIANS INVOLVED,,A,23152A,,1,INTERNATIONAL BL,2,,,A,W,25.0,29TH AV,F,,A,9/17/2024 12:06:06 PM,1/28/2025 11:49:45 AM,,,2,,,,,,,
4397413,9370-2024-02887,1,False,9370,9/11/2024 5:00:00 PM,1700,025,14,109,Oakland,1,True,True,C,REAR END,,Wednesday,NotApplicable,False,,,False,True,False,ALAMEDA SUPERIOR COURT WILEY W. MANUEL COURTHOUSE,C,OTHER MOTOR VEHICLE,,0,0,CLEAR,,NO UNUSUAL CONDITIONS,,A,DAYLIGHT,37.834165,-122.265522,,,,,A,NO PEDESTRIANS INVOLVED,9/11/2024 5:00:00 PM,A,VC 22350,False,1,SR-24 EB TO MARTIN LUTHER KING JR WAY,,,9/17/2024 12:04:04 PM,A,W,765.0,MARTIN LUTHER KING JR WAY,F,,D,9/17/2024 12:04:06 PM,9/17/2024 12:04:06 PM,False,True,4,,9/11/2024 5:05:00 PM,1705,False,,,True
4397402,24-030334,2,False,0109,6/17/2024 2:00:00 PM,1400,30X,14,109,Oakland,1,True,True,D,BROADSIDE,,Monday,,,,,False,False,False,,C,OTHER MOTOR VEHICLE,,1,0,CLEAR,,NO UNUSUAL CONDITIONS - NO UNUSUAL CONDITIONS,,A,DAYLIGHT,,,,,,,A,NO PEDESTRIANS INVOLVED,,A,21461A,,1,INTERNATIONAL BL,2,,,A,,,96TH AV,,,A,9/17/2024 12:01:06 PM,1/28/2025 11:49:45 AM,,,2,,,,,,,
4397390,9370-2024-02828,1,False,9370,9/5/2024 1:58:00 PM,1358,901,14,109,Oakland,1,True,True,B,SIDE SWIPE,,Thursday,NotApplicable,False,M,,False,False,False,EAST COUNTY HALL OF JUSTICE,E,PARKED MOTOR VEHICLE,,0,0,CLEAR,,NO UNUSUAL CONDITIONS,,A,DAYLIGHT,37.838178,-122.269407,,,,,A,NO PEDESTRIANS INVOLVED,9/5/2024 1:58:00 PM,A,VC 22350,False,1,MARTIN LUTHER KING JR WAY (5300 BLOCK),,,9/17/2024 11:57:32 AM,A,N,50.0,53RD ST,F,,D,9/17/2024 11:57:34 AM,9/17/2024 11:57:34 AM,True,False,4,,9/5/2024 1:58:00 PM,1358,False,,,True
4397356,9370-2024-02888,1,False,9370,9/10/2024 8:30:00 PM,2030,176,14,109,Oakland,1,True,True,B,SIDE SWIPE,,Tuesday,NotApplicable,False,M,,False,True,False,ALAMEDA SUPERIOR COURT WILEY W. MANUEL COURTHOUSE,C,OTHER MOTOR VEHICLE,,0,0,CLEAR,,NO UNUSUAL CONDITIONS,,A,DAYLIGHT,37.797638,-122.272327,,,,,A,NO PEDESTRIANS INVOLVED,9/10/2024 8:30:00 PM,A,VC 21658(A),False,1,I-880 N/B,,,9/17/2024 11:44:24 AM,A,S,1100.0,JACKSON ST,F,,A,9/17/2024 11:44:27 AM,9/17/2024 11:44:27 AM,False,True,4,,9/10/2024 8:35:00 PM,2035,False,,,True
4397305,24-027777,2,False,0109,6/5/2024 7:55:00 AM,755,23X,14,109,Oakland,1,True,True,A,HEAD-ON,,Wednesday,,,M,,False,False,True,,I,FIXED OBJECT,,0,0,CLEAR,,NO UNUSUAL CONDITIONS - NO UNUSUAL CONDITIONS,,C,DARK-STREET LIGHTS,,,,,,,A,NO PEDESTRIANS INVOLVED,,A,22107,,1,INTERNATIONAL BL,2,,,A,E,40.0,39TH AV,F,,D,9/17/2024 11:26:06 AM,1/28/2025 11:47:20 AM,,,2,,,,,,,
4397303,24-030934,2,False,0109,6/22/2024 12:49:00 AM,49,32X,14,109,Oakland,1,True,True,B,SIDE SWIPE,,Saturday,,,M,,False,False,True,,E,PARKED MOTOR VEHICLE,,0,0,CLEAR,,NO UNUSUAL CONDITIONS - NO UNUSUAL CONDITIONS,,C,DARK-STREET LIGHTS,,,,,,,A,NO PEDESTRIANS INVOLVED,,A,22107,,1,E ST,2,,,A,W,300.0,100TH AV,F,,D,9/17/2024 11:26:06 AM,1/28/2025 11:47:20 AM,,,2,,,,,,,
4397284,9370-2024-02875,1,False,9370,9/10/2024 11:00:00 AM,1100,177,14,109,Oakland,1,True,True,C,REAR END,,Tuesday,NotApplicable,False,,,False,True,False,ALAMEDA SUPERIOR COURT WILEY W. MANUEL COURTHOUSE,C,OTHER MOTOR VEHICLE,,1,0,CLEAR,,NO UNUSUAL CONDITIONS,,A,DAYLIGHT,37.80022,-122.278872,,,,,A,NO PEDESTRIANS INVOLVED,9/10/2024 11:00:00 AM,A,VC 22350,False,1,I-880 NORTHBOUND,,,9/17/2024 11:15:36 AM,A,S,175.0,I-980 OVERPASS,F,,D,9/17/2024 11:15:39 AM,9/17/2024 11:15:39 AM,False,True,4,,9/10/2024 11:05:00 AM,1105,False,,,True
4397275,24-030912,2,False,0109,6/21/2024 7:00:00 PM,1900,03X,14,109,Oakland,1,True,True,H,OTHER,,Friday,,,M,,False,False,False,,C,OTHER MOTOR VEHICLE,,0,0,CLEAR,,NO UNUSUAL CONDITIONS - NO UNUSUAL CONDITIONS,,A,DAYLIGHT,,,,,,,A,NO PEDESTRIANS INVOLVED,,A,21453A,,1,JEFFERSON ST,1,,,A,,,7TH ST,,,A,9/17/2024 11:11:06 AM,1/28/2025 11:47:20 AM,,,2,,,,,,,
4397270,24-029205,2,False,0109,6/12/2024 12:21:00 PM,1221,23X,14,109,Oakland,1,True,True,B,SIDE SWIPE,,Wednesday,,,M,,False,False,True,,I,FIXED OBJECT,,0,0,CLEAR,,NO UNUSUAL CONDITIONS - NO UNUSUAL CONDITIONS,,A,DAYLIGHT,,,,,,,A,NO PEDESTRIANS INVOLVED,,A,22107,,1,FOOTHILL BL,2,,,A,W,75.0,34TH AV,F,,D,9/17/2024 11:06:06 AM,1/28/2025 11:47:20 AM,,,2,,,,,,,
4397255,24-032279,2,False,0109,6/29/2024 12:14:00 AM,14,22Y,14,109,Oakland,1,True,True,B,SIDE SWIPE,,Saturday,,,,,False,False,True,,E,PARKED MOTOR VEHICLE,,0,0,CLEAR,,NO UNUSUAL CONDITIONS - NO UNUSUAL CONDITIONS,,C,DARK-STREET LIGHTS,,,,,,,A,NO PEDESTRIANS INVOLVED,,A,22107,,1,NORTON AV,2,,,A,N,300.0,WISCONSIN ST,F,,D,9/17/2024 11:01:06 AM,1/28/2025 11:47:20 AM,,,2,,,,,,,
4397250,24-028476,2,False,0109,6/9/2024 11:16:00 AM,1116,34X,14,109,Oakland,1,True,True,G,VEHICLE/PEDESTRAIN,,Sunday,,,,,False,False,False,,B,PEDESTRIAN,,1,0,CLEAR,,NO UNUSUAL CONDITIONS - NO UNUSUAL CONDITIONS,,A,DAYLIGHT,,,,,,,D,CROSSING - NOT IN CROSSWALK,,A,21954A,,2,94TH AV,2,,,A,S,100.0,HOLLY ST,F,,D,9/17/2024 11:01:06 AM,1/28/2025 11:49:51 AM,,,2,,,,,,,
4397240,24-030757,2,False,0109,6/21/2024 1:49:00 AM,149,29X,14,109,Oakland,1,True,True,A,HEAD-ON,,Friday,,,M,,False,False,True,,E,PARKED MOTOR VEHICLE,,0,0,CLEAR,,NO UNUSUAL CONDITIONS - NO UNUSUAL CONDITIONS,,C,DARK-STREET LIGHTS,,,,,,,A,NO PEDESTRIANS INVOLVED,,A,22107,,1,69TH AV,2,,,A,S,60.0,OUTLOOK AV,F,,D,9/17/2024 10:56:05 AM,1/28/2025 11:47:20 AM,,,2,,,,,,,
4397224,24-032288,2,False,0109,6/28/2024 10:36:00 PM,2236,32X,14,109,Oakland,1,True,True,E,HIT OBJECT,,Friday,,,M,,False,False,True,,I,FIXED OBJECT,,0,0,CLEAR,,NO UNUSUAL CONDITIONS - NO UNUSUAL CONDITIONS,,C,DARK-STREET LIGHTS,,,,,,,A,NO PEDESTRIANS INVOLVED,,A,22107,,1,105TH AV,2,,,A,S,250.0,ROYAL ANN ST,F,,D,9/17/2024 10:51:06 AM,1/28/2025 11:47:20 AM,,,2,,,,,,,
4397211,24-036724,2,False,0109,7/23/2024 8:15:00 PM,2015,22X,14,109,Oakland,1,True,True,F,OVERTURNED,,Tuesday,,,,,False,False,False,,I,FIXED OBJECT,,1,0,CLEAR,,NO UNUSUAL CONDITIONS - NO UNUSUAL CONDITIONS,,C,DARK-STREET LIGHTS,,,,,,,A,NO PEDESTRIANS INVOLVED,,A,23152A,,1,MONTEREY BL,2,,,A,E,0.11,RT 13,M,,D,9/17/2024 10:46:06 AM,1/28/2025 11:49:50 AM,,,2,,,,,,,
4397208,24-032118,2,False,0109,6/28/2024 12:08:00 AM,8,24X,14,109,Oakland,1,True,True,D,BROADSIDE,,Friday,,,M,,False,False,True,,C,OTHER MOTOR VEHICLE,,0,0,CLEAR,,NO UNUSUAL CONDITIONS - NO UNUSUAL CONDITIONS,,C,DARK-STREET LIGHTS,,,,,,,A,NO PEDESTRIANS INVOLVED,,A,22350,,1,41ST AV,2,,,A,,,CARRINGTON ST,,,D,9/17/2024 10:46:06 AM,1/28/2025 11:47:20 AM,,,2,,,,,,,
4397192,24-037983,2,False,0109,7/30/2024 10:12:00 AM,1012,11X,14,109,Oakland,1,True,True,B,SIDE SWIPE,,Tuesday,,,,,False,False,False,,E,PARKED MOTOR VEHICLE,,1,0,CLOUDY,,NO UNUSUAL CONDITIONS - NO UNUSUAL CONDITIONS,,A,DAYLIGHT,,,,,,,A,NO PEDESTRIANS INVOLVED,,A,22517,,1,TELEGRAPH AV,1,,,A,S,135.0,61ST ST,F,,D,9/17/2024 10:41:05 AM,1/28/2025 11:49:50 AM,,,2,,,,,,,
4397126,24-035909,2,False,0109,7/18/2024 8:56:00 PM,2056,04X,14,109,Oakland,1,True,True,D,BROADSIDE,,Thursday,,,,,False,False,False,,C,OTHER MOTOR VEHICLE,,1,0,CLEAR,,NO UNUSUAL CONDITIONS - NO UNUSUAL CONDITIONS,,C,DARK-STREET LIGHTS,,,,,,,A,NO PEDESTRIANS INVOLVED,,A,21453A,,1,21ST ST,1,,,A,,,FRANKLIN ST,,,A,9/17/2024 10:16:05 AM,1/28/2025 11:49:51 AM,,,2,,,,,,,
4397085,24-038109,2,False,0109,7/31/2024 12:49:00 AM,49,19X,14,109,Oakland,1,True,True,F,OVERTURNED,,Wednesday,,,,,False,False,True,,I,FIXED OBJECT,,1,0,CLEAR,,NO UNUSUAL CONDITIONS - NO UNUSUAL CONDITIONS,,C,DARK-STREET LIGHTS,,,,,,,A,NO PEDESTRIANS INVOLVED,,A,22107,,1,E 12TH ST,1,,,A,E,30.0,13TH AV,F,,A,9/17/2024 9:56:05 AM,1/28/2025 11:49:51 AM,,,2,,,,,,,
4397079,24-032142,2,False,0109,6/28/2024 4:06:00 AM,406,32X,14,109,Oakland,1,True,True,E,HIT OBJECT,,Friday,,,M,,False,False,True,,I,FIXED OBJECT,,0,0,CLEAR,,NO UNUSUAL CONDITIONS - NO UNUSUAL CONDITIONS,,C,DARK-STREET LIGHTS,,,,,,,A,NO PEDESTRIANS INVOLVED,,A,22107,,1,FOOTHILL BL,2,,,A,N,50.0,MACARTHUR BL,F,,D,9/17/2024 9:56:05 AM,1/28/2025 11:47:20 AM,,,2,,,,,,,
4397037,24-029074,2,False,0109,6/11/2024 7:14:00 PM,1914,31X,14,109,Oakland,1,True,True,A,HEAD-ON,,Tuesday,,,,,False,False,False,,C,OTHER MOTOR VEHICLE,,1,0,CLEAR,,NO UNUSUAL CONDITIONS - NO UNUSUAL CONDITIONS,,A,DAYLIGHT,,,,,,,A,NO PEDESTRIANS INVOLVED,,A,21801A,,1,98TH AV,2,,,A,,,BIGGIE ST,,,A,9/17/2024 9:36:04 AM,1/28/2025 11:49:51 AM,,,2,,,,,,,
4397007,24-029267,2,False,0109,6/12/2024 6:24:00 PM,1824,06X,14,109,Oakland,1,True,True,B,SIDE SWIPE,,Wednesday,,,M,,False,False,False,,C,OTHER MOTOR VEHICLE,,1,0,CLEAR,,NO UNUSUAL CONDITIONS - NO UNUSUAL CONDITIONS,,A,DAYLIGHT,,,,,,,A,NO PEDESTRIANS INVOLVED,,A,21658A,,1,40TH ST,1,,,A,,,WEST ST,,,A,9/17/2024 9:26:04 AM,1/28/2025 11:49:51 AM,,,2,,,,,,,
4397005,24-030197,2,False,0109,6/17/2024 8:54:00 PM,2054,07X,14,109,Oakland,1,True,True,D,BROADSIDE,,Monday,,,,,False,False,True,,C,OTHER MOTOR VEHICLE,,2,0,CLEAR,,NO UNUSUAL CONDITIONS - NO UNUSUAL CONDITIONS,,C,DARK-STREET LIGHTS,,,,,,,A,NO PEDESTRIANS INVOLVED,,A,22107,,1,SAN PABLO AV,1,,,A,,,34TH ST,,,A,9/17/2024 9:26:04 AM,1/28/2025 11:49:51 AM,,,2,,,,,,,
4396986,24-027191,2,False,0109,6/1/2024 7:46:00 PM,1946,24X,14,109,Oakland,1,True,True,B,SIDE SWIPE,,Saturday,,,M,,False,False,False,,C,OTHER MOTOR VEHICLE,,1,0,CLEAR,,NO UNUSUAL CONDITIONS - NO UNUSUAL CONDITIONS,,A,DAYLIGHT,,,,,,,A,NO PEDESTRIANS INVOLVED,,A,22450A,,1,35TH AV,2,,,A,,,ALLENDALE AV,,,A,9/17/2024 9:21:04 AM,1/28/2025 11:49:51 AM,,,2,,,,,,,
4396955,9370-2024-02879,1,False,9370,9/10/2024 1:10:00 AM,110,178,14,109,Oakland,1,True,True,E,HIT OBJECT,,Tuesday,NotApplicable,False,,,False,True,False,ALAMEDA SUPERIOR COURT WILEY W. MANUEL COURTHOUSE,I,FIXED OBJECT,METAL ATTENUATOR,0,0,CLEAR,,NO UNUSUAL CONDITIONS,,D,DARK-NO STREET LIGHTS,37.815576,-122.298667,,,,,A,NO PEDESTRIANS INVOLVED,9/10/2024 1:10:00 AM,A,VC 22107,False,1,I-880 N/B,,,9/17/2024 9:07:54 AM,A,S,1795.2,W GRAND AVENUE,F,,D,9/17/2024 9:07:55 AM,9/17/2024 9:07:55 AM,False,True,4,,9/10/2024 1:22:00 AM,0122,False,,,True
4396873,9370-2024-02857,1,False,9370,9/9/2024 7:09:00 AM,709,008,14,109,Oakland,1,True,True,B,SIDE SWIPE,,Monday,NotApplicable,False,,,False,True,False,ALAMEDA SUPERIOR COURT WILEY W. MANUEL COURTHOUSE,C,OTHER MOTOR VEHICLE,,0,0,CLOUDY,,NO UNUSUAL CONDITIONS,,A,DAYLIGHT,37.825163,-122.31312,,,,,A,NO PEDESTRIANS INVOLVED,9/9/2024 7:09:00 AM,A,VC 21658(A),False,,I-80 W/B,,,9/17/2024 8:32:09 AM,A,E,186.0,SFOBB TOLL PLAZA,F,,D,9/17/2024 8:32:11 AM,9/17/2024 8:32:11 AM,False,True,4,,9/9/2024 8:02:00 AM,0802,False,,,True
4396848,24-034748,2,False,0109,7/12/2024 9:53:00 AM,953,15X,14,109,Oakland,1,True,True,B,SIDE SWIPE,,Friday,,,,,False,False,False,,C,OTHER MOTOR VEHICLE,,0,0,CLEAR,,NO UNUSUAL CONDITIONS - NO UNUSUAL CONDITIONS,,A,DAYLIGHT,,,,,,,A,NO PEDESTRIANS INVOLVED,,A,22106,,2,6TH AV,1,,,A,S,20.0,FOOTHILL BL,F,,A,9/17/2024 8:26:04 AM,1/28/2025 11:47:14 AM,,,2,,,,,,,
4396838,24-033256,2,False,0109,7/4/2024 1:49:00 PM,1349,26X,14,109,Oakland,1,True,True,D,BROADSIDE,,Thursday,,,,,False,False,False,,C,OTHER MOTOR VEHICLE,,2,0,CLEAR,,NO UNUSUAL CONDITIONS - NO UNUSUAL CONDITIONS,,A,DAYLIGHT,,,,,,,A,NO PEDESTRIANS INVOLVED,,A,21453A,,1,HIGH ST,2,,,A,,,SAN LEANDRO ST,,,A,9/17/2024 8:21:04 AM,1/28/2025 11:49:44 AM,,,2,,,,,,,
4396806,24-035900,2,False,0109,7/18/2024 7:06:00 PM,1906,20X,14,109,Oakland,1,True,True,B,SIDE SWIPE,,Thursday,,,,,False,False,False,,C,OTHER MOTOR VEHICLE,,0,0,CLEAR,,NO UNUSUAL CONDITIONS - NO UNUSUAL CONDITIONS,,B,DUSK-DAWN,,,,,,,A,NO PEDESTRIANS INVOLVED,,A,22450A,,1,27TH AV,2,,,A,,,FOOTHILL BL,,,A,9/17/2024 8:01:05 AM,1/28/2025 11:47:14 AM,,,2,,,,,,,
4396787,24-033192,2,False,0109,7/4/2024 1:15:00 AM,115,22X,14,109,Oakland,1,True,True,E,HIT OBJECT,,Thursday,,,M,,False,False,True,,I,FIXED OBJECT,,0,0,CLEAR,,NO UNUSUAL CONDITIONS - NO UNUSUAL CONDITIONS,,C,DARK-STREET LIGHTS,,,,,,,A,NO PEDESTRIANS INVOLVED,,A,22107,,1,MACARTHUR BL,2,,,A,W,200.0,FRUITVALE AV,F,,A,9/17/2024 7:56:02 AM,1/28/2025 11:47:14 AM,,,2,,,,,,,
4396778,24-036073,2,False,0109,7/20/2024 5:30:00 AM,530,21X,14,109,Oakland,1,True,True,B,SIDE SWIPE,,Saturday,,,M,,False,False,False,,C,OTHER MOTOR VEHICLE,,0,0,CLEAR,,NO UNUSUAL CONDITIONS - NO UNUSUAL CONDITIONS,,B,DUSK-DAWN,,,,,,,A,NO PEDESTRIANS INVOLVED,,A,21453A,,1,SCHOOL ST,2,,,A,,,COOLIDGE AV,,,A,9/17/2024 7:51:02 AM,1/28/2025 11:47:14 AM,,,2,,,,,,,
4396755,24-035625,2,False,0109,7/17/2024 4:07:00 AM,407,20X,14,109,Oakland,1,True,True,D,BROADSIDE,,Wednesday,,,,,False,False,False,,C,OTHER MOTOR VEHICLE,,1,0,CLEAR,,NO UNUSUAL CONDITIONS - NO UNUSUAL CONDITIONS,,C,DARK-STREET LIGHTS,,,,,,,A,NO PEDESTRIANS INVOLVED,,A,21801A,,1,23RD AV,2,,,A,,,INTERNATIONAL BL,,,A,9/17/2024 7:36:02 AM,1/28/2025 11:49:44 AM,,,2,,,,,,,
4396752,24-034511,2,False,0109,7/10/2024 11:08:00 PM,2308,21X,14,109,Oakland,1,True,True,G,VEHICLE/PEDESTRAIN,,Wednesday,,,F,,False,False,False,,B,PEDESTRIAN,,1,0,CLEAR,,NO UNUSUAL CONDITIONS - NO UNUSUAL CONDITIONS,,D,DARK-NO STREET LIGHTS,,,,,,,E,IN ROAD - INCLUDES SHOULDER,,D,,,,E 21ST ST,2,,,A,E,150.0,24TH AV,F,,D,9/17/2024 7:36:02 AM,1/28/2025 11:49:44 AM,,,2,,,,,,,
4396733,24-033321,2,False,0109,7/4/2024 10:30:00 PM,2230,02X,14,109,Oakland,1,True,True,C,REAR END,,Thursday,,,F,,False,False,False,,E,PARKED MOTOR VEHICLE,,1,0,CLEAR,,NO UNUSUAL CONDITIONS - NO UNUSUAL CONDITIONS,,C,DARK-STREET LIGHTS,,,,,,,A,NO PEDESTRIANS INVOLVED,,A,22107,,1,UNION ST,1,,,A,N,100.0,8TH ST,F,,D,9/17/2024 7:26:02 AM,1/28/2025 11:47:24 AM,,,2,,,,,,,
4396722,24-033166,2,False,0109,7/3/2024 10:37:00 PM,2237,24X,14,109,Oakland,1,True,True,E,HIT OBJECT,,Wednesday,,,,,False,False,True,,I,FIXED OBJECT,,1,0,CLEAR,,NO UNUSUAL CONDITIONS - NO UNUSUAL CONDITIONS,,C,DARK-STREET LIGHTS,,,,,,,A,NO PEDESTRIANS INVOLVED,,A,22107,,1,35TH AV,2,,,A,,,LYON AV,,,D,9/17/2024 7:21:02 AM,1/28/2025 11:47:24 AM,,,2,,,,,,,
4396716,24-032954,2,False,0109,7/2/2024 4:46:00 PM,1646,09X,14,109,Oakland,1,True,True,H,OTHER,,Tuesday,,,,,False,False,False,,G,BICYCLE,,1,0,CLEAR,,NO UNUSUAL CONDITIONS - NO UNUSUAL CONDITIONS,,A,DAYLIGHT,,,,,,,A,NO PEDESTRIANS INVOLVED,,A,22517,,1,RIDGEWAY AV,1,,,A,E,20.0,HOWE ST,F,,D,9/17/2024 7:16:02 AM,1/28/2025 11:47:24 AM,,,2,,,,,,,
4396670,24-033057,2,False,0109,7/3/2024 9:45:00 AM,945,22X,14,109,Oakland,1,True,True,C,REAR END,,Wednesday,,,,,False,False,True,,C,OTHER MOTOR VEHICLE,,2,0,CLEAR,,NO UNUSUAL CONDITIONS - NO UNUSUAL CONDITIONS,,A,DAYLIGHT,,,,,,,A,NO PEDESTRIANS INVOLVED,,A,22350,,1,FRUITVALE AV,1,,,A,N,85.0,MACARTHUR BL,F,,A,9/17/2024 6:56:02 AM,1/28/2025 11:47:24 AM,,,2,,,,,,,
4396652,9370-2024-02845,1,False,9370,9/7/2024 12:57:00 AM,57,054,14,109,Oakland,1,True,True,C,REAR END,,Saturday,Yes,False,,,False,True,False,ALAMEDA SUPERIOR COURT WILEY W. MANUEL COURTHOUSE,C,OTHER MOTOR VEHICLE,,0,0,CLEAR,,NO UNUSUAL CONDITIONS,,D,DARK-NO STREET LIGHTS,37.807294,-122.238977,,,,,A,NO PEDESTRIANS INVOLVED,9/7/2024 12:57:00 AM,A,VC 22350,False,1,I-580 W/B,,,9/17/2024 6:47:16 AM,A,E,943.0,LAKE PARK AVENUE,F,,D,9/17/2024 6:47:18 AM,9/17/2024 6:47:18 AM,False,True,4,,9/7/2024 12:58:00 AM,0058,False,,,True
4396145,9370-2024-02797,3,False,9370,9/1/2024 5:30:00 AM,530,177,14,109,Oakland,1,True,True,C,REAR END,,Sunday,Yes,False,,,False,True,True,ALAMEDA SUPERIOR COURT WILEY W. MANUEL COURTHOUSE,C,OTHER MOTOR VEHICLE,,0,0,CLEAR,,NO UNUSUAL CONDITIONS,,B,DUSK-DAWN,37.785152,-122.243117,,,,,A,NO PEDESTRIANS INVOLVED,9/1/2024 5:30:00 AM,A,VC 22350,False,1,I-880 N/B,,,12/11/2024 5:44:29 PM,A,S,800.0,16TH AVE,F,,D,9/16/2024 4:39:49 PM,12/11/2024 5:44:31 PM,False,True,4,,9/1/2024 5:35:00 AM,0535,False,,,True
4395624,9370-2024-02792,1,False,9370,8/29/2024 9:10:00 AM,910,053,14,109,Oakland,1,True,True,C,REAR END,,Thursday,NotApplicable,False,M,,False,True,False,ALAMEDA SUPERIOR COURT WILEY W. MANUEL COURTHOUSE,C,OTHER MOTOR VEHICLE,,0,0,CLEAR,,NO UNUSUAL CONDITIONS,,A,DAYLIGHT,37.799041,-122.219214,,,,,A,NO PEDESTRIANS INVOLVED,8/29/2024 9:10:00 AM,A,VC 22350,False,1,I-580 W/B,,,9/16/2024 12:03:03 PM,A,W,62.0,FRUITVALE AVE,F,,D,9/16/2024 12:03:07 PM,9/16/2024 12:03:07 PM,False,True,4,,8/29/2024 9:12:00 AM,0912,False,,,True
4395603,9370-2024-02798,1,False,9370,9/2/2024 7:00:00 AM,700,052,14,109,Oakland,1,True,True,E,HIT OBJECT,,Monday,Yes,False,M,,False,True,True,ALAMEDA SUPERIOR COURT WILEY W. MANUEL COURTHOUSE,I,FIXED OBJECT,GUARDRAIL,0,0,CLEAR,,NO UNUSUAL CONDITIONS,,A,DAYLIGHT,37.770809,-122.154799,,,,,A,NO PEDESTRIANS INVOLVED,9/2/2024 7:00:00 AM,A,VC 23152(a),False,1,I-580 W/B,,,9/16/2024 11:53:24 AM,A,E,600.0,KELLER AVE,F,,A,9/16/2024 11:53:28 AM,9/16/2024 11:53:28 AM,False,True,4,True,9/2/2024 7:35:00 AM,0735,False,,,True