collision-id,report-number,report-version,is-preliminary,ncic-code,crash-date-time,crash-time-description,beat,city-id,city-code,city-name,county-code,city-is-active,city-is-incorporated,collision-type-code,collision-type-description,collision-type-other-desc,day-of-week,dispatch-notified,has-photographs,hit-run,is-attachments-mailed,is-deleted,is-highway-related,is-tow-away,judicial-district,motor-vehicle-involved-with-code,motor-vehicle-involved-with-desc,motor-vehicle-involved-with-other-desc,number-injured,number-killed,weather-1,weather-2,road-condition-1,road-condition-2,special-condition-lighting-code,lighting-description,latitude,longitude,milepost-direction,milepost-distance,milepost-marker,milepost-unit-of-measure,pedestrian-action-code,pedestrian-action-desc,prepared-date,primary-collision-factor-code,primary-collision-factor-violation,primary-collision-factor-is-cited,primary-collision-party-number,primary-road,reporting-district,reporting-district-code,reviewed-date,roadway-surface-code,secondary-direction,secondary-distance,secondary-road,secondary-unit-of-measure,sketch-desc,traffic-control-device-code,created-date,modified-date,is-county-road,is-freeway,chp-555-version,is-additonal-object-struck,notification-date,notification-time-description,has-digital-media-files,evidence-number,is-location-refer-to-narrative,is-aoi-one-same-as-location
4416507,24-044075,2,False,0109,9/3/2024 3:55:00 PM,1555,31Y,14,109,Oakland,1,True,True,D,BROADSIDE,,Tuesday,,,,,False,False,False,,C,OTHER MOTOR VEHICLE,,1,0,CLEAR,,NO UNUSUAL CONDITIONS - NO UNUSUAL CONDITIONS,,A,DAYLIGHT,,,,,,,A,NO PEDESTRIANS INVOLVED,,A,21801A,,1,SAN LEANDRO ST,2,,,A,W,75.0,85TH AV,F,,A,10/2/2024 10:39:02 AM,1/28/2025 11:54:37 AM,,,2,,,,,,,
4416359,24-026898,2,False,0109,5/12/2024 1:48:00 PM,1348,18Y,14,109,Oakland,1,True,True,B,SIDE SWIPE,,Sunday,,,,,False,False,False,,I,FIXED OBJECT,,0,0,CLOUDY,,NO UNUSUAL CONDITIONS - NO UNUSUAL CONDITIONS,,A,DAYLIGHT,,,,,,,A,NO PEDESTRIANS INVOLVED,,D,,,,HAMLINE AV,1,,,A,N,30.0,E 32ND ST,F,,D,10/2/2024 9:34:02 AM,1/28/2025 11:51:47 AM,,,2,,,,,,,
4416233,9335-2024-00285,1,False,9335,2/4/2024 1:14:00 AM,114,082,14,109,Oakland,1,True,True,E,HIT OBJECT,,Sunday,Yes,False,,,False,True,True,ALAMEDA SUPERIOR COURT WILEY W. MANUEL COURTHOUSE,I,FIXED OBJECT,CONCRETE WALL,1,0,RAINING,,NO UNUSUAL CONDITIONS,,D,DARK-NO STREET LIGHTS,37.81919,-122.349562,,,,,A,NO PEDESTRIANS INVOLVED,2/4/2024 1:14:00 AM,A,VC 22107,False,1,I-80 WESTBOUND,,,10/2/2024 8:58:34 AM,B,E,1.8,SFOBB METERING LIGHTS,M,,D,10/2/2024 8:58:35 AM,10/2/2024 8:58:35 AM,False,True,4,,2/4/2024 1:16:00 AM,0116,False,,,True
4416169,9370-2024-03099,1,False,9370,10/1/2024 3:50:00 PM,1550,176,14,109,Oakland,1,True,True,B,SIDE SWIPE,,Tuesday,NotApplicable,False,M,,False,True,False,ALAMEDA SUPERIOR COURT WILEY W. MANUEL COURTHOUSE,C,OTHER MOTOR VEHICLE,,0,0,CLEAR,,NO UNUSUAL CONDITIONS,,A,DAYLIGHT,37.77396,-122.229868,,,,,A,NO PEDESTRIANS INVOLVED,10/1/2024 3:50:00 PM,A,VC 21658(A),False,1,I-880 N/B,,,10/2/2024 8:35:41 AM,A,S,1050.0,29TH AVE,F,,D,10/2/2024 8:35:42 AM,10/2/2024 8:35:42 AM,False,True,4,,10/1/2024 3:52:00 PM,1552,False,,,True
4416104,9370-2024-03095,1,False,9370,9/30/2024 8:50:00 AM,850,024,14,109,Oakland,1,True,True,B,SIDE SWIPE,,Monday,NotApplicable,False,,,False,True,False,ALAMEDA SUPERIOR COURT WILEY W. MANUEL COURTHOUSE,C,OTHER MOTOR VEHICLE,,0,0,CLEAR,,NO UNUSUAL CONDITIONS,,A,DAYLIGHT,37.845708,-122.249469,,,,,A,NO PEDESTRIANS INVOLVED,9/30/2024 8:50:00 AM,A,VC 21658(a),False,1,SR-24 W/B,,,10/2/2024 8:09:36 AM,A,W,0.5,BROADWAY,M,,D,10/2/2024 8:09:38 AM,10/2/2024 8:09:38 AM,False,True,4,,9/30/2024 9:00:00 AM,0900,False,,False,
4415905,9370-2024-03012,1,False,9370,9/23/2024 2:43:00 AM,243,178,14,109,Oakland,1,True,True,B,SIDE SWIPE,,Monday,NotApplicable,False,M,,False,True,False,ALAMEDA SUPERIOR COURT WILEY W. MANUEL COURTHOUSE,C,OTHER MOTOR VEHICLE,,0,0,CLEAR,,NO UNUSUAL CONDITIONS,,C,DARK-STREET LIGHTS,37.80182,-122.296825,,,,,A,NO PEDESTRIANS INVOLVED,9/23/2024 2:43:00 AM,A,VC 21658(A),False,1,I-880 S/B,,,10/2/2024 6:51:03 AM,A,S,3125.0,7TH STREET,F,,D,10/2/2024 6:51:05 AM,10/2/2024 6:51:05 AM,False,True,4,,9/23/2024 2:46:00 AM,0246,False,,,True
4415852,9370-2024-03003,1,False,9370,9/21/2024 11:20:00 PM,2320,901,14,109,Oakland,1,True,True,A,HEAD-ON,,Saturday,Yes,False,,,False,False,True,ALAMEDA SUPERIOR COURT WILEY W. MANUEL COURTHOUSE,C,OTHER MOTOR VEHICLE,,0,0,CLEAR,,NO UNUSUAL CONDITIONS,,On-Duty Emergency VehicleC,DARK-STREET LIGHTS,37.755559,-122.195547,,,,,A,NO PEDESTRIANS INVOLVED,9/21/2024 11:20:00 PM,A,VC 22107,False,1,71ST AVENUE (800 BLOCK),,,10/2/2024 6:09:29 AM,A,W,36.0,HAWLEY STREET,F,,D,10/2/2024 6:09:31 AM,10/2/2024 6:09:31 AM,False,False,4,False,9/21/2024 11:57:00 PM,2357,True,AREA / EMBEDDED,,True
4415851,9370-2024-02985,1,False,9370,9/20/2024 6:05:00 AM,605,008,14,109,Oakland,1,True,True,C,REAR END,,Friday,Yes,False,,,False,True,True,ALAMEDA SUPERIOR COURT WILEY W. MANUEL COURTHOUSE,C,OTHER MOTOR VEHICLE,,2,0,CLOUDY,,NO UNUSUAL CONDITIONS,,C,DARK-STREET LIGHTS,37.826616,-122.299571,,,,,A,NO PEDESTRIANS INVOLVED,9/20/2024 6:05:00 AM,A,VC 22107,True,1,I-80 W/B,,,10/2/2024 6:09:02 AM,A,E,1870.0,I-880 N/B TO I-80 W/B TRANSITION,F,,D,10/2/2024 6:09:04 AM,10/2/2024 6:09:04 AM,False,True,4,,9/20/2024 6:07:00 AM,0607,True,EMBEDDED,False,True
4415494,9370-2024-03078,1,False,9370,9/29/2024 1:27:00 PM,1327,008,14,109,Oakland,1,True,True,C,REAR END,,Sunday,NotApplicable,False,,,False,True,False,ALAMEDA SUPERIOR COURT WILEY W. MANUEL COURTHOUSE,C,OTHER MOTOR VEHICLE,,0,0,CLEAR,,NO UNUSUAL CONDITIONS,,A,DAYLIGHT,37.825249,-122.313707,,,,,A,NO PEDESTRIANS INVOLVED,9/29/2024 1:27:00 PM,A,VC 22350,False,1,I-80 W/B,,,10/1/2024 4:24:08 PM,A,E,25.0,SFOBB TOLL PLAZA,F,,D,10/1/2024 4:24:10 PM,10/1/2024 4:24:10 PM,False,True,4,,9/29/2024 1:30:00 PM,1330,False,,,True
4415452,9370-2024-03052,1,False,9370,9/26/2024 5:50:00 PM,1750,176,14,109,Oakland,1,True,True,B,SIDE SWIPE,,Thursday,NotApplicable,False,,,False,True,False,ALAMEDA SUPERIOR COURT WILEY W. MANUEL COURTHOUSE,C,OTHER MOTOR VEHICLE,,0,0,CLEAR,,NO UNUSUAL CONDITIONS,,A,DAYLIGHT,37.758713,-122.212445,,,,,A,NO PEDESTRIANS INVOLVED,9/26/2024 5:50:00 PM,A,VC 21658(a),False,1,I-880 S/B,,,10/1/2024 3:49:51 PM,A,N,2113.0,66TH AVE,F,,D,10/1/2024 3:49:54 PM,10/1/2024 3:49:54 PM,False,True,4,,9/26/2024 6:05:00 PM,1805,False,,,True
4415432,9370-2024-02902,1,False,9370,5/29/2024 6:01:00 AM,601,008,14,109,Oakland,1,True,True,C,REAR END,,Wednesday,NotApplicable,False,M,,False,True,False,ALAMEDA SUPERIOR COURT WILEY W. MANUEL COURTHOUSE,C,OTHER MOTOR VEHICLE,,0,0,CLEAR,,NO UNUSUAL CONDITIONS,,Late-ReportedA,DAYLIGHT,37.824904,-122.313068,,,,,A,NO PEDESTRIANS INVOLVED,5/29/2024 6:01:00 AM,A,VC 22350,False,1,I-80 W/B,,,10/1/2024 3:38:53 PM,A,E,200.0,SFOBB TOLL PLAZA,F,,D,10/1/2024 3:38:55 PM,10/1/2024 3:38:55 PM,False,True,4,,5/29/2024 10:30:00 AM,1030,False,,,True
4415409,9370-2024-03038,1,False,9370,9/25/2024 9:00:00 AM,900,176,14,109,Oakland,1,True,True,C,REAR END,,Wednesday,NotApplicable,False,,,False,True,False,ALAMEDA SUPERIOR COURT WILEY W. MANUEL COURTHOUSE,C,OTHER MOTOR VEHICLE,,0,0,CLEAR,,NO UNUSUAL CONDITIONS,,A,DAYLIGHT,37.743581,-122.198918,,,,,A,NO PEDESTRIANS INVOLVED,9/25/2024 9:00:00 AM,A,VC 22350,False,1,I-880 N/B,,,10/1/2024 3:23:14 PM,A,N,1000.0,HEGENBERGER RD,F,,D,10/1/2024 3:23:16 PM,10/1/2024 3:23:16 PM,False,True,4,,9/25/2024 9:10:00 AM,0910,False,,,True
4415315,24-042113,2,False,0109,8/22/2024 12:18:00 PM,1218,26Y,14,109,Oakland,1,True,True,E,HIT OBJECT,,Thursday,,,,,False,False,True,,I,FIXED OBJECT,,0,0,CLEAR,,NO UNUSUAL CONDITIONS - NO UNUSUAL CONDITIONS,,A,DAYLIGHT,,,,,,,A,NO PEDESTRIANS INVOLVED,,A,22017,,1,72ND AV,2,,,A,S,120.0,HAMILTON ST,F,,A,10/1/2024 2:28:56 PM,1/28/2025 11:54:42 AM,,,2,,,,,,,
4415272,9370-2024-02980,1,False,9370,9/14/2024 11:38:00 PM,2338,901,14,109,Oakland,1,True,True,F,OVERTURNED,,Saturday,Yes,False,,,False,False,True,ALAMEDA SUPERIOR COURT WILEY W. MANUEL COURTHOUSE,J,OTHER OBJECT,ASPHALT ROADWAY,1,0,CLEAR,,NO UNUSUAL CONDITIONS,,C,DARK-STREET LIGHTS,37.770954,-122.217574,,,,,A,NO PEDESTRIANS INVOLVED,9/14/2024 11:38:00 PM,A,VC 21453(A),False,1,SAN LEANDRO STREET,,,10/1/2024 2:11:34 PM,A,,,HIGH STREET,,,D,10/1/2024 2:11:36 PM,10/1/2024 2:11:36 PM,True,False,4,False,9/14/2024 11:38:00 PM,2338,False,,,True
4415262,9370-2024-03005,1,False,9370,9/22/2024 12:35:00 PM,1235,055,14,109,Oakland,1,True,True,B,SIDE SWIPE,,Sunday,NotApplicable,False,F,,False,True,False,ALAMEDA SUPERIOR COURT WILEY W. MANUEL COURTHOUSE,C,OTHER MOTOR VEHICLE,,0,0,CLEAR,,NO UNUSUAL CONDITIONS,,A,DAYLIGHT,37.823605,-122.264556,,,,,A,NO PEDESTRIANS INVOLVED,9/22/2024 12:35:00 PM,A,VC 21658(a),True,1,INTERSTATE 580 WESTBOUND,,,10/1/2024 2:07:37 PM,A,E,500.0,INTERSTATE 80 WB,F,,D,10/1/2024 2:07:40 PM,10/1/2024 2:07:40 PM,False,True,4,,9/22/2024 12:40:00 PM,1240,False,,,True
4415229,9370-2024-03033,1,False,9370,9/24/2024 3:30:00 PM,1530,176,14,109,Oakland,1,True,True,F,OVERTURNED,,Tuesday,NotApplicable,False,,,False,True,False,ALAMEDA SUPERIOR COURT WILEY W. MANUEL COURTHOUSE,C,OTHER MOTOR VEHICLE,,0,0,CLEAR,,NO UNUSUAL CONDITIONS,,A,DAYLIGHT,37.733686,-122.189864,,,,,A,NO PEDESTRIANS INVOLVED,9/24/2024 3:30:00 PM,A,VC 22350,False,1,I-880 N/B FROM 98TH AVENUE,,,10/1/2024 1:56:00 PM,A,N,730.0,98TH AVENUE,F,,D,10/1/2024 1:56:01 PM,10/1/2024 1:56:01 PM,False,True,4,,9/24/2024 3:45:00 PM,1545,False,,,True
4415211,9345-2024-03292,1,False,9370,9/5/2024 4:45:00 PM,1645,053,14,109,Oakland,1,True,True,C,REAR END,,Thursday,NotApplicable,False,,,False,True,False,ALAMEDA SUPERIOR COURT WILEY W. MANUEL COURTHOUSE,C,OTHER MOTOR VEHICLE,,0,0,CLEAR,,NO UNUSUAL CONDITIONS,,Courtesy ReportA,DAYLIGHT,37.799104,-122.220952,,,,,A,NO PEDESTRIANS INVOLVED,9/5/2024 4:45:00 PM,A,VC 22107,False,1,I-580 E/B,,,10/1/2024 1:52:11 PM,A,E,30.0,SHEFFIELD AVE,F,,D,10/1/2024 1:52:14 PM,10/1/2024 1:52:14 PM,False,True,4,,9/5/2024 4:50:00 PM,1650,False,,,True
4415192,9370-2024-03093,1,False,9370,9/5/2024 5:00:00 PM,1700,178,14,109,Oakland,1,True,True,B,SIDE SWIPE,,Thursday,Yes,False,M,,False,True,False,EAST COUNTY HALL OF JUSTICE,C,OTHER MOTOR VEHICLE,,0,0,CLEAR,,NO UNUSUAL CONDITIONS,,Courtesy ReportA,DAYLIGHT,37.807277,-122.304029,,,,,A,NO PEDESTRIANS INVOLVED,9/5/2024 5:00:00 PM,A,VC 23152(A),True,1,I-880 N/B TO 7TH ST,,,10/1/2024 1:41:12 PM,A,S,90.0,7TH ST,F,,A,10/1/2024 1:41:14 PM,10/1/2024 1:41:14 PM,False,True,4,,9/5/2024 5:42:00 PM,1742,False,,,True
4415106,9335-2024-02185,1,False,9335,9/23/2024 5:50:00 AM,550,082,14,109,Oakland,1,True,True,C,REAR END,,Monday,NotApplicable,False,,,False,True,True,ALAMEDA SUPERIOR COURT ALAMEDA,C,OTHER MOTOR VEHICLE,,0,0,FOG/VISIBILITY,,NO UNUSUAL CONDITIONS,,C,DARK-STREET LIGHTS,37.822453,-122.323623,,,,,A,NO PEDESTRIANS INVOLVED,9/23/2024 5:50:00 AM,A,VC 22350,False,1,I-80 W/B,,,10/1/2024 1:06:17 PM,A,W,0.56,SFOBB TOLL PLAZA,M,,A,10/1/2024 1:06:21 PM,10/1/2024 1:06:21 PM,False,True,4,,9/23/2024 6:00:00 AM,0600,False,,,True
4414865,9370-2024-03032,1,False,9370,9/24/2024 2:35:00 PM,1435,052,14,109,Oakland,1,True,True,C,REAR END,,Tuesday,NotApplicable,False,,,False,True,True,ALAMEDA SUPERIOR COURT WILEY W. MANUEL COURTHOUSE,C,OTHER MOTOR VEHICLE,,2,0,CLEAR,,NO UNUSUAL CONDITIONS,,A,DAYLIGHT,37.784079,-122.181165,,,,,A,NO PEDESTRIANS INVOLVED,9/24/2024 2:35:00 PM,A,VC 22350,False,1,I-580 W/B (MACARTHUR FREEWAY),,,10/1/2024 11:26:50 AM,A,E,1300.0,BUELL STREET,F,,D,10/1/2024 11:26:52 AM,10/1/2024 11:26:52 AM,False,True,4,,9/24/2024 2:45:00 PM,1445,False,,,True
4414704,9370-2024-02982,1,False,9370,9/19/2024 3:30:00 PM,1530,052,14,109,Oakland,1,True,True,B,SIDE SWIPE,,Thursday,NotApplicable,False,M,,False,True,False,ALAMEDA SUPERIOR COURT WILEY W. MANUEL COURTHOUSE,D,MOTOR VEHICLE ON OTHER ROADWAY,,0,0,CLEAR,,NO UNUSUAL CONDITIONS,,A,DAYLIGHT,37.778677,-122.169004,,,,,A,NO PEDESTRIANS INVOLVED,9/19/2024 3:30:00 PM,A,VC 21658(A),False,1,INTERSTATE 580 WESTBOUND,,,10/1/2024 10:40:15 AM,A,E,1500.0,SEMINARY AVE,F,,D,10/1/2024 10:40:17 AM,10/1/2024 10:40:17 AM,False,True,4,,9/19/2024 3:35:00 PM,1535,False,,,True
4414688,9320-2024-03327,1,False,9370,9/29/2024 1:10:00 AM,110,177,14,109,Oakland,1,True,True,C,REAR END,,Sunday,NotApplicable,False,,,False,True,False,ALAMEDA SUPERIOR COURT WILEY W. MANUEL COURTHOUSE,C,OTHER MOTOR VEHICLE,,0,0,CLOUDY,,NO UNUSUAL CONDITIONS,,On-Duty Emergency VehicleC,DARK-STREET LIGHTS,37.786236,-122.245962,,,,,A,NO PEDESTRIANS INVOLVED,9/29/2024 1:10:00 AM,A,VC 22106,False,1,I-880 S/B TO 16TH AVENUE (NIMITZ FREEWAY),,,10/1/2024 10:37:49 AM,A,E,43.0,EMBARCADERO,F,,A,10/1/2024 10:37:52 AM,10/1/2024 10:37:52 AM,False,True,4,,9/29/2024 1:11:00 AM,0111,False,,,True
4414354,24-042129,2,False,0109,8/22/2024 1:26:00 PM,1326,32X,14,109,Oakland,1,True,True,D,BROADSIDE,,Thursday,,,,,False,False,True,,C,OTHER MOTOR VEHICLE,,8,0,CLEAR,,NO UNUSUAL CONDITIONS - NO UNUSUAL CONDITIONS,,A,DAYLIGHT,,,,,,,A,NO PEDESTRIANS INVOLVED,,A,22107,,1,INTERNATIONAL BL,2,,,A,W,102.0,102ND AV,F,,A,10/1/2024 8:38:53 AM,1/28/2025 11:52:31 AM,,,2,,,,,,,
4414150,9370-2024-03047,1,False,9370,9/22/2024 2:35:00 AM,235,177,14,109,Oakland,1,True,True,E,HIT OBJECT,,Sunday,NotApplicable,False,M,,False,True,True,ALAMEDA SUPERIOR COURT WILEY W. MANUEL COURTHOUSE,I,FIXED OBJECT,GUARDRAIL,0,0,CLEAR,,NO UNUSUAL CONDITIONS,,C,DARK-STREET LIGHTS,37.741009,-122.195657,,,,,A,NO PEDESTRIANS INVOLVED,9/22/2024 2:35:00 AM,A,VC 22350,False,1,I-880 N/B,,,10/1/2024 7:15:52 AM,A,S,225.0,HEGENBERGER RD,F,,D,10/1/2024 7:15:54 AM,10/1/2024 7:15:54 AM,False,True,4,,9/22/2024 2:37:00 AM,0237,False,,,True
4414020,9370-2024-03015,1,False,9370,9/19/2024 5:00:00 PM,1700,013,14,109,Oakland,1,True,True,C,REAR END,,Thursday,NotApplicable,False,,,False,True,False,ALAMEDA SUPERIOR COURT WILEY W. MANUEL COURTHOUSE,C,OTHER MOTOR VEHICLE,,0,0,CLEAR,,NO UNUSUAL CONDITIONS,,A,DAYLIGHT,37.828752,-122.213046,,,,,A,NO PEDESTRIANS INVOLVED,9/19/2024 5:00:00 PM,A,VC 22350,False,1,SR-13 N/B,,,10/1/2024 5:26:12 AM,A,S,1185.0,MORAGA THORNHILL,F,,D,10/1/2024 5:26:15 AM,10/1/2024 5:26:15 AM,False,True,4,,9/19/2024 5:15:00 PM,1715,False,,,True
4413696,9335-2024-02198,1,False,9335,9/24/2024 4:00:00 PM,1600,082,14,109,Oakland,1,True,True,B,SIDE SWIPE,,Tuesday,NotApplicable,False,,,False,True,False,ALAMEDA SUPERIOR COURT FREMONT HALL OF JUSTICE,C,OTHER MOTOR VEHICLE,,0,0,CLEAR,,NO UNUSUAL CONDITIONS,,A,DAYLIGHT,37.823809,-122.318163,,,,,A,NO PEDESTRIANS INVOLVED,9/24/2024 4:00:00 PM,A,VC 22107,False,,I-80 W/B,,,9/30/2024 4:28:49 PM,A,W,1000.0,TOLL PLAZA,F,,D,9/30/2024 4:28:51 PM,9/30/2024 4:28:51 PM,False,True,4,,9/24/2024 4:15:00 PM,1615,False,,,True
4413599,9335-2024-02191,1,False,9335,9/23/2024 4:25:00 PM,1625,081,14,109,Oakland,1,True,True,B,SIDE SWIPE,,Monday,NotApplicable,False,,,False,True,False,ALAMEDA SUPERIOR COURT FREMONT HALL OF JUSTICE,C,OTHER MOTOR VEHICLE,,0,0,CLEAR,,NO UNUSUAL CONDITIONS,,A,DAYLIGHT,37.824823,-122.31498,,,,,A,NO PEDESTRIANS INVOLVED,9/23/2024 4:25:00 PM,A,VC 22107,False,1,I-80 W/B,,,9/30/2024 3:14:07 PM,A,W,1500.0,TOLL PLAZA,F,,D,9/30/2024 3:14:11 PM,9/30/2024 3:14:11 PM,False,True,4,,9/23/2024 4:30:00 PM,1630,False,,,True
4413276,24029847,2,False,0109,6/15/2024 11:07:00 PM,2307,20X,14,109,Oakland,1,True,True,H,OTHER,,Saturday,,,,,False,False,False,,E,PARKED MOTOR VEHICLE,,0,0,CLEAR,,NO UNUSUAL CONDITIONS - NO UNUSUAL CONDITIONS,,C,DARK-STREET LIGHTS,,,,,,,A,NO PEDESTRIANS INVOLVED,,A,22107,,1,INTERNATIONAL BL,2,,,A,W,10.0,25TH AV,F,,A,9/30/2024 1:19:43 PM,1/28/2025 11:52:26 AM,,,2,,,,,,,
4413246,9335-2024-02159,1,False,9335,9/20/2024 6:35:00 AM,635,082,14,109,Oakland,1,True,True,C,REAR END,,Friday,NotApplicable,False,,,False,True,False,ALAMEDA SUPERIOR COURT ALAMEDA,C,OTHER MOTOR VEHICLE,,0,0,CLOUDY,,NO UNUSUAL CONDITIONS,,B,DUSK-DAWN,37.822166,-122.329098,,,,,A,NO PEDESTRIANS INVOLVED,9/20/2024 6:35:00 AM,A,VC 22350,False,2,I-80 WB,,,9/30/2024 1:12:11 PM,A,W,3485.0,WEST EDGE OF SAN FRANCISCO-OAKLAND BAY BRIDGE TOLL BOOTHS,F,,D,9/30/2024 1:12:14 PM,9/30/2024 1:12:14 PM,False,True,4,,9/20/2024 6:41:00 AM,0641,False,,,True
4413193,24-039642,2,False,0109,8/8/2024 9:47:00 PM,2147,26X,14,109,Oakland,1,True,True,D,BROADSIDE,,Thursday,,,,,False,False,False,,,,,1,0,CLEAR,,NO UNUSUAL CONDITIONS - NO UNUSUAL CONDITIONS,,C,DARK-STREET LIGHTS,,,,,,,A,NO PEDESTRIANS INVOLVED,,A,22450A,,1,50TH AV,2,,,A,,,E 12TH ST,,,D,9/30/2024 12:59:42 PM,1/28/2025 11:43:36 AM,,,2,,,,,,,
4413105,24030397,2,False,0109,6/19/2024 7:30:00 PM,1930,12X,14,109,Oakland,1,True,True,B,SIDE SWIPE,,Wednesday,,,M,,False,False,False,,C,OTHER MOTOR VEHICLE,,0,0,CLEAR,,NO UNUSUAL CONDITIONS - NO UNUSUAL CONDITIONS,,A,DAYLIGHT,,,,,,,A,NO PEDESTRIANS INVOLVED,,A,22107,,1,48TH ST,1,,,A,W,40.0,SHATTUCK AV,F,,D,9/30/2024 12:29:41 PM,1/28/2025 11:52:26 AM,,,2,,,,,,,
4413092,24031030,2,False,0109,6/22/2024 1:53:00 PM,1353,32X,14,109,Oakland,1,True,True,B,SIDE SWIPE,,Saturday,,,M,,False,False,False,,E,PARKED MOTOR VEHICLE,,0,0,CLEAR,,NO UNUSUAL CONDITIONS - NO UNUSUAL CONDITIONS,,A,DAYLIGHT,,,,,,,A,NO PEDESTRIANS INVOLVED,,A,22107,,1,WALNUT ST,2,,,A,W,35.0,100TH AV,F,,D,9/30/2024 12:24:41 PM,1/28/2025 11:52:27 AM,,,2,,,,,,,
4413082,24030941,2,False,0109,6/22/2024 1:10:00 AM,110,17Y,14,109,Oakland,1,True,True,C,REAR END,,Saturday,,,M,,False,False,False,,E,PARKED MOTOR VEHICLE,,0,0,CLOUDY,,,,C,DARK-STREET LIGHTS,,,,,,,A,NO PEDESTRIANS INVOLVED,,A,22107,,1,BEAUMONT AV,1,,,A,,,E 32ND ST,,,A,9/30/2024 12:19:41 PM,1/28/2025 11:52:27 AM,,,2,,,,,,,
4413050,24030884,2,False,0109,6/21/2024 4:53:00 PM,1653,30Y,14,109,Oakland,1,True,True,A,HEAD-ON,,Friday,,,M,,False,False,False,,E,PARKED MOTOR VEHICLE,,0,0,CLEAR,,NO UNUSUAL CONDITIONS - NO UNUSUAL CONDITIONS,,A,DAYLIGHT,,,,,,,A,NO PEDESTRIANS INVOLVED,,A,22107,,1,NEY AV,2,,,A,E,300.0,PARKER AV,F,,D,9/30/2024 12:04:41 PM,1/28/2025 11:52:26 AM,,,2,,,,,,,
4413039,24030706,2,False,0109,6/20/2024 6:19:00 PM,1819,03X,14,109,Oakland,1,True,True,F,OVERTURNED,,Thursday,,,M,,False,False,False,,C,OTHER MOTOR VEHICLE,,0,0,CLEAR,,NO UNUSUAL CONDITIONS - NO UNUSUAL CONDITIONS,,A,DAYLIGHT,,,,,,,A,NO PEDESTRIANS INVOLVED,,A,21453A,,1,6TH ST,1,,,A,,,MARTIN LUTHER KING JR WY,,,A,9/30/2024 11:59:41 AM,1/28/2025 11:52:26 AM,,,2,,,,,,,
4413002,24031713,2,False,0109,6/25/2024 4:02:00 PM,1602,23X,14,109,Oakland,1,True,True,C,REAR END,,Tuesday,,,M,,False,False,False,,C,OTHER MOTOR VEHICLE,,0,0,CLOUDY,,NO UNUSUAL CONDITIONS - NO UNUSUAL CONDITIONS,,A,DAYLIGHT,,,,,,,A,NO PEDESTRIANS INVOLVED,,A,22107,,1,INTERNATIONAL BL,2,,,A,E,30.0,38TH AV,F,,A,9/30/2024 11:44:41 AM,1/28/2025 11:52:27 AM,,,2,,,,,,,
4412978,24031186,2,False,0109,6/24/2024 12:28:00 PM,1228,32X,14,109,Oakland,1,True,True,E,HIT OBJECT,,Monday,,,M,,False,False,True,,I,FIXED OBJECT,,0,0,CLEAR,,NO UNUSUAL CONDITIONS - NO UNUSUAL CONDITIONS,,A,DAYLIGHT,,,,,,,A,NO PEDESTRIANS INVOLVED,,A,22107,,1,MACARTHUR BL,2,,,A,E,40.0,106TH AV,F,,D,9/30/2024 11:34:41 AM,1/28/2025 11:52:27 AM,,,2,,,,,,,
4433066,24-032053,2,False,0109,6/27/2024 3:03:00 PM,1503,19X,14,109,Oakland,1,True,True,B,SIDE SWIPE,,Thursday,,,F,,False,False,False,,C,OTHER MOTOR VEHICLE,,1,0,CLEAR,,NO UNUSUAL CONDITIONS - NO UNUSUAL CONDITIONS,,A,DAYLIGHT,,,,,,,A,NO PEDESTRIANS INVOLVED,,A,22107,,1,E 12TH ST,1,,,A,S,50.0,23RD AV,F,,D,10/16/2024 9:40:32 AM,1/28/2025 11:56:29 AM,,,2,,,,,,,
4432908,9370-2024-03172,1,False,9370,10/7/2024 9:20:00 AM,920,008,14,109,Oakland,1,True,True,B,SIDE SWIPE,,Monday,NotApplicable,False,,,False,True,False,ALAMEDA SUPERIOR COURT WILEY W. MANUEL COURTHOUSE,C,OTHER MOTOR VEHICLE,,0,0,CLEAR,,NO UNUSUAL CONDITIONS,,A,DAYLIGHT,37.824878,-122.310588,,,,,A,NO PEDESTRIANS INVOLVED,10/7/2024 9:20:00 AM,A,VC 21658(A),False,1,I-80 W/B,,,10/16/2024 8:26:15 AM,A,E,950.0,SAN FRANCISCO OAKLAND BAY BRIDGE TOLL PLAZA,F,,D,10/16/2024 8:26:19 AM,10/16/2024 8:26:19 AM,False,True,4,,10/7/2024 9:25:00 AM,0925,True,EMBEDDED,,True
4432819,24-031146,2,False,0109,6/23/2024 4:43:00 AM,443,33X,14,109,Oakland,1,True,True,A,HEAD-ON,,Sunday,,,M,,False,False,False,,I,FIXED OBJECT,,0,0,CLEAR,,NO UNUSUAL CONDITIONS - NO UNUSUAL CONDITIONS,,C,DARK-STREET LIGHTS,,,,,,,A,NO PEDESTRIANS INVOLVED,,A,22350,,1,92ND AV,2,,,A,,,E ST,,,A,10/16/2024 7:50:32 AM,1/28/2025 11:56:31 AM,,,2,,,,,,,