collision-id,report-number,report-version,is-preliminary,ncic-code,crash-date-time,crash-time-description,beat,city-id,city-code,city-name,county-code,city-is-active,city-is-incorporated,collision-type-code,collision-type-description,collision-type-other-desc,day-of-week,dispatch-notified,has-photographs,hit-run,is-attachments-mailed,is-deleted,is-highway-related,is-tow-away,judicial-district,motor-vehicle-involved-with-code,motor-vehicle-involved-with-desc,motor-vehicle-involved-with-other-desc,number-injured,number-killed,weather-1,weather-2,road-condition-1,road-condition-2,special-condition-lighting-code,lighting-description,latitude,longitude,milepost-direction,milepost-distance,milepost-marker,milepost-unit-of-measure,pedestrian-action-code,pedestrian-action-desc,prepared-date,primary-collision-factor-code,primary-collision-factor-violation,primary-collision-factor-is-cited,primary-collision-party-number,primary-road,reporting-district,reporting-district-code,reviewed-date,roadway-surface-code,secondary-direction,secondary-distance,secondary-road,secondary-unit-of-measure,sketch-desc,traffic-control-device-code,created-date,modified-date,is-county-road,is-freeway,chp-555-version,is-additonal-object-struck,notification-date,notification-time-description,has-digital-media-files,evidence-number,is-location-refer-to-narrative,is-aoi-one-same-as-location
4424188,9370-2024-03144,1,False,9370,10/4/2024 12:35:00 AM,35,177,14,109,Oakland,1,True,True,E,HIT OBJECT,,Friday,NotApplicable,False,,,False,True,False,ALAMEDA SUPERIOR COURT WILEY W. MANUEL COURTHOUSE,J,OTHER OBJECT,DARK OBJECT DEBRIS,0,0,CLEAR,,NO UNUSUAL CONDITIONS,,C,DARK-STREET LIGHTS,37.802944,-122.300248,,,,,A,NO PEDESTRIANS INVOLVED,10/4/2024 12:35:00 AM,C,,,,I-880 N/B (NIMITZ FREEWAY),,,10/9/2024 6:55:03 AM,A,S,2100.0,7TH STREET,F,,D,10/9/2024 6:55:06 AM,10/9/2024 6:55:06 AM,False,True,4,,10/4/2024 12:38:00 AM,0038,False,,,True
4424183,24-035859,2,False,0109,7/18/2024 1:39:00 PM,1339,04X,14,109,Oakland,1,True,True,C,REAR END,,Thursday,,,M,,False,False,False,,C,OTHER MOTOR VEHICLE,,1,0,CLEAR,,NO UNUSUAL CONDITIONS - NO UNUSUAL CONDITIONS,,A,DAYLIGHT,,,,,,,A,NO PEDESTRIANS INVOLVED,,A,21801A,,1,BROADWAY AV,1,,,A,,,20TH ST,,,D,10/9/2024 6:49:46 AM,1/28/2025 11:55:13 AM,,,2,,,,,,,
4424171,24-036026,2,False,0109,7/19/2024 9:36:00 PM,2136,29X,14,109,Oakland,1,True,True,D,BROADSIDE,,Friday,,,,,False,False,False,,C,OTHER MOTOR VEHICLE,,1,0,CLEAR,,NO UNUSUAL CONDITIONS - NO UNUSUAL CONDITIONS,,C,DARK-STREET LIGHTS,,,,,,,A,NO PEDESTRIANS INVOLVED,,A,21802A,,1,OVERDALE AV,2,,,A,,,SEMINARY AV,,,A,10/9/2024 6:34:46 AM,1/28/2025 11:55:13 AM,,,2,,,,,,,
4424161,24-029958,2,False,0109,6/16/2024 5:07:00 PM,1707,18Y,14,109,Oakland,1,True,True,G,VEHICLE/PEDESTRAIN,,Sunday,,,M,,False,False,False,,B,PEDESTRIAN,,1,0,CLEAR,,NO UNUSUAL CONDITIONS - NO UNUSUAL CONDITIONS,,A,DAYLIGHT,,,,,,,C,CROSSING IN CROSS WALK - NOT AT INTERSECTION,,A,21950A,,1,E 22ND ST,1,,,A,,,23RD AV,,,D,10/9/2024 6:29:46 AM,1/28/2025 11:55:14 AM,,,2,,,,,,,
4424148,24-36673,2,False,0109,7/23/2024 3:12:00 PM,1512,30X,14,109,Oakland,1,True,True,C,REAR END,,Tuesday,,,M,,False,False,False,,C,OTHER MOTOR VEHICLE,,1,0,CLEAR,,NO UNUSUAL CONDITIONS - NO UNUSUAL CONDITIONS,,A,DAYLIGHT,,,,,,,A,NO PEDESTRIANS INVOLVED,,A,22107,,1,BANCROFT AV,2,,,A,,,73RD AV,,,A,10/9/2024 6:19:45 AM,1/28/2025 11:55:12 AM,,,2,,,,,,,
4424143,24-030141,2,False,0109,6/17/2024 3:45:00 PM,1545,33X,14,109,Oakland,1,True,True,D,BROADSIDE,,Monday,,,F,,False,False,False,,C,OTHER MOTOR VEHICLE,,1,0,CLEAR,,NO UNUSUAL CONDITIONS - NO UNUSUAL CONDITIONS,,A,DAYLIGHT,,,,,,,A,NO PEDESTRIANS INVOLVED,,A,22450A,,1,98TH AV,2,,,A,S,5.0,C ST,F,,D,10/9/2024 6:14:45 AM,1/28/2025 11:55:14 AM,,,2,,,,,,,
4424139,24-035868,2,False,0109,7/18/2024 3:06:00 PM,1506,03X,14,109,Oakland,1,True,True,D,BROADSIDE,,Thursday,,,,,False,False,False,,C,OTHER MOTOR VEHICLE,,1,0,CLEAR,,NO UNUSUAL CONDITIONS - NO UNUSUAL CONDITIONS,,A,DAYLIGHT,,,,,,,A,NO PEDESTRIANS INVOLVED,,A,21453A,,1,14TH ST,1,,,A,,,FRANKLIN ST,,,A,10/9/2024 6:09:45 AM,1/28/2025 11:55:12 AM,,,2,,,,,,,
4424131,24-034605,2,False,0109,7/11/2024 11:15:00 AM,1115,31Y,14,109,Oakland,1,True,True,H,OTHER,,Thursday,,,F,,False,False,False,,G,BICYCLE,,1,0,CLEAR,,NO UNUSUAL CONDITIONS - NO UNUSUAL CONDITIONS,,A,DAYLIGHT,,,,,,,B,CROSSING IN CROSS WALK AT INTERSECTION,,A,22107,,1,HEGENBERGER RD,2,,,A,,,HEGENBERGER LOOP,,,A,10/9/2024 5:59:45 AM,1/28/2025 11:55:12 AM,,,2,,,,,,,
4423769,9370-2024-03133,1,False,9370,10/3/2024 6:00:00 PM,1800,013,14,109,Oakland,1,True,True,C,REAR END,,Thursday,NotApplicable,False,,,False,True,False,ALAMEDA SUPERIOR COURT WILEY W. MANUEL COURTHOUSE,C,OTHER MOTOR VEHICLE,,0,0,CLEAR,,NO UNUSUAL CONDITIONS,,A,DAYLIGHT,37.782951,-122.17754,,,,,A,NO PEDESTRIANS INVOLVED,10/3/2024 6:00:00 PM,A,VC 22350,False,1,SR-13 S/B TO I-580 E/B,,,10/8/2024 7:54:27 PM,A,N,1087.0,SEMINARY AVE,F,,D,10/8/2024 7:54:31 PM,10/8/2024 7:54:31 PM,False,True,4,False,10/3/2024 6:07:00 PM,1807,False,,,True
4423768,9370-2024-03109,1,False,9370,10/2/2024 6:15:00 AM,615,053,14,109,Oakland,1,True,True,D,BROADSIDE,,Wednesday,Yes,False,,,False,True,True,ALAMEDA SUPERIOR COURT WILEY W. MANUEL COURTHOUSE,B,PEDESTRIAN,,2,0,CLEAR,,NO UNUSUAL CONDITIONS,,D,DARK-NO STREET LIGHTS,37.799601,-122.223262,,,,,E,IN ROAD - INCLUDES SHOULDER,10/2/2024 6:15:00 AM,C,,,,INTERSTATE 580 EASTBOUND,,,10/8/2024 7:52:43 PM,A,W,1840.0,FRUITVALW AVE,F,,D,10/8/2024 7:52:48 PM,10/8/2024 7:52:48 PM,False,True,4,,10/2/2024 6:20:00 AM,0620,False,,,True
4423763,9335-2024-02271,2,False,9335,10/2/2024 7:25:00 AM,725,081,14,109,Oakland,1,True,True,C,REAR END,,Wednesday,NotApplicable,False,M,,False,True,False,ALAMEDA SUPERIOR COURT WILEY W. MANUEL COURTHOUSE,C,OTHER MOTOR VEHICLE,,0,0,CLEAR,,NO UNUSUAL CONDITIONS,,A,DAYLIGHT,37.824183,-122.316436,,,,,A,NO PEDESTRIANS INVOLVED,10/2/2024 7:25:00 AM,A,VC 22350,False,1,I-80 W/B,,,10/25/2024 7:24:55 AM,A,W,758.0,TOLL PLAZA BOOTHS,F,,D,10/8/2024 7:35:00 PM,10/25/2024 7:24:57 AM,False,True,4,,10/2/2024 7:26:00 AM,0726,True,20240438,,True
4423727,9370-2024-03134,1,False,9370,10/3/2024 7:47:00 PM,1947,013,14,109,Oakland,1,True,True,B,SIDE SWIPE,,Thursday,NotApplicable,False,M,,False,True,False,ALAMEDA SUPERIOR COURT WILEY W. MANUEL COURTHOUSE,C,OTHER MOTOR VEHICLE,,0,0,CLEAR,,NO UNUSUAL CONDITIONS,,A,DAYLIGHT,37.790506,-122.181232,,,,,A,NO PEDESTRIANS INVOLVED,10/3/2024 7:47:00 PM,A,VC 21658(a),False,1,SR-13 S/B,,,10/8/2024 6:17:11 PM,A,S,1218.0,CARSON ST,F,,D,10/8/2024 6:17:16 PM,10/8/2024 6:17:16 PM,False,True,4,,10/3/2024 7:48:00 PM,1948,False,,,True
4423721,9370-2024-03112,2,False,9370,10/2/2024 7:40:00 AM,740,052,14,109,Oakland,1,True,True,B,SIDE SWIPE,,Wednesday,NotApplicable,False,,,False,True,False,ALAMEDA SUPERIOR COURT WILEY W. MANUEL COURTHOUSE,C,OTHER MOTOR VEHICLE,,0,0,CLEAR,,NO UNUSUAL CONDITIONS,,A,DAYLIGHT,37.749778,-122.151196,,,,,A,NO PEDESTRIANS INVOLVED,10/2/2024 7:40:00 AM,A,VC 22350,False,1,INTERSTATE 580 WESTBOUND,,,10/10/2024 4:09:48 PM,A,E,1300.0,GOLF LINKS RD,F,,D,10/8/2024 5:58:12 PM,10/10/2024 4:09:50 PM,False,True,4,,10/2/2024 7:45:00 AM,0745,False,,,True
4423720,9370-2024-03138,1,False,9370,10/3/2024 7:26:00 PM,1926,176,14,109,Oakland,1,True,True,C,REAR END,,Thursday,NotApplicable,False,M,,False,True,False,ALAMEDA SUPERIOR COURT WILEY W. MANUEL COURTHOUSE,C,OTHER MOTOR VEHICLE,,0,0,CLEAR,,NO UNUSUAL CONDITIONS,,C,DARK-STREET LIGHTS,37.742759,-122.198087,,,,,A,NO PEDESTRIANS INVOLVED,10/3/2024 7:26:00 PM,A,VC 22350,False,1,I-880 N/B,,,10/8/2024 5:56:49 PM,A,S,1881.0,66TH AVE,F,,D,10/8/2024 5:56:55 PM,10/8/2024 5:56:55 PM,False,True,4,,10/3/2024 7:30:00 PM,1930,False,,,True
4423716,9370-2024-03141,1,False,9370,10/3/2024 7:06:00 PM,1906,901,14,109,Oakland,1,True,True,B,SIDE SWIPE,,Thursday,Yes,False,M,,False,False,False,ALAMEDA SUPERIOR COURT BERKELEY COURTHOUSE,E,PARKED MOTOR VEHICLE,,0,0,CLEAR,,NO UNUSUAL CONDITIONS,,B,DUSK-DAWN,37.773467,-122.201458,,,,,A,NO PEDESTRIANS INVOLVED,10/3/2024 7:06:00 PM,A,VC 22350,False,1,YGNACIO AVE (5200 BLOCK),,,10/8/2024 5:42:55 PM,A,W,100.0,FAIRFAX AVE,F,,D,10/8/2024 5:43:03 PM,10/8/2024 5:43:03 PM,False,False,4,,10/3/2024 7:06:00 PM,1906,True,EMBEDDED,,
4423652,9370-2024-01589,1,False,9370,5/17/2024 12:10:00 AM,10,055,14,109,Oakland,1,True,True,B,SIDE SWIPE,,Friday,Yes,False,,,False,True,True,ALAMEDA SUPERIOR COURT WILEY W. MANUEL COURTHOUSE,C,OTHER MOTOR VEHICLE,,2,1,CLEAR,,NO UNUSUAL CONDITIONS,,FatalC,DARK-STREET LIGHTS,37.811541,-122.250227,,,,,A,NO PEDESTRIANS INVOLVED,5/17/2024 12:10:00 AM,A,VC 23152(F),False,1,I-580 E/B,,,10/8/2024 4:07:17 PM,A,E,61.2,VAN BUREN / SANTA CLARA PEDESTRIAN OVERCROSSING,F,,D,10/8/2024 4:07:27 PM,10/8/2024 4:07:27 PM,False,True,4,,5/17/2024 12:18:00 AM,0018,True,AREA PHOTO FILE,,True
4423632,9335-2024-02266,1,False,9335,10/1/2024 8:15:00 AM,815,082,14,109,Oakland,1,True,True,B,SIDE SWIPE,,Tuesday,NotApplicable,False,,,False,True,False,ALAMEDA SUPERIOR COURT ALAMEDA,C,OTHER MOTOR VEHICLE,,0,0,CLEAR,,NO UNUSUAL CONDITIONS,,A,DAYLIGHT,37.824107,-122.317793,,,,,A,NO PEDESTRIANS INVOLVED,10/1/2024 8:15:00 AM,A,VC 22350,False,1,INTERSTATE 80 WESTBOUND,,,10/8/2024 3:53:14 PM,A,W,200.0,SFOBB TOLL PLAZA,F,,A,10/8/2024 3:53:32 PM,10/8/2024 3:53:32 PM,False,True,4,,10/1/2024 8:20:00 AM,0820,False,,,True
4423472,24-035839,2,False,0109,7/18/2024 11:27:00 AM,1127,02X,14,109,Oakland,1,True,True,D,BROADSIDE,,Thursday,,,,,False,False,False,,C,OTHER MOTOR VEHICLE,,1,0,CLEAR,,NO UNUSUAL CONDITIONS - NO UNUSUAL CONDITIONS,,A,DAYLIGHT,,,,,,,A,NO PEDESTRIANS INVOLVED,,A,21453A,,1,BRUSH ST,1,,,A,,,12TH ST,,,A,10/8/2024 2:09:44 PM,1/28/2025 11:55:13 AM,,,2,,,,,,,
4423459,24-035877,2,False,0109,7/18/2024 3:45:00 PM,1545,31X,14,109,Oakland,1,True,True,B,SIDE SWIPE,,Thursday,,,,,False,False,False,,G,BICYCLE,,1,0,CLEAR,,NO UNUSUAL CONDITIONS - NO UNUSUAL CONDITIONS,,A,DAYLIGHT,,,,,,,A,NO PEDESTRIANS INVOLVED,,A,22107,,1,HEGENBERGER RD,2,,,B,N,150.0,BALDWIN ST,F,,A,10/8/2024 2:04:44 PM,1/28/2025 11:55:12 AM,,,2,,,,,,,
4423445,24-031615,2,False,0109,6/25/2024 12:29:00 AM,29,29X,14,109,Oakland,1,True,True,C,REAR END,,Tuesday,,,F,,False,False,False,,E,PARKED MOTOR VEHICLE,,1,0,CLEAR,,NO UNUSUAL CONDITIONS - NO UNUSUAL CONDITIONS,,C,DARK-STREET LIGHTS,,,,,,,A,NO PEDESTRIANS INVOLVED,,A,22107,,1,MACARTHUR BL,2,,,A,E,130.0,65TH AV,F,,D,10/8/2024 1:59:45 PM,1/28/2025 11:55:14 AM,,,2,,,,,,,
4423443,24-031672,2,False,0109,6/25/2024 11:15:00 AM,1115,16X,14,109,Oakland,1,True,True,C,REAR END,,Tuesday,,,,,False,False,False,,C,OTHER MOTOR VEHICLE,,1,0,CLEAR,,NO UNUSUAL CONDITIONS - NO UNUSUAL CONDITIONS,,A,DAYLIGHT,,,,,,,A,NO PEDESTRIANS INVOLVED,,A,22350,,1,LAKE PARK AV,1,,,A,E,20.0,LAKESHORE AV,F,,A,10/8/2024 1:59:44 PM,1/28/2025 11:55:15 AM,,,2,,,,,,,
4423398,24-029761,2,False,0109,6/15/2024 1:14:00 PM,1314,34X,14,109,Oakland,1,True,True,D,BROADSIDE,,Saturday,,,M,,False,False,False,,G,BICYCLE,,1,0,CLEAR,,NO UNUSUAL CONDITIONS - NO UNUSUAL CONDITIONS,,A,DAYLIGHT,,,,,,,A,NO PEDESTRIANS INVOLVED,,A,22450A,,1,93RD AV,2,,,A,,,HOLLY ST,,,A,10/8/2024 1:44:43 PM,1/28/2025 11:55:14 AM,,,2,,,,,,,
4423389,24-038459,2,False,0109,7/31/2024 6:15:00 PM,1815,03X,14,109,Oakland,1,True,True,D,BROADSIDE,,Wednesday,,,,,False,False,False,,C,OTHER MOTOR VEHICLE,,1,0,CLEAR,,NO UNUSUAL CONDITIONS - NO UNUSUAL CONDITIONS,,A,DAYLIGHT,,,,,,,A,NO PEDESTRIANS INVOLVED,,A,21453A,,1,MADISON ST,2,,,A,,,11TH ST,,,A,10/8/2024 1:39:43 PM,1/28/2025 11:55:11 AM,,,2,,,,,,,
4423384,24-031271,2,False,0109,6/23/2024 10:17:00 PM,2217,30X,14,109,Oakland,1,True,True,D,BROADSIDE,,Sunday,,,M,,False,False,False,,C,OTHER MOTOR VEHICLE,,1,0,CLEAR,,NO UNUSUAL CONDITIONS - NO UNUSUAL CONDITIONS,,C,DARK-STREET LIGHTS,,,,,,,A,NO PEDESTRIANS INVOLVED,,A,22350,,1,HAVENSCOURT BL,2,,,A,,,BANCROFT,,,A,10/8/2024 1:39:43 PM,1/28/2025 11:54:31 AM,,,2,,,,,,,
4423368,24-039390,2,False,0109,8/1/2024 8:36:00 PM,2036,04X,14,109,Oakland,1,True,True,D,BROADSIDE,,Thursday,,,,,False,False,False,,C,OTHER MOTOR VEHICLE,,3,0,CLEAR,,NO UNUSUAL CONDITIONS - NO UNUSUAL CONDITIONS,,C,DARK-STREET LIGHTS,,,,,,,A,NO PEDESTRIANS INVOLVED,,A,21453A,,1,HARRISON ST,1,,,A,,,4TH  ST,,,A,10/8/2024 1:34:43 PM,1/28/2025 11:55:11 AM,,,2,,,,,,,
4423359,24-038525,2,False,0109,8/2/2024 3:28:00 PM,1528,15X,14,109,Oakland,1,True,True,D,BROADSIDE,,Friday,,,,,False,False,False,,C,OTHER MOTOR VEHICLE,,2,0,CLEAR,,NO UNUSUAL CONDITIONS - NO UNUSUAL CONDITIONS,,A,DAYLIGHT,,,,,,,A,NO PEDESTRIANS INVOLVED,,A,21802A,,1,BROOKLYN AV,1,,,A,,,HADDON RD,,,A,10/8/2024 1:29:43 PM,1/28/2025 11:55:11 AM,,,2,,,,,,,
4423169,9370-2024-02637,1,False,9370,8/4/2024 2:50:00 AM,250,177,14,109,Oakland,1,True,True,B,SIDE SWIPE,,Sunday,NotApplicable,False,,,False,True,False,ALAMEDA SUPERIOR COURT WILEY W. MANUEL COURTHOUSE,C,OTHER MOTOR VEHICLE,,0,0,CLEAR,,NO UNUSUAL CONDITIONS,,Late-ReportedC,DARK-STREET LIGHTS,37.803098,-122.300558,,,,,A,NO PEDESTRIANS INVOLVED,8/4/2024 2:50:00 AM,A,VC 21658(A),False,1,I-880 N/B,,,10/8/2024 12:24:28 PM,A,S,1863.0,7TH ST,F,,D,10/8/2024 12:24:42 PM,10/8/2024 12:24:42 PM,False,True,4,,8/5/2024 1:48:00 PM,1348,False,,,True
4423164,24-038667,2,False,0109,8/3/2024 5:40:00 PM,1740,03X,14,109,Oakland,1,True,True,A,HEAD-ON,,Saturday,,,,,False,False,False,,C,OTHER MOTOR VEHICLE,,2,0,CLEAR,,NO UNUSUAL CONDITIONS - NO UNUSUAL CONDITIONS,,A,DAYLIGHT,,,,,,,A,NO PEDESTRIANS INVOLVED,,A,21801A,,1,JACKSON ST,1,,,A,,,6TH ST,,,A,10/8/2024 12:19:42 PM,1/28/2025 11:55:12 AM,,,2,,,,,,,
4423128,9370-2024-03107,2,False,9370,10/2/2024 6:10:00 AM,610,053,14,109,Oakland,1,True,True,B,SIDE SWIPE,,Wednesday,NotApplicable,False,,,False,True,False,ALAMEDA SUPERIOR COURT WILEY W. MANUEL COURTHOUSE,C,OTHER MOTOR VEHICLE,,0,0,CLEAR,,NO UNUSUAL CONDITIONS,,D,DARK-NO STREET LIGHTS,37.799671,-122.223292,,,,,A,NO PEDESTRIANS INVOLVED,10/2/2024 6:10:00 AM,A,VC 21658(a),False,1,INTERSTATE 580 EASTBOUND,,,10/11/2024 1:20:48 PM,B,W,1894.0,FRUITVALE AVENUE,F,,D,10/8/2024 12:03:44 PM,10/11/2024 1:20:52 PM,False,True,4,,10/2/2024 6:15:00 AM,0615,False,,,True
4443121,9370-2024-03294,1,False,9370,10/16/2024 6:07:00 PM,1807,177,14,109,Oakland,1,True,True,B,SIDE SWIPE,,Wednesday,NotApplicable,False,,,False,True,False,ALAMEDA SUPERIOR COURT WILEY W. MANUEL COURTHOUSE,C,OTHER MOTOR VEHICLE,,1,0,CLEAR,,NO UNUSUAL CONDITIONS,,A,DAYLIGHT,37.794574,-122.265422,,,,,A,NO PEDESTRIANS INVOLVED,10/16/2024 6:07:00 PM,A,VC 22350,False,1,I-880 S/B,,,10/23/2024 7:11:39 PM,A,S,372.0,OAK ST,F,,D,10/23/2024 7:11:42 PM,10/23/2024 7:11:42 PM,False,True,4,,10/16/2024 6:08:00 PM,1808,False,,,True
4443085,9370-2024-03292,1,False,9370,10/16/2024 9:05:00 AM,905,176,14,109,Oakland,1,True,True,B,SIDE SWIPE,,Wednesday,NotApplicable,False,,,False,True,False,ALAMEDA SUPERIOR COURT ALAMEDA,C,OTHER MOTOR VEHICLE,,0,0,CLOUDY,,NO UNUSUAL CONDITIONS,,A,DAYLIGHT,37.774047,-122.230138,,,,,A,NO PEDESTRIANS INVOLVED,10/16/2024 9:05:00 AM,A,VC 21658(A),False,,I-880 N/B,,,10/23/2024 5:47:38 PM,A,S,985.0,29TH AVE,F,,D,10/23/2024 5:47:42 PM,10/23/2024 5:47:42 PM,False,True,4,,10/16/2024 9:07:00 AM,0907,False,,,True
4443072,9370-2024-03215,1,False,9370,10/11/2024 12:10:00 AM,10,177,14,109,Oakland,1,True,True,E,HIT OBJECT,,Friday,Yes,False,,,False,True,False,ALAMEDA SUPERIOR COURT WILEY W. MANUEL COURTHOUSE,I,FIXED OBJECT,CONCRETE WALL,1,0,CLEAR,,NO UNUSUAL CONDITIONS,,C,DARK-STREET LIGHTS,37.790165,-122.258385,,,,,A,NO PEDESTRIANS INVOLVED,10/11/2024 12:10:00 AM,A,VC 23152(a),True,1,I-880 N/B TO 5TH AVENUE,,,10/23/2024 5:17:33 PM,A,N,200.0,EMBARCADERO,F,,D,10/23/2024 5:17:37 PM,10/23/2024 5:17:37 PM,False,True,4,,10/11/2024 12:20:00 AM,0020,False,,,True
4443062,9370-2024-03221,1,False,9370,10/11/2024 8:10:00 AM,810,901,14,109,Oakland,1,True,True,B,SIDE SWIPE,,Friday,NotApplicable,False,,,False,False,False,ALAMEDA SUPERIOR COURT WILEY W. MANUEL COURTHOUSE,C,OTHER MOTOR VEHICLE,,0,0,CLEAR,,NO UNUSUAL CONDITIONS,,School Bus CollisionA,DAYLIGHT,37.796697,-122.182878,,,,,A,NO PEDESTRIANS INVOLVED,10/11/2024 8:10:00 AM,C,,,,MOUNTAIN BLVD TO REDWOOD ROAD,,,10/23/2024 5:08:18 PM,A,S,19.0,REDWOOD RD,F,,A,10/23/2024 5:08:22 PM,10/23/2024 5:08:22 PM,False,False,4,,10/11/2024 8:20:00 AM,0820,False,,,True
4442473,9370-2024-03326,1,False,9370,10/13/2024 2:03:00 PM,1403,053,14,109,Oakland,1,True,True,E,HIT OBJECT,,Sunday,NotApplicable,False,,,False,True,True,ALAMEDA SUPERIOR COURT WILEY W. MANUEL COURTHOUSE,I,FIXED OBJECT,RAISED CONCRETE CURB,0,0,CLEAR,,NO UNUSUAL CONDITIONS,,A,DAYLIGHT,37.783115,-122.178184,,,,,A,NO PEDESTRIANS INVOLVED,10/13/2024 2:03:00 PM,A,VC 22350,False,1,I-580 EASTBOUND TO SEMINARY AVENUE,,,10/23/2024 12:00:26 PM,A,W,0.25,KUHNLE AVENUE,M,,D,10/23/2024 12:00:28 PM,10/23/2024 12:00:28 PM,False,True,4,,10/13/2024 2:03:00 PM,1403,False,,,True
4442441,9370-2024-03235,1,False,9370,8/31/2024 3:29:00 AM,329,052,14,109,Oakland,1,True,True,B,SIDE SWIPE,,Saturday,NotApplicable,False,,,False,True,False,ALAMEDA SUPERIOR COURT WILEY W. MANUEL COURTHOUSE,C,OTHER MOTOR VEHICLE,,0,0,CLEAR,,NO UNUSUAL CONDITIONS,,Late-ReportedA,DAYLIGHT,37.777843,-122.167826,,,,,A,NO PEDESTRIANS INVOLVED,8/31/2024 3:29:00 AM,A,VC 22350,False,2,I-580 E/B,,,10/23/2024 11:44:25 AM,A,W,1200.0,EDWARDS AVENUE,F,,D,10/23/2024 11:44:29 AM,10/23/2024 11:44:29 AM,False,True,4,,9/16/2024 11:30:00 AM,1130,False,,,True
4442431,9370-2024-03226,1,False,9370,10/11/2024 8:35:00 PM,2035,176,14,109,Oakland,1,True,True,E,HIT OBJECT,,Friday,Yes,False,,,False,True,False,ALAMEDA SUPERIOR COURT WILEY W. MANUEL COURTHOUSE,I,FIXED OBJECT,WOOD/METAL GUARD RAIL,1,0,CLEAR,,NO UNUSUAL CONDITIONS,,C,DARK-STREET LIGHTS,37.754411,-122.207704,,,,,A,NO PEDESTRIANS INVOLVED,10/11/2024 8:35:00 PM,A,VC 22350,False,1,I-880 N/B FROM 66TH AVENUE,,,10/23/2024 11:39:27 AM,A,N,85.0,ZHONE WAY OVERCROSSING,F,,D,10/23/2024 11:39:29 AM,10/23/2024 11:39:29 AM,False,True,4,,10/11/2024 8:35:00 PM,2035,False,,True,
4442069,9370-2024-03333,1,False,9370,10/19/2024 8:38:00 PM,2038,176,14,109,Oakland,1,True,True,C,REAR END,,Saturday,NotApplicable,False,M,,False,True,False,ALAMEDA SUPERIOR COURT WILEY W. MANUEL COURTHOUSE,C,OTHER MOTOR VEHICLE,,0,0,CLEAR,,NO UNUSUAL CONDITIONS,,A,DAYLIGHT,37.769139,-122.221095,,,,,A,NO PEDESTRIANS INVOLVED,10/19/2024 8:38:00 PM,A,VC 22350,False,1,I-880 S/B,,,10/23/2024 9:22:13 AM,A,N,430.0,HIGH ST,F,,D,10/23/2024 9:22:14 AM,10/23/2024 9:22:14 AM,False,True,4,,10/19/2024 8:43:00 PM,2043,False,,,True
4442038,9370-2024-03162,1,False,9370,10/6/2024 6:53:00 AM,653,024,14,109,Oakland,1,True,True,E,HIT OBJECT,,Sunday,NotApplicable,False,,,False,True,False,ALAMEDA SUPERIOR COURT WILEY W. MANUEL COURTHOUSE,I,FIXED OBJECT,GUARD RAIL,0,0,CLEAR,,NO UNUSUAL CONDITIONS,,B,DUSK-DAWN,37.821565,-122.269419,,,,,A,NO PEDESTRIANS INVOLVED,10/6/2024 6:53:00 AM,A,VC 22107,False,1,SR-24 W/B,,,10/23/2024 9:11:29 AM,A,E,811.0,30TH ST,F,,D,10/23/2024 9:11:31 AM,10/23/2024 9:11:31 AM,False,True,4,,10/6/2024 7:17:00 AM,0717,False,,,True
4441999,9370-2024-03329,1,False,9370,10/19/2024 12:15:00 PM,1215,176,14,109,Oakland,1,True,True,C,REAR END,,Saturday,NotApplicable,False,,,False,True,True,ALAMEDA SUPERIOR COURT WILEY W. MANUEL COURTHOUSE,C,OTHER MOTOR VEHICLE,,1,0,CLEAR,,NO UNUSUAL CONDITIONS,,A,DAYLIGHT,37.73202,-122.188722,,,,,A,NO PEDESTRIANS INVOLVED,10/19/2024 12:15:00 PM,A,VC 22350,False,1,I-880 N/B,,,10/23/2024 8:57:00 AM,A,N,50.0,98TH AVENUE,F,,D,10/23/2024 8:57:02 AM,10/23/2024 8:57:02 AM,False,True,4,,10/19/2024 12:20:00 PM,1220,False,,,True
4441957,24-024020,2,False,0109,5/15/2024 7:07:00 PM,1907,30X,14,109,Oakland,1,True,True,B,SIDE SWIPE,,Wednesday,,,M,,False,False,True,,C,OTHER MOTOR VEHICLE,,0,0,CLEAR,,NO UNUSUAL CONDITIONS - NO UNUSUAL CONDITIONS,,A,DAYLIGHT,,,,,,,A,NO PEDESTRIANS INVOLVED,,A,22350,,1,INTERNATIONAL BL,2,,,A,E,50.0,71ST AV,F,,D,10/23/2024 8:41:24 AM,1/28/2025 11:59:41 AM,,,2,,,,,,,
4441921,9370-2024-03321,1,False,9370,10/18/2024 10:35:00 PM,2235,025,14,109,Oakland,1,True,True,C,REAR END,,Friday,NotApplicable,False,M,,False,True,False,ALAMEDA SUPERIOR COURT WILEY W. MANUEL COURTHOUSE,C,OTHER MOTOR VEHICLE,,0,0,CLEAR,,NO UNUSUAL CONDITIONS,,C,DARK-STREET LIGHTS,37.831909,-122.26711,,,,,A,NO PEDESTRIANS INVOLVED,10/18/2024 10:35:00 PM,A,VC 22350,False,1,SR-24 W/B FROM MLK JR WAY TO I-580,,,10/23/2024 8:26:18 AM,A,E,190.0,42ND ST,F,,D,10/23/2024 8:26:21 AM,10/23/2024 8:26:21 AM,False,True,4,,10/18/2024 10:57:00 PM,2257,False,,,True