collision-id,report-number,report-version,is-preliminary,ncic-code,crash-date-time,crash-time-description,beat,city-id,city-code,city-name,county-code,city-is-active,city-is-incorporated,collision-type-code,collision-type-description,collision-type-other-desc,day-of-week,dispatch-notified,has-photographs,hit-run,is-attachments-mailed,is-deleted,is-highway-related,is-tow-away,judicial-district,motor-vehicle-involved-with-code,motor-vehicle-involved-with-desc,motor-vehicle-involved-with-other-desc,number-injured,number-killed,weather-1,weather-2,road-condition-1,road-condition-2,special-condition-lighting-code,lighting-description,latitude,longitude,milepost-direction,milepost-distance,milepost-marker,milepost-unit-of-measure,pedestrian-action-code,pedestrian-action-desc,prepared-date,primary-collision-factor-code,primary-collision-factor-violation,primary-collision-factor-is-cited,primary-collision-party-number,primary-road,reporting-district,reporting-district-code,reviewed-date,roadway-surface-code,secondary-direction,secondary-distance,secondary-road,secondary-unit-of-measure,sketch-desc,traffic-control-device-code,created-date,modified-date,is-county-road,is-freeway,chp-555-version,is-additonal-object-struck,notification-date,notification-time-description,has-digital-media-files,evidence-number,is-location-refer-to-narrative,is-aoi-one-same-as-location
4478251,24-007284,2,False,0109,2/10/2024 11:12:00 AM,1112,02X,14,109,Oakland,1,True,True,D,BROADSIDE,,Saturday,,,,,False,False,True,,C,OTHER MOTOR VEHICLE,,1,0,CLEAR,,NO UNUSUAL CONDITIONS - NO UNUSUAL CONDITIONS,,A,DAYLIGHT,,,,,,,A,NO PEDESTRIANS INVOLVED,,A,21453A,,1,7TH ST,1,,,A,,,CASTRO ST,,,A,11/21/2024 7:59:16 AM,1/28/2025 12:02:06 PM,,,2,,,,,,,
4478247,24-049676,2,False,0109,10/5/2024 9:50:00 AM,950,32X,14,109,Oakland,1,True,True,D,BROADSIDE,,Saturday,,,,,False,False,False,,C,OTHER MOTOR VEHICLE,,2,0,CLEAR,,NO UNUSUAL CONDITIONS - NO UNUSUAL CONDITIONS,,A,DAYLIGHT,,,,,,,A,NO PEDESTRIANS INVOLVED,,A,21801A,,1,105TH AV,2,,,A,,,E ST,,,A,11/21/2024 7:59:15 AM,1/28/2025 12:08:16 PM,,,2,,,,,,,
4478240,9370-2024-03672,1,False,9370,11/14/2024 6:00:00 PM,1800,176,14,109,Oakland,1,True,True,C,REAR END,,Thursday,NotApplicable,False,,,False,True,True,ALAMEDA SUPERIOR COURT WILEY W. MANUEL COURTHOUSE,C,OTHER MOTOR VEHICLE,,1,0,CLEAR,,NO UNUSUAL CONDITIONS,,D,DARK-NO STREET LIGHTS,37.758382,-122.212217,,,,,A,NO PEDESTRIANS INVOLVED,11/14/2024 6:00:00 PM,A,VC 22350,False,1,I-880 S/B,,,11/21/2024 7:57:18 AM,A,S,2040.0,66TH AVE,F,,D,11/21/2024 7:57:21 AM,11/21/2024 7:57:21 AM,False,True,4,,11/14/2024 6:00:00 PM,1800,False,,,True
4478201,9370-2024-03671,1,False,9370,11/14/2024 5:20:00 PM,1720,176,14,109,Oakland,1,True,True,C,REAR END,,Thursday,NotApplicable,False,,,False,True,False,ALAMEDA SUPERIOR COURT WILEY W. MANUEL COURTHOUSE,C,OTHER MOTOR VEHICLE,,0,0,CLEAR,,NO UNUSUAL CONDITIONS,,B,DUSK-DAWN,37.764071,-122.216805,,,,,A,NO PEDESTRIANS INVOLVED,11/14/2024 5:20:00 PM,A,VC 22350,False,1,I-880 N/B,,,11/21/2024 7:38:46 AM,A,S,1830.0,HIGH ST,F,,D,11/21/2024 7:38:49 AM,11/21/2024 7:38:49 AM,False,True,4,,11/14/2024 5:25:00 PM,1725,False,,,True
4478121,9370-2024-03688,1,False,9370,11/14/2024 5:20:00 PM,1720,008,14,109,Oakland,1,True,True,B,SIDE SWIPE,,Thursday,NotApplicable,False,,,False,True,False,ALAMEDA SUPERIOR COURT WILEY W. MANUEL COURTHOUSE,C,OTHER MOTOR VEHICLE,,0,0,CLEAR,,NO UNUSUAL CONDITIONS,,B,DUSK-DAWN,37.825632,-122.302726,,,,,A,NO PEDESTRIANS INVOLVED,11/14/2024 5:20:00 PM,A,VC 21658(A),False,1,I-80 E/B,,,11/21/2024 7:03:34 AM,A,E,1995.0,MARITIME STREET,F,,D,11/21/2024 7:03:39 AM,11/21/2024 7:03:39 AM,False,True,4,,11/14/2024 5:24:00 PM,1724,False,,,True
4478109,9370-2024-03357,1,False,9370,10/17/2024 12:34:00 AM,34,052,14,109,Oakland,1,True,True,C,REAR END,,Thursday,Yes,False,M,,False,True,False,ALAMEDA SUPERIOR COURT WILEY W. MANUEL COURTHOUSE,C,OTHER MOTOR VEHICLE,,0,0,CLEAR,,NO UNUSUAL CONDITIONS,,C,DARK-STREET LIGHTS,37.756457,-122.148803,,,,,A,NO PEDESTRIANS INVOLVED,10/17/2024 12:34:00 AM,A,VC 22350,False,1,I-580 E/B,,,11/21/2024 6:54:50 AM,A,W,1240.0,GOLF LINKS RD,F,,D,11/21/2024 6:54:52 AM,11/21/2024 6:54:52 AM,False,True,4,,10/17/2024 12:39:00 AM,0039,False,,,True
4478086,24-016329,3,False,0109,4/2/2024 2:30:00 PM,1430,33X,14,109,Oakland,1,True,True,C,REAR END,,Tuesday,,,,,False,False,False,,C,OTHER MOTOR VEHICLE,,0,0,CLEAR,,NO UNUSUAL CONDITIONS - NO UNUSUAL CONDITIONS,,A,DAYLIGHT,,,,,,,A,NO PEDESTRIANS INVOLVED,,A,22350,,1,98TH AV,2,,,A,N,0.2,SAN LEANDRO ST,M,,A,11/21/2024 6:44:15 AM,1/28/2025 11:49:22 AM,,,2,,,,,,,
4478031,9370-2024-03643,1,False,9370,11/12/2024 6:10:00 PM,1810,024,14,109,Oakland,1,True,True,B,SIDE SWIPE,,Tuesday,NotApplicable,False,,,False,True,True,ALAMEDA SUPERIOR COURT WILEY W. MANUEL COURTHOUSE,C,OTHER MOTOR VEHICLE,,0,0,CLEAR,,NO UNUSUAL CONDITIONS,,D,DARK-NO STREET LIGHTS,37.849436,-122.223794,,,,,A,NO PEDESTRIANS INVOLVED,11/12/2024 6:10:00 PM,B,UNSAFE MERGE,,1,SR-24 E/B,,,11/21/2024 6:06:42 AM,A,E,1200.0,SR-13 N/B,F,,D,11/21/2024 6:06:44 AM,11/21/2024 6:06:44 AM,False,True,4,,11/12/2024 6:15:00 PM,1815,False,,,True
4478014,9370-2024-03515,1,False,9370,11/1/2024 6:30:00 PM,1830,177,14,109,Oakland,1,True,True,H,OTHER,BACKING,Friday,NotApplicable,False,M,,False,True,False,ALAMEDA SUPERIOR COURT WILEY W. MANUEL COURTHOUSE,C,OTHER MOTOR VEHICLE,,0,0,CLEAR,,NO UNUSUAL CONDITIONS,,B,DUSK-DAWN,37.825772,-122.290621,,,,,A,NO PEDESTRIANS INVOLVED,11/1/2024 6:30:00 PM,A,VC 22106,False,1,I-880 N/B,,,11/21/2024 5:46:42 AM,A,N,320.0,BEACH STREET,F,,D,11/21/2024 5:46:43 AM,11/21/2024 5:46:43 AM,False,True,4,,11/1/2024 6:50:00 PM,1850,False,,,True
4477424,24-002647,3,False,0109,1/16/2024 11:51:00 AM,1151,09X,14,109,Oakland,1,True,True,A,HEAD-ON,,Tuesday,,,,,False,False,False,,C,OTHER MOTOR VEHICLE,,2,0,CLEAR,,NO UNUSUAL CONDITIONS - NO UNUSUAL CONDITIONS,,A,DAYLIGHT,,,,,,,A,NO PEDESTRIANS INVOLVED,,A,21453,,1,MACARTHUR BL,1,,,A,,,PIEDMONT AV,,,A,11/20/2024 1:54:05 PM,1/28/2025 11:49:21 AM,,,2,,,,,,,
4477382,9370-2024-03670,1,False,9370,11/14/2024 4:45:00 PM,1645,008,14,109,Oakland,1,True,True,C,REAR END,,Thursday,NotApplicable,False,M,,False,True,False,ALAMEDA SUPERIOR COURT WILEY W. MANUEL COURTHOUSE,C,OTHER MOTOR VEHICLE,,0,0,CLEAR,,NO UNUSUAL CONDITIONS,,C,DARK-STREET LIGHTS,37.823062,-122.312288,,,,,A,NO PEDESTRIANS INVOLVED,11/14/2024 4:45:00 PM,A,VC 22350,False,1,I-80 E/B,,,11/20/2024 1:34:07 PM,A,E,500.0,SFOBB,F,,D,11/20/2024 1:34:08 PM,11/20/2024 1:34:08 PM,False,True,4,,11/14/2024 4:46:00 PM,1646,False,,,True
4477380,24-015006,3,False,0109,3/25/2024 4:06:00 PM,1606,04X,14,109,Oakland,1,True,True,G,VEHICLE/PEDESTRAIN,,Monday,,,,,False,False,False,,B,PEDESTRIAN,,1,0,,,NO UNUSUAL CONDITIONS - NO UNUSUAL CONDITIONS,,A,DAYLIGHT,,,,,,,B,CROSSING IN CROSS WALK AT INTERSECTION,,A,21950A,,2,19TH ST,1,,,A,E,5.0,FRANKLIN ST,F,,A,11/20/2024 1:34:05 PM,1/28/2025 11:49:20 AM,,,2,,,,,,,
4477360,24-049614,2,False,0109,10/4/2024 10:25:00 PM,2225,05X,14,109,Oakland,1,True,True,G,VEHICLE/PEDESTRAIN,,Friday,,,M,,False,False,False,,B,PEDESTRIAN,,1,0,CLEAR,,HOLES- DEEPRUT* - HOLES- DEEPRUT*,,C,DARK-STREET LIGHTS,,,,,,,B,CROSSING IN CROSS WALK AT INTERSECTION,,A,21453A,,1,14TH ST,1,,,C,,,ADELINE ST,,,A,11/20/2024 1:29:05 PM,1/28/2025 12:08:15 PM,,,2,,,,,,,
4477356,24-051072,2,False,0109,10/13/2024 5:45:00 PM,1745,13Z,14,109,Oakland,1,True,True,B,SIDE SWIPE,,Sunday,,,,,False,False,False,,C,OTHER MOTOR VEHICLE,,1,0,CLEAR,,NO UNUSUAL CONDITIONS - NO UNUSUAL CONDITIONS,,A,DAYLIGHT,,,,,,,A,NO PEDESTRIANS INVOLVED,,A,22350,,1,GRIZZLEY PEAK,1,,,A,E,0.75,SOUTH PARK DR,M,,D,11/20/2024 1:24:05 PM,1/28/2025 11:57:48 AM,,,2,,,,,,,
4477348,24-049638,2,False,0109,10/5/2024 5:00:00 AM,500,22X,14,109,Oakland,1,True,True,G,VEHICLE/PEDESTRAIN,,Saturday,,,F,,False,False,False,,B,PEDESTRIAN,,1,0,CLEAR,,NO UNUSUAL CONDITIONS - NO UNUSUAL CONDITIONS,,C,DARK-STREET LIGHTS,,,,,,,E,IN ROAD - INCLUDES SHOULDER,,A,22107,,1,SKYLINE BL,2,,,A,W,75.0,CASTLE DR,F,,D,11/20/2024 1:19:05 PM,1/28/2025 12:08:15 PM,,,2,,,,,,,
4477346,24-049393,3,False,0109,10/3/2024 3:13:00 PM,1513,19X,14,109,Oakland,1,True,True,G,VEHICLE/PEDESTRAIN,,Thursday,,,,,False,False,False,,C,OTHER MOTOR VEHICLE,,1,0,CLEAR,,NO UNUSUAL CONDITIONS - NO UNUSUAL CONDITIONS,,A,DAYLIGHT,,,,,,,A,NO PEDESTRIANS INVOLVED,,A,21453A,,1,14TH AV,1,,,A,,,INTERNATIONAL BL,,,A,11/20/2024 1:19:05 PM,1/28/2025 11:57:48 AM,,,2,,,,,,,
4477336,24-050219,2,False,0109,10/8/2024 5:30:00 PM,1730,13Y,14,109,Oakland,1,True,True,B,SIDE SWIPE,,Tuesday,,,,,False,False,False,,G,BICYCLE,,1,0,CLEAR,,NO UNUSUAL CONDITIONS - NO UNUSUAL CONDITIONS,,A,DAYLIGHT,,,,,,,A,NO PEDESTRIANS INVOLVED,,A,22107,,1,CLAREMONT AV,1,,,A,N,200.0,ALVARADO RD,F,,D,11/20/2024 1:09:05 PM,1/28/2025 11:57:48 AM,,,2,,,,,,,
4477211,9370-2024-03669,1,False,9370,11/14/2024 1:30:00 PM,1330,176,14,109,Oakland,1,True,True,B,SIDE SWIPE,,Thursday,NotApplicable,False,,,False,True,False,ALAMEDA SUPERIOR COURT WILEY W. MANUEL COURTHOUSE,C,OTHER MOTOR VEHICLE,,0,0,CLOUDY,,NO UNUSUAL CONDITIONS,,A,DAYLIGHT,37.75467,-122.20881,,,,,A,NO PEDESTRIANS INVOLVED,11/14/2024 1:30:00 PM,A,VC 21658(A),False,,I-880 S/B,,,11/20/2024 11:37:27 AM,A,N,325.0,66TH AVE,F,,D,11/20/2024 11:37:29 AM,11/20/2024 11:37:29 AM,False,True,4,,11/14/2024 1:35:00 PM,1335,False,,,True
4477154,24-051049,2,False,0109,10/13/2024 3:55:00 PM,1555,13Z,14,109,Oakland,1,True,True,E,HIT OBJECT,,Sunday,,,,,False,False,False,,I,FIXED OBJECT,,2,0,CLEAR,,NO UNUSUAL CONDITIONS - NO UNUSUAL CONDITIONS,,A,DAYLIGHT,,,,,,,A,NO PEDESTRIANS INVOLVED,,A,22106,,1,ASPINWALL RD,1,,,A,W,50.0,VISTA DEL MAR CT,F,,D,11/20/2024 11:04:04 AM,1/28/2025 11:57:48 AM,,,2,,,,,,,
4477153,24-051355,2,False,0109,10/15/2024 3:40:00 PM,1540,12X,14,109,Oakland,1,True,True,B,SIDE SWIPE,,Tuesday,,,F,,False,False,False,,C,OTHER MOTOR VEHICLE,,1,0,CLEAR,,OTHER* - OTHER*,,A,DAYLIGHT,,,,,,,A,NO PEDESTRIANS INVOLVED,,A,22107,,1,42ND ST,2,,,A,E,234.0,41ST ST,F,,D,11/20/2024 11:04:04 AM,1/28/2025 11:57:48 AM,,,2,,,,,,,
4477068,24-051700,2,False,0109,10/17/2024 5:07:00 PM,1707,09X,14,109,Oakland,1,True,True,D,BROADSIDE,,Thursday,,,,,False,False,True,,C,OTHER MOTOR VEHICLE,,2,0,CLEAR,,REDUCED ROADWAY WIDTH - REDUCED ROADWAY WIDTH,,A,DAYLIGHT,,,,,,,A,NO PEDESTRIANS INVOLVED,,A,21461,,1,HOWE ST,1,,,A,N,250.0,MACARTHUR BL,F,,A,11/20/2024 10:24:04 AM,1/28/2025 11:57:48 AM,,,2,,,,,,,
4477055,24-052142,2,False,0109,10/20/2024 6:30:00 PM,1830,30Y,14,109,Oakland,1,True,True,C,REAR END,,Sunday,,,,,False,False,False,,C,OTHER MOTOR VEHICLE,,1,0,CLEAR,,NO UNUSUAL CONDITIONS - NO UNUSUAL CONDITIONS,,C,DARK-STREET LIGHTS,,,,,,,A,NO PEDESTRIANS INVOLVED,,A,21703,,1,BANCROFT AV,2,,,A,,,73RD AV,,,A,11/20/2024 10:19:04 AM,1/28/2025 11:57:48 AM,,,2,,,,,,,
4477047,24-052976,2,False,0109,10/24/2024 9:52:00 PM,2152,24X,14,109,Oakland,1,True,True,C,REAR END,,Thursday,,,,,False,False,False,,C,OTHER MOTOR VEHICLE,,1,0,CLEAR,,NO UNUSUAL CONDITIONS - NO UNUSUAL CONDITIONS,,C,DARK-STREET LIGHTS,,,,,,,A,NO PEDESTRIANS INVOLVED,,A,22350,,1,FOOTHILL BL,2,,,A,E,10.0,COURTLAND AV,F,,A,11/20/2024 10:14:04 AM,1/28/2025 11:57:48 AM,,,2,,,,,,,
4477038,24-050598,2,False,0109,10/11/2024 12:53:00 AM,53,27X,14,109,Oakland,1,True,True,A,HEAD-ON,,Friday,,,M,,False,False,False,,C,OTHER MOTOR VEHICLE,,3,0,CLEAR,,NO UNUSUAL CONDITIONS - NO UNUSUAL CONDITIONS,,C,DARK-STREET LIGHTS,,,,,,,A,NO PEDESTRIANS INVOLVED,,A,21453A,,1,FAIRFAX AV,2,,,A,,,FOOTHILL BL,,,A,11/20/2024 10:09:04 AM,1/28/2025 11:57:48 AM,,,2,,,,,,,
4476939,9370-2024-03654,1,False,9370,11/13/2024 5:30:00 AM,530,025,14,109,Oakland,1,True,True,C,REAR END,,Wednesday,NotApplicable,False,,,False,True,False,ALAMEDA SUPERIOR COURT WILEY W. MANUEL COURTHOUSE,C,OTHER MOTOR VEHICLE,,0,0,CLEAR,,NO UNUSUAL CONDITIONS,,B,DUSK-DAWN,37.829884,-122.267438,,,,,A,NO PEDESTRIANS INVOLVED,11/13/2024 5:30:00 AM,A,VC 22350,False,1,SR-24 W/B,,,11/20/2024 9:26:39 AM,A,E,57.0,40TH STREET,F,,D,11/20/2024 9:26:42 AM,11/20/2024 9:26:42 AM,False,True,4,,11/13/2024 5:35:00 AM,0535,True,EMBEDDED,,True
4476894,24029661,2,False,0109,6/14/2024 8:12:00 PM,2012,26Y,14,109,Oakland,1,True,True,G,VEHICLE/PEDESTRAIN,,Friday,,,,,False,False,False,,C,OTHER MOTOR VEHICLE,,1,0,CLEAR,,NO UNUSUAL CONDITIONS - NO UNUSUAL CONDITIONS,,C,DARK-STREET LIGHTS,,,,,,,A,NO PEDESTRIANS INVOLVED,,D,,,,71ST AV,2,,,A,,,INTERNATIONAL BL,,,C,11/20/2024 9:14:03 AM,1/28/2025 12:07:51 PM,,,2,,,,,,,
4476648,24-045729,2,False,0109,9/12/2024 2:20:00 PM,1420,31X,14,109,Oakland,1,True,True,D,BROADSIDE,,Thursday,,,,,False,False,False,,C,OTHER MOTOR VEHICLE,,1,0,CLEAR,,NO UNUSUAL CONDITIONS - NO UNUSUAL CONDITIONS,,A,DAYLIGHT,,,,,,,A,NO PEDESTRIANS INVOLVED,,A,21800A,,,RUSSET ST,2,,,A,,,105TH AV,,,D,11/20/2024 7:24:01 AM,1/28/2025 12:04:56 PM,,,2,,,,,,,
4476528,9370-2024-03601,1,False,9370,11/9/2024 1:55:00 AM,155,177,14,109,Oakland,1,True,True,E,HIT OBJECT,,Saturday,Yes,False,,,False,True,True,ALAMEDA SUPERIOR COURT WILEY W. MANUEL COURTHOUSE,I,FIXED OBJECT,CONCRETE WALL,0,0,CLEAR,,NO UNUSUAL CONDITIONS,,C,DARK-STREET LIGHTS,37.78843,-122.251539,,,,,A,NO PEDESTRIANS INVOLVED,11/9/2024 1:55:00 AM,A,VC 23152(a),True,1,INTERSTATE 880 SOUTHBOUND,,,11/20/2024 6:04:09 AM,A,N,1800.0,16TH AVE,F,,A,11/20/2024 6:04:10 AM,11/20/2024 6:04:10 AM,False,True,4,False,11/9/2024 1:59:00 AM,0159,False,,,True
4476525,9370-2024-03613,1,False,9370,11/10/2024 2:10:00 AM,210,013,14,109,Oakland,1,True,True,E,HIT OBJECT,,Sunday,Yes,False,,,False,True,True,ALAMEDA SUPERIOR COURT WILEY W. MANUEL COURTHOUSE,I,FIXED OBJECT,CONCRETE BARRIER WALL,1,0,CLEAR,,NO UNUSUAL CONDITIONS,,C,DARK-STREET LIGHTS,37.825358,-122.210356,,,,,A,NO PEDESTRIANS INVOLVED,11/10/2024 2:10:00 AM,A,VC 23152(A),True,1,SR-13 S/B,,,11/20/2024 5:54:29 AM,A,N,1600.0,PARK BOULEVARD,F,,D,11/20/2024 5:54:33 AM,11/20/2024 5:54:33 AM,False,True,4,,11/10/2024 2:12:00 AM,0212,False,,,True
4475779,9370-2024-03649,1,False,9370,11/13/2024 12:35:00 AM,35,013,14,109,Oakland,1,True,True,B,SIDE SWIPE,,Wednesday,No,False,,,False,True,True,ALAMEDA SUPERIOR COURT WILEY W. MANUEL COURTHOUSE,I,FIXED OBJECT,CONCRETE WALL,0,0,CLEAR,,NO UNUSUAL CONDITIONS,,C,DARK-STREET LIGHTS,37.796247,-122.18368,,,,,A,NO PEDESTRIANS INVOLVED,11/13/2024 12:35:00 AM,A,VC 22107,False,1,SR-13 S/B,,,11/19/2024 1:05:38 PM,A,S,949.0,REDWOOD RD,F,,D,11/19/2024 1:05:41 PM,11/19/2024 1:05:41 PM,False,True,4,False,11/13/2024 12:40:00 AM,0040,False,,,
4475625,9370-2024-03562,1,False,9370,11/5/2024 9:03:00 PM,2103,052,14,109,Oakland,1,True,True,E,HIT OBJECT,,Tuesday,NotApplicable,False,M,,False,True,True,ALAMEDA SUPERIOR COURT WILEY W. MANUEL COURTHOUSE,I,FIXED OBJECT,GUARD RAIL,0,0,CLEAR,,NO UNUSUAL CONDITIONS,,D,DARK-NO STREET LIGHTS,37.783508,-122.178455,,,,,A,NO PEDESTRIANS INVOLVED,11/5/2024 9:03:00 PM,A,VC 23152(a),True,1,I-580 E/B,,,11/19/2024 12:05:30 PM,A,W,1500.0,SEMINARY AVE,F,,D,11/19/2024 12:05:34 PM,11/19/2024 12:05:34 PM,False,True,4,,11/5/2024 9:34:00 PM,2134,False,,,True
4475462,24-001796,1,False,3300,11/4/2024 9:09:00 AM,909,A12,14,109,Oakland,1,True,True,C,REAR END,,Monday,Yes,True,,,False,False,False,WILEY W. MANUEL COURTHOUSE,C,OTHER MOTOR VEHICLE,,,,CLEAR,,NO UNUSUAL CONDITIONS,,A,DAYLIGHT,37.79451,-122.23084,,,,,A,NO PEDESTRIANS INVOLVED,,B,,False,1,2032 E 26TH ST,18Y,,,A,,,E 26TH ST,,,D,11/19/2024 10:58:40 AM,11/19/2024 10:58:40 AM,,,4,,,,,,,
4495311,9370-2024-03902,1,False,9370,12/6/2024 11:54:00 AM,1154,054,14,109,Oakland,1,True,True,H,OTHER,ROCK,Friday,NotApplicable,False,,,False,True,False,ALAMEDA SUPERIOR COURT WILEY W. MANUEL COURTHOUSE,A,NON-COLLISION,,0,0,CLEAR,,NO UNUSUAL CONDITIONS,,A,DAYLIGHT,37.815206,-122.251105,,,,,A,NO PEDESTRIANS INVOLVED,12/6/2024 11:54:00 AM,C,,,,I-580 W/B,,,12/6/2024 6:50:45 PM,A,E,1900.0,HARRISON ST,F,,D,12/6/2024 6:50:48 PM,12/6/2024 6:50:48 PM,False,True,4,,12/6/2024 12:00:00 PM,1200,False,,,True
4495275,9370-2024-03764,1,False,9370,11/23/2024 12:00:00 PM,1200,053,14,109,Oakland,1,True,True,E,HIT OBJECT,,Saturday,NotApplicable,False,,,False,True,True,ALAMEDA SUPERIOR COURT WILEY W. MANUEL COURTHOUSE,I,FIXED OBJECT,METAL GUARD RAIL,0,0,CLOUDY,RAINING,NO UNUSUAL CONDITIONS,,A,DAYLIGHT,37.790364,-122.201777,,,,,A,NO PEDESTRIANS INVOLVED,11/23/2024 12:00:00 PM,A,VC 22350,False,1,I-580 E/B,,,12/6/2024 4:26:07 PM,B,W,504.0,38TH AVE,F,,D,12/6/2024 4:26:09 PM,12/6/2024 4:26:09 PM,False,True,4,,11/23/2024 12:10:00 PM,1210,True,EMBEDDED,,True
4495213,9370-2024-03835,1,False,9370,11/24/2024 11:10:00 AM,1110,176,14,109,Oakland,1,True,True,B,SIDE SWIPE,,Sunday,NotApplicable,False,M,,False,True,False,ALAMEDA SUPERIOR COURT WILEY W. MANUEL COURTHOUSE,C,OTHER MOTOR VEHICLE,,0,0,CLOUDY,,NO UNUSUAL CONDITIONS,,A,DAYLIGHT,37.735605,-122.191904,,,,,A,NO PEDESTRIANS INVOLVED,11/24/2024 11:10:00 AM,A,VC 21658(A),False,1,I-880 N/B,,,12/6/2024 3:12:01 PM,A,N,1650.0,98TH AVE,F,,D,12/6/2024 3:12:03 PM,12/6/2024 3:12:03 PM,False,True,4,,11/24/2024 11:15:00 AM,1115,True,EMBEDDED,,True
4495107,9370-2024-03887,1,False,9370,12/4/2024 10:45:00 PM,2245,025,14,109,Oakland,1,True,True,E,HIT OBJECT,,Wednesday,NotApplicable,False,,,False,True,False,ALAMEDA SUPERIOR COURT WILEY W. MANUEL COURTHOUSE,J,OTHER OBJECT,SAND BARRIER / ENERGITE,0,0,CLEAR,,NO UNUSUAL CONDITIONS,,C,DARK-STREET LIGHTS,37.825875,-122.273544,,,,,A,NO PEDESTRIANS INVOLVED,12/4/2024 10:45:00 PM,C,,,,SR-24 W/B TO I-580 WB TRANSITION,,,12/6/2024 1:59:29 PM,A,E,473.0,MARKET ST,F,,D,12/6/2024 1:59:31 PM,12/6/2024 1:59:31 PM,False,True,4,False,12/4/2024 10:45:00 PM,2245,False,,,False
4495075,9370-2024-03876,1,False,9370,12/3/2024 5:15:00 PM,1715,177,14,109,Oakland,1,True,True,B,SIDE SWIPE,,Tuesday,NotApplicable,False,,,False,True,False,ALAMEDA SUPERIOR COURT WILEY W. MANUEL COURTHOUSE,C,OTHER MOTOR VEHICLE,,0,0,CLEAR,,NO UNUSUAL CONDITIONS,,A,DAYLIGHT,37.797483,-122.272627,,,,,A,NO PEDESTRIANS INVOLVED,12/3/2024 5:15:00 PM,A,VC 21658(A),False,,I-880 S/B,,,12/6/2024 1:49:54 PM,A,N,400.0,JACKSON STREET,F,,D,12/6/2024 1:49:55 PM,12/6/2024 1:49:55 PM,False,True,4,,12/3/2024 5:20:00 PM,1720,False,,,True
4495056,24-030639,2,False,0109,6/20/2024 12:37:00 PM,1237,29X,14,109,Oakland,1,True,True,C,REAR END,,Thursday,,,M,,False,False,False,,C,OTHER MOTOR VEHICLE,,1,0,CLEAR,,NO UNUSUAL CONDITIONS - NO UNUSUAL CONDITIONS,,A,DAYLIGHT,,,,,,,A,NO PEDESTRIANS INVOLVED,,D,22350,,1,SEMINARY AV,2,,,A,,,OUTLOOK AV,,,A,12/6/2024 1:43:56 PM,1/28/2025 11:36:12 AM,,,2,,,,,,,
4495054,9370-2024-03870,1,False,9370,12/2/2024 6:00:00 PM,1800,177,14,109,Oakland,1,True,True,B,SIDE SWIPE,,Monday,NotApplicable,False,,,False,True,False,ALAMEDA SUPERIOR COURT WILEY W. MANUEL COURTHOUSE,C,OTHER MOTOR VEHICLE,,0,0,CLEAR,,NO UNUSUAL CONDITIONS,,C,DARK-STREET LIGHTS,37.799709,-122.278322,,,,,A,NO PEDESTRIANS INVOLVED,12/2/2024 6:00:00 PM,A,VC 21658(A),False,1,I-880 S/B,,,12/6/2024 1:43:02 PM,A,N,570.0,I-980 W/B,F,,D,12/6/2024 1:43:04 PM,12/6/2024 1:43:04 PM,False,True,4,,12/2/2024 6:01:00 PM,1801,False,,,True
4495050,9370-2024-03808,1,False,9370,11/26/2024 10:50:00 PM,2250,054,14,109,Oakland,1,True,True,E,HIT OBJECT,,Tuesday,NotApplicable,False,,,False,True,False,ALAMEDA SUPERIOR COURT WILEY W. MANUEL COURTHOUSE,J,OTHER OBJECT,TIRE,0,0,CLEAR,,NO UNUSUAL CONDITIONS,,D,DARK-NO STREET LIGHTS,37.806191,-122.23654,,,,,A,NO PEDESTRIANS INVOLVED,11/26/2024 10:50:00 PM,C,,,,I-580 W/B,,,12/6/2024 1:40:34 PM,A,W,1000.0,PARK BLVD,F,,D,12/6/2024 1:40:36 PM,12/6/2024 1:40:36 PM,False,True,4,,11/26/2024 10:55:00 PM,2255,False,,,True
4495027,9370-2024-03765,1,False,9370,11/22/2024 11:25:00 AM,1125,008,14,109,Oakland,1,True,True,E,HIT OBJECT,,Friday,NotApplicable,False,,,False,True,False,ALAMEDA SUPERIOR COURT WILEY W. MANUEL COURTHOUSE,I,FIXED OBJECT,CONCRETE WALL,1,0,RAINING,,NO UNUSUAL CONDITIONS,,A,DAYLIGHT,37.824911,-122.305194,,,,,A,NO PEDESTRIANS INVOLVED,11/22/2024 11:25:00 AM,A,VC 22350,False,1,I-80 E/B,,,12/6/2024 1:30:41 PM,B,E,1250.0,WEST GRAND / MARITIME,F,,D,12/6/2024 1:30:43 PM,12/6/2024 1:30:43 PM,False,True,4,,11/22/2024 11:29:00 AM,1129,False,,,True
4494997,9370-2024-03772,1,False,9370,11/22/2024 2:40:00 PM,1440,053,14,109,Oakland,1,True,True,D,BROADSIDE,,Friday,NotApplicable,False,F,,False,True,False,ALAMEDA SUPERIOR COURT WILEY W. MANUEL COURTHOUSE,C,OTHER MOTOR VEHICLE,,0,0,RAINING,,NO UNUSUAL CONDITIONS,,A,DAYLIGHT,37.813256,-122.272504,,,,,A,NO PEDESTRIANS INVOLVED,11/22/2024 2:40:00 PM,A,VC 22350,False,1,I-980 E/B,,,12/6/2024 1:19:35 PM,B,W,85.0,23RD ST,F,,D,12/6/2024 1:19:37 PM,12/6/2024 1:19:37 PM,False,True,4,,11/22/2024 2:45:00 PM,1445,False,,,True