collision-id,report-number,report-version,is-preliminary,ncic-code,crash-date-time,crash-time-description,beat,city-id,city-code,city-name,county-code,city-is-active,city-is-incorporated,collision-type-code,collision-type-description,collision-type-other-desc,day-of-week,dispatch-notified,has-photographs,hit-run,is-attachments-mailed,is-deleted,is-highway-related,is-tow-away,judicial-district,motor-vehicle-involved-with-code,motor-vehicle-involved-with-desc,motor-vehicle-involved-with-other-desc,number-injured,number-killed,weather-1,weather-2,road-condition-1,road-condition-2,special-condition-lighting-code,lighting-description,latitude,longitude,milepost-direction,milepost-distance,milepost-marker,milepost-unit-of-measure,pedestrian-action-code,pedestrian-action-desc,prepared-date,primary-collision-factor-code,primary-collision-factor-violation,primary-collision-factor-is-cited,primary-collision-party-number,primary-road,reporting-district,reporting-district-code,reviewed-date,roadway-surface-code,secondary-direction,secondary-distance,secondary-road,secondary-unit-of-measure,sketch-desc,traffic-control-device-code,created-date,modified-date,is-county-road,is-freeway,chp-555-version,is-additonal-object-struck,notification-date,notification-time-description,has-digital-media-files,evidence-number,is-location-refer-to-narrative,is-aoi-one-same-as-location
4514748,9370-2024-03941,1,False,9370,12/9/2024 10:35:00 PM,2235,013,14,109,Oakland,1,True,True,B,SIDE SWIPE,,Monday,Yes,False,M,,False,True,False,ALAMEDA SUPERIOR COURT WILEY W. MANUEL COURTHOUSE,C,OTHER MOTOR VEHICLE,,0,0,CLEAR,,NO UNUSUAL CONDITIONS,,C,DARK-STREET LIGHTS,37.822159,-122.207789,,,,,A,NO PEDESTRIANS INVOLVED,12/9/2024 10:35:00 PM,A,VC 21658(a),False,1,SR-13 S/B,,,12/24/2024 7:05:31 AM,A,N,257.0,PARK BLVD,F,,D,12/24/2024 7:05:32 AM,12/24/2024 7:05:32 AM,False,True,4,,12/9/2024 10:37:00 PM,2237,False,,,True
4514745,9370-2024-04047,1,False,9370,12/17/2024 10:58:00 PM,2258,176,14,109,Oakland,1,True,True,C,REAR END,,Tuesday,Yes,False,,,False,True,True,ALAMEDA SUPERIOR COURT WILEY W. MANUEL COURTHOUSE,C,OTHER MOTOR VEHICLE,,1,0,CLOUDY,,NO UNUSUAL CONDITIONS,,C,DARK-STREET LIGHTS,37.753408,-122.208022,,,,,A,NO PEDESTRIANS INVOLVED,12/17/2024 10:58:00 PM,A,VC 23152(A),True,1,I-880 S/B FROM 66TH AVENUE,,,12/24/2024 7:04:55 AM,A,S,150.0,66TH AVENUE,F,,D,12/24/2024 7:04:57 AM,12/24/2024 7:04:57 AM,False,True,4,,12/17/2024 11:02:00 PM,2302,False,,,True
4514691,24-059225,3,False,0109,12/2/2024 8:55:00 AM,855,03X,14,109,Oakland,1,True,True,C,REAR END,,Monday,,,,,False,False,False,,C,OTHER MOTOR VEHICLE,,1,0,CLEAR,,NO UNUSUAL CONDITIONS - NO UNUSUAL CONDITIONS,,A,DAYLIGHT,,,,,,,A,NO PEDESTRIANS INVOLVED,,A,22350,,1,POSEY TUBE,1,,,A,S,400.0,6TH ST,F,,D,12/24/2024 6:31:44 AM,1/28/2025 12:13:20 PM,,,2,,,,,,,
4514681,24-059203,3,False,0109,12/2/2024 6:54:00 AM,654,32Y,14,109,Oakland,1,True,True,D,BROADSIDE,,Monday,,,M,,False,False,False,,C,OTHER MOTOR VEHICLE,,1,0,CLEAR,,NO UNUSUAL CONDITIONS - NO UNUSUAL CONDITIONS,,A,DAYLIGHT,,,,,,,A,NO PEDESTRIANS INVOLVED,,A,22450A,,1,100TH AVE,2,,,A,,,VOLTAIRE AV,,,D,12/24/2024 6:26:44 AM,1/28/2025 12:13:21 PM,,,2,,,,,,,
4514675,24-059146,3,False,0109,12/1/2024 6:00:00 PM,1800,26X,14,109,Oakland,1,True,True,G,VEHICLE/PEDESTRAIN,,Sunday,,,,,False,False,False,,B,PEDESTRIAN,,1,0,CLEAR,,NO UNUSUAL CONDITIONS - NO UNUSUAL CONDITIONS,,A,DAYLIGHT,,,,,,,B,CROSSING IN CROSS WALK AT INTERSECTION,,A,21950A,,1,54TH AVE,2,,,A,,,INTERNATIONAL BL,,,A,12/24/2024 6:21:44 AM,1/28/2025 12:13:20 PM,,,2,,,,,,,
4514645,24-043135,2,False,0109,8/28/2024 6:00:00 PM,1800,18X,14,109,Oakland,1,True,True,D,BROADSIDE,,Wednesday,,,,,False,False,False,,C,OTHER MOTOR VEHICLE,,4,0,CLEAR,,NO UNUSUAL CONDITIONS - NO UNUSUAL CONDITIONS,,A,DAYLIGHT,,,,,,,A,NO PEDESTRIANS INVOLVED,,A,21802A,,1,23RD AV,1,,,A,,,E 22ND ST,,,A,12/24/2024 5:56:44 AM,1/28/2025 12:12:45 PM,,,2,,,,,,,
4514314,9370-2024-04077,1,False,9335,12/19/2024 6:10:00 PM,1810,904,14,109,Oakland,1,True,True,B,SIDE SWIPE,,Thursday,NotApplicable,False,,,False,True,False,ALAMEDA SUPERIOR COURT WILEY W. MANUEL COURTHOUSE,C,OTHER MOTOR VEHICLE,,0,0,CLEAR,,NO UNUSUAL CONDITIONS,,Courtesy ReportC,DARK-STREET LIGHTS,37.823063,-122.318075,,,,,A,NO PEDESTRIANS INVOLVED,12/19/2024 6:10:00 PM,A,VC 21658(A),False,1,I-80 E/B,,,12/23/2024 7:54:10 PM,A,E,2488.0,MARITIME STREET,F,,D,12/23/2024 7:54:12 PM,12/23/2024 7:54:12 PM,False,True,4,,12/19/2024 6:35:00 PM,1835,True,AREA PHOTO FILE,,True
4514313,9335-2024-02924,1,False,9335,12/11/2024 11:00:00 AM,1100,082,14,109,Oakland,1,True,True,B,SIDE SWIPE,,Wednesday,NotApplicable,False,M,,False,True,False,ALAMEDA SUPERIOR COURT ADMINISTRATION BUILDING,C,OTHER MOTOR VEHICLE,,0,0,CLOUDY,,NO UNUSUAL CONDITIONS,,A,DAYLIGHT,37.822702,-122.322509,,,,,A,NO PEDESTRIANS INVOLVED,12/11/2024 11:00:00 AM,A,VC 21750(a),False,1,I-80,,,12/23/2024 7:51:59 PM,A,W,0.3,SFOBB TOLL PLAZA,M,,D,12/23/2024 7:52:02 PM,12/23/2024 7:52:02 PM,False,True,4,,12/11/2024 11:05:00 AM,1105,False,,,True
4514311,9370-2024-04053,1,False,9370,12/18/2024 8:45:00 AM,845,176,14,109,Oakland,1,True,True,C,REAR END,,Wednesday,NotApplicable,False,,,False,True,False,ALAMEDA SUPERIOR COURT WILEY W. MANUEL COURTHOUSE,C,OTHER MOTOR VEHICLE,,0,0,CLEAR,,NO UNUSUAL CONDITIONS,,A,DAYLIGHT,37.751714,-122.206105,,,,,A,NO PEDESTRIANS INVOLVED,12/18/2024 8:45:00 AM,A,VC 22350,False,1,I-880 N/B,,,12/23/2024 7:46:02 PM,A,S,960.0,66TH AVE,F,,D,12/23/2024 7:46:05 PM,12/23/2024 7:46:05 PM,False,True,4,,12/18/2024 8:46:00 AM,0846,False,,,True
4514288,9370-2024-04030,1,False,9370,12/16/2024 1:01:00 PM,1301,024,14,109,Oakland,1,True,True,E,HIT OBJECT,,Monday,NotApplicable,False,,,False,True,True,ALAMEDA SUPERIOR COURT WILEY W. MANUEL COURTHOUSE,J,OTHER OBJECT,METAL ATTENUATORS,1,0,CLOUDY,RAINING,NO UNUSUAL CONDITIONS,,A,DAYLIGHT,37.848688,-122.243613,,,,,A,NO PEDESTRIANS INVOLVED,12/16/2024 1:01:00 PM,A,VC 22350,False,1,SR-24 W/B,,,12/23/2024 5:50:29 PM,B,E,1300.0,PRESLEY WAY,F,,D,12/23/2024 5:50:31 PM,12/23/2024 5:50:31 PM,False,True,4,,12/16/2024 1:05:00 PM,1305,False,,,True
4514252,9370-2024-03896,1,False,9370,12/5/2024 11:53:00 AM,1153,901,14,109,Oakland,1,True,True,E,HIT OBJECT,,Thursday,NotApplicable,False,F,,False,True,True,ALAMEDA SUPERIOR COURT WILEY W. MANUEL COURTHOUSE,I,FIXED OBJECT,CURB,0,0,CLEAR,,NO UNUSUAL CONDITIONS,,A,DAYLIGHT,37.779378,-122.180997,,,,,A,NO PEDESTRIANS INVOLVED,12/5/2024 11:53:00 AM,A,VC 22350,False,1,SEMINARY AVE (3500 BLOCK),,,12/23/2024 4:33:20 PM,A,S,85.0,OUTLOOK AVENUE,F,,A,12/23/2024 4:33:22 PM,12/23/2024 4:33:22 PM,False,False,4,True,12/5/2024 11:54:00 AM,1154,False,,,True
4513792,9370-2024-03988,2,False,9370,12/14/2024 2:30:00 AM,230,024,14,109,Oakland,1,True,True,E,HIT OBJECT,,Saturday,NotApplicable,False,,,False,True,True,ALAMEDA SUPERIOR COURT WILEY W. MANUEL COURTHOUSE,J,OTHER OBJECT,CONCRETE BARRIER,0,0,RAINING,,NO UNUSUAL CONDITIONS,,D,DARK-NO STREET LIGHTS,37.845918,-122.249095,,,,,A,NO PEDESTRIANS INVOLVED,12/14/2024 2:30:00 AM,A,VC 22350,False,1,SR-24 W/B,,,2/4/2025 6:06:49 AM,B,E,880.0,COLLEGE AVE,F,,D,12/23/2024 12:29:01 PM,2/4/2025 6:06:52 AM,False,True,4,,12/14/2024 2:35:00 AM,0235,False,,,True
4513781,9370-2024-03996,1,False,9370,12/13/2024 5:02:00 PM,1702,176,14,109,Oakland,1,True,True,C,REAR END,,Friday,NotApplicable,False,,,False,True,True,ALAMEDA SUPERIOR COURT WILEY W. MANUEL COURTHOUSE,C,OTHER MOTOR VEHICLE,,0,0,CLEAR,,NO UNUSUAL CONDITIONS,,C,DARK-STREET LIGHTS,37.753585,-122.207745,,,,,A,NO PEDESTRIANS INVOLVED,12/13/2024 5:02:00 PM,A,VC 22350,False,1,I-880 N/B,,,12/23/2024 12:24:14 PM,A,S,130.0,66TH AVE,F,,D,12/23/2024 12:24:15 PM,12/23/2024 12:24:15 PM,False,True,4,,12/13/2024 5:05:00 PM,1705,False,,,True
4513779,9370-2024-03935,1,False,9370,12/9/2024 4:00:00 PM,1600,748,14,109,Oakland,1,True,True,A,HEAD-ON,,Monday,NotApplicable,False,,,False,True,False,ALAMEDA SUPERIOR COURT WILEY W. MANUEL COURTHOUSE,C,OTHER MOTOR VEHICLE,,0,0,CLEAR,,NO UNUSUAL CONDITIONS,,A,DAYLIGHT,37.83944,-122.25895,,,,,A,NO PEDESTRIANS INVOLVED,12/9/2024 4:00:00 PM,A,VC 22350,False,1,5300 CLAREMONT AVE,,,12/23/2024 12:23:14 PM,A,E,310.0,CLAREMONT AVE,F,,D,12/23/2024 12:23:16 PM,12/23/2024 12:23:16 PM,False,False,4,,12/9/2024 6:00:00 PM,1800,False,,,True
4513760,9370-2024-04028,2,False,9370,12/16/2024 12:06:00 PM,1206,053,14,109,Oakland,1,True,True,A,HEAD-ON,,Monday,NotApplicable,False,,,False,True,False,ALAMEDA SUPERIOR COURT WILEY W. MANUEL COURTHOUSE,C,OTHER MOTOR VEHICLE,,1,0,RAINING,,NO UNUSUAL CONDITIONS,,A,DAYLIGHT,37.796436,-122.210035,,,,,A,NO PEDESTRIANS INVOLVED,12/16/2024 12:06:00 PM,A,VC 22350,False,1,I-580 W/B,,,3/4/2025 11:34:51 AM,B,E,160.0,COOLIDGE AVE,F,,D,12/23/2024 12:14:35 PM,3/4/2025 11:34:52 AM,False,True,4,,12/16/2024 12:11:00 PM,1211,False,,,True
4513756,9370-2024-04013,1,False,9370,12/15/2024 2:10:00 PM,1410,023,14,109,Oakland,1,True,True,C,REAR END,,Sunday,NotApplicable,False,M,,False,True,False,ALAMEDA SUPERIOR COURT WILEY W. MANUEL COURTHOUSE,C,OTHER MOTOR VEHICLE,,0,0,CLEAR,,NO UNUSUAL CONDITIONS,,C,DARK-STREET LIGHTS,37.857799,-122.21266,,,,,A,NO PEDESTRIANS INVOLVED,12/15/2024 2:10:00 PM,A,VC 22350,False,1,SR-24 E/B,,,12/23/2024 12:12:29 PM,A,E,1685.0,CALDECOTT TUNL BORE 2 EAST EDGE,F,,D,12/23/2024 12:12:31 PM,12/23/2024 12:12:31 PM,False,True,4,,12/15/2024 2:14:00 PM,1414,False,,,True
4513744,9370-2024-03784,1,False,9370,11/25/2024 10:20:00 AM,1020,054,14,109,Oakland,1,True,True,E,HIT OBJECT,,Monday,Yes,False,,,False,True,True,ALAMEDA SUPERIOR COURT WILEY W. MANUEL COURTHOUSE,I,FIXED OBJECT,TREE,1,0,CLOUDY,RAINING,NO UNUSUAL CONDITIONS,,A,DAYLIGHT,37.784091,-122.178334,,,,,A,NO PEDESTRIANS INVOLVED,11/25/2024 10:20:00 AM,A,VC 22350,False,1,I-580 W/B,,,12/23/2024 12:08:54 PM,B,W,200.0,SEMINARY AVE,F,,D,12/23/2024 12:08:58 PM,12/23/2024 12:08:58 PM,False,True,4,,11/25/2024 10:25:00 AM,1025,False,,,True
4513419,9370-2024-03992,1,False,9370,12/14/2024 7:40:00 AM,740,178,14,109,Oakland,1,True,True,E,HIT OBJECT,,Saturday,Yes,False,,,False,True,True,ALAMEDA SUPERIOR COURT WILEY W. MANUEL COURTHOUSE,I,FIXED OBJECT,RAISED CONCRETE WALL,0,0,CLOUDY,RAINING,NO UNUSUAL CONDITIONS,,A,DAYLIGHT,37.803112,-122.288997,,,,,A,NO PEDESTRIANS INVOLVED,12/14/2024 7:40:00 AM,A,VC 22350,True,1,INTERSTATE 880 NORTHBOUND,,,12/23/2024 9:51:42 AM,B,N,1000.0,MARKET ST,F,,D,12/23/2024 9:51:44 AM,12/23/2024 9:51:44 AM,False,True,4,,12/14/2024 7:40:00 AM,0740,False,,,True
4513293,9370-2024-04001,1,False,9370,12/14/2024 1:30:00 AM,130,176,14,109,Oakland,1,True,True,E,HIT OBJECT,,Saturday,Yes,False,,,False,True,True,ALAMEDA SUPERIOR COURT WILEY W. MANUEL COURTHOUSE,I,FIXED OBJECT,CONCRETE BARRIER WALL,0,0,RAINING,,NO UNUSUAL CONDITIONS,,C,DARK-STREET LIGHTS,37.772251,-122.225072,,,,,A,NO PEDESTRIANS INVOLVED,12/14/2024 1:30:00 AM,A,VC 23152(a),True,1,I-880 N/B,,,12/23/2024 9:01:44 AM,B,S,900.0,FRUITVALE AVENUE,F,,D,12/23/2024 9:01:46 AM,12/23/2024 9:01:46 AM,False,True,4,,12/14/2024 1:32:00 AM,0132,False,,,True
4513115,9370-2024-03985,1,False,9370,12/13/2024 11:45:00 PM,2345,054,14,109,Oakland,1,True,True,B,SIDE SWIPE,,Friday,NotApplicable,False,,,False,True,False,ALAMEDA SUPERIOR COURT WILEY W. MANUEL COURTHOUSE,C,OTHER MOTOR VEHICLE,,1,0,CLOUDY,RAINING,NO UNUSUAL CONDITIONS,,D,DARK-NO STREET LIGHTS,37.8073,-122.239031,,,,,A,NO PEDESTRIANS INVOLVED,12/13/2024 11:45:00 PM,A,VC 22350,False,1,I-580 W/B,,,12/23/2024 7:49:43 AM,B,E,2300.0,LAKESHORE AVE,F,,D,12/23/2024 7:49:45 AM,12/23/2024 7:49:45 AM,False,True,4,,12/13/2024 11:50:00 PM,2350,False,,,True
4513063,24-052782,2,False,0109,10/23/2024 5:47:00 PM,1747,06X,14,109,Oakland,1,True,True,D,BROADSIDE,,Wednesday,,,M,,False,False,True,,C,OTHER MOTOR VEHICLE,,0,0,CLEAR,,NO UNUSUAL CONDITIONS - NO UNUSUAL CONDITIONS,,B,DUSK-DAWN,,,,,,,A,NO PEDESTRIANS INVOLVED,,A,21453A,,1,40TH ST,1,,,A,,,MARKET ST,,,A,12/23/2024 7:21:37 AM,1/28/2025 12:13:35 PM,,,2,,,,,,,
4513021,9370-2024-03993,1,False,9370,12/13/2024 3:50:00 PM,1550,055,14,109,Oakland,1,True,True,B,SIDE SWIPE,,Friday,NotApplicable,False,,,False,True,False,ALAMEDA SUPERIOR COURT WILEY W. MANUEL COURTHOUSE,C,OTHER MOTOR VEHICLE,,0,0,CLEAR,,NO UNUSUAL CONDITIONS,,On-Duty Emergency VehicleA,DAYLIGHT,37.822585,-122.260549,,,,,A,NO PEDESTRIANS INVOLVED,12/13/2024 3:50:00 PM,A,VC 21658(a),False,1,I-580 W/B (MACARTHUR FREEWAY),,,12/23/2024 6:59:28 AM,B,E,900.0,WEBSTER STREET,F,,D,12/23/2024 6:59:31 AM,12/23/2024 6:59:31 AM,False,True,4,,12/13/2024 4:00:00 PM,1600,False,,,True
4513001,9370-2024-03974,2,False,9370,12/12/2024 6:40:00 AM,640,008,14,109,Oakland,1,True,True,B,SIDE SWIPE,,Thursday,NotApplicable,False,,,False,True,False,ALAMEDA SUPERIOR COURT WILEY W. MANUEL COURTHOUSE,C,OTHER MOTOR VEHICLE,,0,0,CLOUDY,RAINING,NO UNUSUAL CONDITIONS,,C,DARK-STREET LIGHTS,37.828004,-122.294615,,,,,A,NO PEDESTRIANS INVOLVED,12/12/2024 6:40:00 AM,A,VC 21658(A),True,1,I-580 W/B TO I-80 W/B,,,4/1/2025 11:35:50 AM,B,W,1400.0,MANDELA PARKWAY,F,,D,12/23/2024 6:45:44 AM,4/1/2025 11:35:52 AM,False,True,4,False,12/12/2024 6:50:00 AM,0650,True,EMBEDDED,,True
4512948,9370-2024-03964,1,False,9370,12/11/2024 12:50:00 AM,50,055,14,109,Oakland,1,True,True,E,HIT OBJECT,,Wednesday,Yes,False,,,False,True,True,ALAMEDA SUPERIOR COURT WILEY W. MANUEL COURTHOUSE,I,FIXED OBJECT,CONCRETE BARRIER WALL,0,0,CLOUDY,RAINING,NO UNUSUAL CONDITIONS,,C,DARK-STREET LIGHTS,37.826994,-122.285192,,,,,A,NO PEDESTRIANS INVOLVED,12/11/2024 12:50:00 AM,A,VC 23152(a),True,1,I-580 E/B,,,12/23/2024 6:22:27 AM,B,W,140.0,HOLLIS ST,F,,D,12/23/2024 6:22:31 AM,12/23/2024 6:22:31 AM,False,True,4,,12/11/2024 1:03:00 AM,0103,False,,,True
4512512,9335-2024-02951,1,False,9335,12/13/2024 4:45:00 AM,445,082,14,109,Oakland,1,True,True,C,REAR END,,Friday,NotApplicable,False,,,False,True,True,ALAMEDA SUPERIOR COURT GEORGE E. MCDONALD HALL OF JUSTICE,C,OTHER MOTOR VEHICLE,,3,0,CLEAR,,NO UNUSUAL CONDITIONS,,C,DARK-STREET LIGHTS,32.823272,-122.320317,,,,,A,NO PEDESTRIANS INVOLVED,12/13/2024 4:45:00 AM,A,VC 22350,False,1,I-80 W/B,,,12/21/2024 8:35:05 AM,B,W,920.0,METERING LIGHTS,F,,D,12/21/2024 8:35:07 AM,12/21/2024 8:35:07 AM,False,True,4,,12/13/2024 4:46:00 AM,0446,False,,,True
4512343,9370-2024-04080,1,False,9370,12/19/2024 5:20:00 PM,1720,176,14,109,Oakland,1,True,True,C,REAR END,,Thursday,NotApplicable,False,,,False,True,True,ALAMEDA SUPERIOR COURT WILEY W. MANUEL COURTHOUSE,C,OTHER MOTOR VEHICLE,,1,0,CLEAR,,NO UNUSUAL CONDITIONS,,C,DARK-STREET LIGHTS,37.744142,-122.199355,,,,,A,NO PEDESTRIANS INVOLVED,12/19/2024 5:20:00 PM,A,VC 22350,False,1,I-880 N/B,,,12/20/2024 5:54:14 PM,A,N,600.0,HEGENBERGER RD,F,,D,12/20/2024 5:54:17 PM,12/20/2024 5:54:17 PM,False,True,4,,12/19/2024 5:25:00 PM,1725,False,,,True
4512341,9370-2024-04079,1,False,9370,12/19/2024 4:05:00 PM,1605,053,14,109,Oakland,1,True,True,C,REAR END,,Thursday,Yes,False,,,False,True,True,ALAMEDA SUPERIOR COURT WILEY W. MANUEL COURTHOUSE,C,OTHER MOTOR VEHICLE,,0,0,CLEAR,,NO UNUSUAL CONDITIONS,,A,DAYLIGHT,37.797617,-122.214852,,,,,A,NO PEDESTRIANS INVOLVED,12/19/2024 4:05:00 PM,A,VC 22350,False,1,I-580 E/B,,,12/20/2024 5:51:43 PM,A,E,670.0,FRUITVALE AVE,F,,D,12/20/2024 5:51:47 PM,12/20/2024 5:51:47 PM,False,True,4,,12/19/2024 4:10:00 PM,1610,False,,,True
4512331,9335-2024-03040,1,False,9335,12/20/2024 7:55:00 AM,755,084,14,109,Oakland,1,True,True,E,HIT OBJECT,,Friday,NotApplicable,False,,,False,True,False,ALAMEDA SUPERIOR COURT WILEY W. MANUEL COURTHOUSE,J,OTHER OBJECT,KITCHEN SINK,0,0,CLEAR,,NO UNUSUAL CONDITIONS,,A,DAYLIGHT,37.822476,-122.321553,,,,,A,NO PEDESTRIANS INVOLVED,12/20/2024 7:55:00 AM,A,VC 22350,False,1,I-80 E/B,,,12/20/2024 5:08:14 PM,A,E,0.4,BAY BRIDGE PED TRAIL UNDERCROSSING,M,,D,12/20/2024 5:08:18 PM,12/20/2024 5:08:18 PM,False,True,4,,12/20/2024 7:57:00 AM,0757,True,EMBEDDED,,True
4512322,9370-2024-04016,1,False,9370,12/16/2024 12:58:00 AM,58,176,14,109,Oakland,1,True,True,E,HIT OBJECT,,Monday,NotApplicable,False,,,False,True,False,ALAMEDA SUPERIOR COURT WILEY W. MANUEL COURTHOUSE,I,FIXED OBJECT,EMBANKMENT,0,0,CLEAR,,NO UNUSUAL CONDITIONS,,B,DUSK-DAWN,37.742279,-122.197233,,,,,A,NO PEDESTRIANS INVOLVED,12/16/2024 12:58:00 AM,A,VC 22350,False,1,INTERSTATE 880 NORTHBOUND FROM HEGENBERGER ROAD,,,12/20/2024 4:48:30 PM,A,N,214.0,HEGENBERGER RD,F,,D,12/20/2024 4:48:32 PM,12/20/2024 4:48:32 PM,False,True,4,False,12/16/2024 1:00:00 AM,0100,False,,,True
4512313,9370-2024-04022,1,False,9370,12/16/2024 12:30:00 AM,30,053,14,109,Oakland,1,True,True,B,SIDE SWIPE,,Monday,NotApplicable,False,,,False,True,False,ALAMEDA SUPERIOR COURT WILEY W. MANUEL COURTHOUSE,J,OTHER OBJECT,CONCRETE WALL,0,0,CLEAR,,NO UNUSUAL CONDITIONS,,D,DARK-NO STREET LIGHTS,37.800109,-122.224471,,,,,A,NO PEDESTRIANS INVOLVED,12/16/2024 12:30:00 AM,A,VC 22107,False,1,I-580 W/B,,,12/20/2024 4:33:04 PM,A,W,620.0,14TH AVE,F,,D,12/20/2024 4:33:05 PM,12/20/2024 4:33:05 PM,False,True,4,,12/16/2024 12:34:00 AM,0034,False,,,True
4512306,9370-2024-04009,1,False,9370,12/15/2024 10:46:00 AM,1046,177,14,109,Oakland,1,True,True,B,SIDE SWIPE,,Sunday,NotApplicable,False,,,False,True,False,ALAMEDA SUPERIOR COURT WILEY W. MANUEL COURTHOUSE,C,OTHER MOTOR VEHICLE,,0,0,CLEAR,,NO UNUSUAL CONDITIONS,,A,DAYLIGHT,37.789646,-122.2562,,,,,A,NO PEDESTRIANS INVOLVED,12/15/2024 10:46:00 AM,A,VC 21658(A),False,1,880 N/B,,,12/20/2024 4:24:35 PM,A,S,1103.0,5TH AVENUE,F,,D,12/20/2024 4:24:38 PM,12/20/2024 4:24:38 PM,False,True,4,,12/15/2024 10:51:00 AM,1051,False,,,True
4512282,9370-2024-03994,1,False,9370,12/14/2024 5:25:00 AM,525,054,14,109,Oakland,1,True,True,E,HIT OBJECT,,Saturday,NotApplicable,False,,,False,True,False,ALAMEDA SUPERIOR COURT WILEY W. MANUEL COURTHOUSE,I,FIXED OBJECT,CONCRETE BARRIER,0,0,RAINING,,NO UNUSUAL CONDITIONS,,B,DUSK-DAWN,37.80836,-122.241168,,,,,A,NO PEDESTRIANS INVOLVED,12/14/2024 5:25:00 AM,A,VC 22350,False,1,I-580 W/B,,,12/20/2024 3:56:43 PM,B,E,1500.0,LAKESHORE AVENUE,F,,D,12/20/2024 3:56:45 PM,12/20/2024 3:56:45 PM,False,True,4,,12/14/2024 5:30:00 AM,0530,False,,,True
4512280,9370-2024-03987,1,False,9370,12/14/2024 1:05:00 AM,105,054,14,109,Oakland,1,True,True,E,HIT OBJECT,,Saturday,NotApplicable,False,,,False,True,False,ALAMEDA SUPERIOR COURT WILEY W. MANUEL COURTHOUSE,J,OTHER OBJECT,CONCRETE WALL,0,0,RAINING,,NO UNUSUAL CONDITIONS,,D,DARK-NO STREET LIGHTS,37.808342,-122.241654,,,,,A,NO PEDESTRIANS INVOLVED,12/14/2024 1:05:00 AM,A,VC 22350,False,1,I-580 W/B,,,12/20/2024 3:53:59 PM,B,E,1450.0,LAKESHORE AVE,F,,D,12/20/2024 3:54:00 PM,12/20/2024 3:54:00 PM,False,True,4,,12/14/2024 1:10:00 AM,0110,False,,,True
4512217,24-051616,2,False,0109,10/17/2024 9:00:00 AM,900,21X,14,109,Oakland,1,True,True,C,REAR END,,Thursday,,,,,False,False,False,,C,OTHER MOTOR VEHICLE,,2,0,CLEAR,,NO UNUSUAL CONDITIONS - NO UNUSUAL CONDITIONS,,A,DAYLIGHT,,,,,,,A,NO PEDESTRIANS INVOLVED,,A,22107,,1,E 23RD ST,2,,,A,,,E 23RD ST 2824,,,D,12/20/2024 2:51:30 PM,1/28/2025 12:13:27 PM,,,2,,,,,,,
4512138,24-041873,2,False,0109,8/21/2024 6:56:00 AM,656,10Y,14,109,Oakland,1,True,True,G,VEHICLE/PEDESTRAIN,,Wednesday,,,F,,False,False,False,,G,BICYCLE,,1,0,CLEAR,,NO UNUSUAL CONDITIONS - NO UNUSUAL CONDITIONS,,A,DAYLIGHT,,,,,,,B,CROSSING IN CROSS WALK AT INTERSECTION,,A,22107,,1,52ND ST,1,,,A,S,62.0,MARTIN LUTHER KING JR WY,F,,A,12/20/2024 2:11:30 PM,1/28/2025 12:12:45 PM,,,2,,,,,,,
4512130,24-042811,2,False,0109,8/26/2024 5:34:00 PM,1734,24Y,14,109,Oakland,1,True,True,G,VEHICLE/PEDESTRAIN,,Monday,,,,,False,False,False,,B,PEDESTRIAN,,1,0,CLEAR,,NO UNUSUAL CONDITIONS - NO UNUSUAL CONDITIONS,,A,DAYLIGHT,,,,,,,B,CROSSING IN CROSS WALK AT INTERSECTION,,A,21950A,,1,PENNIMAN AV,2,,,A,,,38TH AV,,,A,12/20/2024 2:06:30 PM,1/28/2025 12:12:45 PM,,,2,,,,,,,
4512129,24-046143,2,False,0109,9/15/2024 2:10:00 AM,210,04X,14,109,Oakland,1,True,True,D,BROADSIDE,,Sunday,,,F,,False,False,True,,C,OTHER MOTOR VEHICLE,,4,0,CLEAR,,NO UNUSUAL CONDITIONS - NO UNUSUAL CONDITIONS,,C,DARK-STREET LIGHTS,,,,,,,A,NO PEDESTRIANS INVOLVED,,A,21453A,,1,14TH ST,1,,,A,,,WEBSTER ST,,,A,12/20/2024 2:06:30 PM,1/28/2025 12:12:44 PM,,,2,,,,,,,
4512110,9370-2024-03947,1,False,9370,12/11/2024 3:20:00 AM,320,053,14,109,Oakland,1,True,True,E,HIT OBJECT,,Wednesday,Yes,False,,,False,True,False,ALAMEDA SUPERIOR COURT WILEY W. MANUEL COURTHOUSE,I,FIXED OBJECT,METAL GAURD RAIL,0,0,CLEAR,,NO UNUSUAL CONDITIONS,,D,DARK-NO STREET LIGHTS,37.792315,-122.203754,,,,,A,NO PEDESTRIANS INVOLVED,12/11/2024 3:20:00 AM,A,VC 23152(a),True,1,I-580 E/B,,,12/20/2024 1:59:56 PM,A,W,64.0,35TH AVE,F,,D,12/20/2024 1:59:57 PM,12/20/2024 1:59:57 PM,False,True,4,,12/11/2024 3:26:00 AM,0326,False,,,True