collision-id,report-number,report-version,is-preliminary,ncic-code,crash-date-time,crash-time-description,beat,city-id,city-code,city-name,county-code,city-is-active,city-is-incorporated,collision-type-code,collision-type-description,collision-type-other-desc,day-of-week,dispatch-notified,has-photographs,hit-run,is-attachments-mailed,is-deleted,is-highway-related,is-tow-away,judicial-district,motor-vehicle-involved-with-code,motor-vehicle-involved-with-desc,motor-vehicle-involved-with-other-desc,number-injured,number-killed,weather-1,weather-2,road-condition-1,road-condition-2,special-condition-lighting-code,lighting-description,latitude,longitude,milepost-direction,milepost-distance,milepost-marker,milepost-unit-of-measure,pedestrian-action-code,pedestrian-action-desc,prepared-date,primary-collision-factor-code,primary-collision-factor-violation,primary-collision-factor-is-cited,primary-collision-party-number,primary-road,reporting-district,reporting-district-code,reviewed-date,roadway-surface-code,secondary-direction,secondary-distance,secondary-road,secondary-unit-of-measure,sketch-desc,traffic-control-device-code,created-date,modified-date,is-county-road,is-freeway,chp-555-version,is-additonal-object-struck,notification-date,notification-time-description,has-digital-media-files,evidence-number,is-location-refer-to-narrative,is-aoi-one-same-as-location
4512088,24-047815,3,False,0109,9/23/2024 10:30:00 PM,2230,30X,14,109,Oakland,1,True,True,B,SIDE SWIPE,,Monday,,,M,,False,False,False,,E,PARKED MOTOR VEHICLE,,0,0,CLEAR,,NO UNUSUAL CONDITIONS - NO UNUSUAL CONDITIONS,,C,DARK-STREET LIGHTS,,,,,,,A,NO PEDESTRIANS INVOLVED,,A,22107,,1,77TH AV,2,,,A,S,200.0,BANCROFT AV,F,,D,12/20/2024 1:51:30 PM,1/28/2025 12:13:27 PM,,,2,,,,,,,
4512081,24-043484,2,False,0109,8/30/2024 5:57:00 PM,1757,21X,14,109,Oakland,1,True,True,A,HEAD-ON,,Friday,,,F,,False,False,False,,C,OTHER MOTOR VEHICLE,,1,0,CLEAR,,NO UNUSUAL CONDITIONS - NO UNUSUAL CONDITIONS,,A,DAYLIGHT,,,,,,,A,NO PEDESTRIANS INVOLVED,,A,21453A,,1,FRUITVALE AV,2,,,A,,,E 23RD ST,,,A,12/20/2024 1:46:30 PM,1/28/2025 12:12:45 PM,,,2,,,,,,,
4512075,9370-2024-03938,1,False,9370,12/9/2024 4:10:00 PM,1610,177,14,109,Oakland,1,True,True,C,REAR END,,Monday,NotApplicable,False,,,False,True,False,ALAMEDA SUPERIOR COURT WILEY W. MANUEL COURTHOUSE,C,OTHER MOTOR VEHICLE,,0,0,CLEAR,,NO UNUSUAL CONDITIONS,,A,DAYLIGHT,37.7973,-122.272305,,,,,A,NO PEDESTRIANS INVOLVED,12/9/2024 4:10:00 PM,A,VC 22350,False,1,I-880 S/B,,,12/20/2024 1:45:37 PM,A,N,200.0,OAK STREET,F,,D,12/20/2024 1:45:39 PM,12/20/2024 1:45:39 PM,False,True,4,,12/9/2024 4:15:00 PM,1615,False,,,True
4512057,24-043485,2,False,0109,8/30/2024 7:32:00 PM,1932,34X,14,109,Oakland,1,True,True,D,BROADSIDE,,Friday,,,,,False,False,False,,C,OTHER MOTOR VEHICLE,,1,0,CLEAR,,NO UNUSUAL CONDITIONS - NO UNUSUAL CONDITIONS,,A,DAYLIGHT,,,,,,,A,NO PEDESTRIANS INVOLVED,,A,22107,,1,INTERNATIONAL BL,2,,,A,,,87TH AV,,,D,12/20/2024 1:36:30 PM,1/28/2025 12:12:45 PM,,,2,,,,,,,
4511950,24-036132,2,False,0109,11/5/2024 12:00:00 PM,1200,21Y,14,109,Oakland,1,True,True,B,SIDE SWIPE,,Tuesday,,,M,,False,False,False,,,,,0,0,,,NO UNUSUAL CONDITIONS - NO UNUSUAL CONDITIONS,,A,DAYLIGHT,,,,,,,A,NO PEDESTRIANS INVOLVED,,A,22350,,1,FRUITVALE AV,2,,,A,N,10.0,FOOTHILL BL,F,,A,12/20/2024 12:41:29 PM,1/28/2025 12:13:26 PM,,,2,,,,,,,
4511879,24-038326,2,False,0109,8/1/2024 1:35:00 PM,1335,07X,14,109,Oakland,1,True,True,D,BROADSIDE,,Thursday,,,,,False,False,True,,C,OTHER MOTOR VEHICLE,,1,0,CLEAR,,NO UNUSUAL CONDITIONS - NO UNUSUAL CONDITIONS,,A,DAYLIGHT,,,,,,,A,NO PEDESTRIANS INVOLVED,,A,21802A,,1,MARKET ST,1,,,A,,,28TH ST,,,A,12/20/2024 12:01:29 PM,1/28/2025 12:07:00 PM,,,2,,,,,,,
4511869,24-040362,2,False,0109,8/13/2024 8:16:00 AM,816,34X,14,109,Oakland,1,True,True,D,BROADSIDE,,Tuesday,,,,,False,False,False,,C,OTHER MOTOR VEHICLE,,1,0,CLEAR,,NO UNUSUAL CONDITIONS - NO UNUSUAL CONDITIONS,,A,DAYLIGHT,,,,,,,A,NO PEDESTRIANS INVOLVED,,A,21802A,,1,89TH AVE,2,,,A,,,OLIVE ST,,,A,12/20/2024 11:56:29 AM,1/28/2025 12:07:00 PM,,,2,,,,,,,
4511844,24-038849,2,False,0109,8/4/2024 10:42:00 PM,2242,24Y,14,109,Oakland,1,True,True,D,BROADSIDE,,Sunday,,,M,,False,False,False,,C,OTHER MOTOR VEHICLE,,1,0,CLEAR,,NO UNUSUAL CONDITIONS - NO UNUSUAL CONDITIONS,,C,DARK-STREET LIGHTS,,,,,,,A,NO PEDESTRIANS INVOLVED,,A,22350,,1,HIGH ST,2,,,A,S,140.0,PENNIMAN AV,F,,D,12/20/2024 11:36:29 AM,1/28/2025 12:07:00 PM,,,2,,,,,,,
4511834,9370-2024-04062,1,False,9370,12/18/2024 4:40:00 PM,1640,052,14,109,Oakland,1,True,True,B,SIDE SWIPE,,Wednesday,NotApplicable,False,,,False,True,False,ALAMEDA SUPERIOR COURT WILEY W. MANUEL COURTHOUSE,C,OTHER MOTOR VEHICLE,,0,0,CLEAR,,NO UNUSUAL CONDITIONS,,D,DARK-NO STREET LIGHTS,37.749107,-122.150868,,,,,A,NO PEDESTRIANS INVOLVED,12/18/2024 4:40:00 PM,A,VC 22350,False,1,I-580 W/B,,,12/20/2024 11:29:23 AM,A,W,1540.0,106TH AVENUE,F,,D,12/20/2024 11:29:24 AM,12/20/2024 11:29:24 AM,False,True,4,,12/18/2024 4:45:00 PM,1645,True,EMBEDDED,,True
4511825,24-038726,2,False,0109,8/4/2024 4:54:00 AM,454,06X,14,109,Oakland,1,True,True,C,REAR END,,Sunday,,,,,False,False,True,,E,PARKED MOTOR VEHICLE,,1,0,CLEAR,,NO UNUSUAL CONDITIONS - NO UNUSUAL CONDITIONS,,D,DARK-NO STREET LIGHTS,,,,,,,A,NO PEDESTRIANS INVOLVED,,A,22107,,1,35TH ST,1,,,A,E,301.0,MARKET ST,F,,D,12/20/2024 11:26:29 AM,1/28/2025 12:07:00 PM,,,2,,,,,,,
4511603,24-054055,3,False,0109,10/30/2024 10:35:00 PM,2235,34X,14,109,Oakland,1,True,True,C,REAR END,,Wednesday,,,M,,False,False,False,,E,PARKED MOTOR VEHICLE,,0,0,CLEAR,,NO UNUSUAL CONDITIONS - NO UNUSUAL CONDITIONS,,C,DARK-STREET LIGHTS,,,,,,,A,NO PEDESTRIANS INVOLVED,,A,22107,,1,INTERNATIONAL BL,2,,,A,W,30.0,94TH AV,F,,D,12/20/2024 9:46:27 AM,1/28/2025 12:13:27 PM,,,2,,,,,,,
4511575,24-057967,2,False,0109,11/23/2024 6:49:00 PM,1849,17X,14,109,Oakland,1,True,True,B,SIDE SWIPE,,Saturday,,,,,False,False,False,,C,OTHER MOTOR VEHICLE,,0,0,CLEAR,,NO UNUSUAL CONDITIONS - NO UNUSUAL CONDITIONS,,A,DAYLIGHT,,,,,,,A,NO PEDESTRIANS INVOLVED,,A,22107,,1,13TH AV,1,,,A,N,20.0,E 21ST ST,F,,D,12/20/2024 9:36:27 AM,1/28/2025 12:12:41 PM,,,2,,,,,,,
4511554,24-056600,2,False,0109,11/15/2024 8:01:00 AM,801,32X,14,109,Oakland,1,True,True,B,SIDE SWIPE,,Friday,,,,,False,False,False,,C,OTHER MOTOR VEHICLE,,0,0,CLEAR,,NO UNUSUAL CONDITIONS - NO UNUSUAL CONDITIONS,,A,DAYLIGHT,,,,,,,A,NO PEDESTRIANS INVOLVED,,A,22106,,1,FOOTHILL BL,2,,,A,E,30.0,109TH AV,F,,D,12/20/2024 9:31:27 AM,1/28/2025 12:12:41 PM,,,2,,,,,,,
4511505,24-058290,2,False,0109,11/25/2024 7:30:00 PM,1930,25X,14,109,Oakland,1,True,True,A,HEAD-ON,,Monday,,,M,,False,False,False,,C,OTHER MOTOR VEHICLE,,0,0,RAINING,,NO UNUSUAL CONDITIONS - NO UNUSUAL CONDITIONS,,C,DARK-STREET LIGHTS,,,,,,,A,NO PEDESTRIANS INVOLVED,,A,22107,,1,VICTOR AV,2,,,B,W,80.0,DUNSMUIR AV,F,,D,12/20/2024 9:11:27 AM,1/28/2025 12:12:43 PM,,,2,,,,,,,
4511504,24-056937,2,False,0109,11/17/2024 4:10:00 PM,1610,19X,14,109,Oakland,1,True,True,C,REAR END,,Sunday,,,M,,False,False,False,,C,OTHER MOTOR VEHICLE,,0,0,CLEAR,,NO UNUSUAL CONDITIONS - NO UNUSUAL CONDITIONS,,A,DAYLIGHT,,,,,,,A,NO PEDESTRIANS INVOLVED,,A,22350,,1,22ND AV,2,,,A,,,INTERNATIONAL BL,,,A,12/20/2024 9:11:27 AM,1/28/2025 12:12:42 PM,,,2,,,,,,,
4511433,9335-2024-02908,1,False,9335,12/11/2024 6:50:00 AM,650,082,14,109,Oakland,1,True,True,B,SIDE SWIPE,,Wednesday,NotApplicable,False,,,False,True,False,ALAMEDA SUPERIOR COURT WILEY W. MANUEL COURTHOUSE,C,OTHER MOTOR VEHICLE,,0,0,CLEAR,,NO UNUSUAL CONDITIONS,,A,DAYLIGHT,37.82439,-122.3171,,,,,A,NO PEDESTRIANS INVOLVED,12/11/2024 6:50:00 AM,A,VC 21658(a),False,,I-80 W/B,,,12/20/2024 8:45:36 AM,A,E,91.0,THE SFOBB METERING LIGHTS,F,,D,12/20/2024 8:45:37 AM,12/20/2024 8:45:37 AM,False,True,4,,12/11/2024 6:55:00 AM,0655,False,,,True
4511422,24-033788,2,False,0109,7/6/2024 9:35:00 PM,2135,33X,14,109,Oakland,1,True,True,C,REAR END,,Saturday,,,M,,False,False,True,,E,PARKED MOTOR VEHICLE,,0,0,CLEAR,,NO UNUSUAL CONDITIONS - NO UNUSUAL CONDITIONS,,B,DUSK-DAWN,,,,,,,A,NO PEDESTRIANS INVOLVED,,A,22107,,1,96TH AV,2,,,A,W,200.0,E ST,F,,D,12/20/2024 8:41:26 AM,1/28/2025 12:09:52 PM,,,2,,,,,,,
4510910,9335-2024-02910,1,False,9335,12/11/2024 10:30:00 AM,1030,082,14,109,Oakland,1,True,True,D,BROADSIDE,,Wednesday,NotApplicable,False,,,False,True,False,ALAMEDA SUPERIOR COURT WILEY W. MANUEL COURTHOUSE,C,OTHER MOTOR VEHICLE,,0,0,CLEAR,,NO UNUSUAL CONDITIONS,,A,DAYLIGHT,37.823065,-122.320883,,,,,A,NO PEDESTRIANS INVOLVED,12/11/2024 10:30:00 AM,A,VC 22107,False,1,I-80 W/B,,,12/19/2024 7:04:58 PM,A,W,0.21,THE SFOBB METERING LIGHTS,M,,D,12/19/2024 7:05:02 PM,12/19/2024 7:05:02 PM,False,True,4,,12/11/2024 10:35:00 AM,1035,False,,,True
4510770,9370-2024-04063,1,False,9370,12/19/2024 3:40:00 AM,340,053,14,109,Oakland,1,True,True,E,HIT OBJECT,,Thursday,NotApplicable,False,,,False,True,False,ALAMEDA SUPERIOR COURT WILEY W. MANUEL COURTHOUSE,I,FIXED OBJECT,CONCRETE CENTER DIVIDE,0,0,CLEAR,,NO UNUSUAL CONDITIONS,,C,DARK-STREET LIGHTS,37.79614,-122.20975,,,,,A,NO PEDESTRIANS INVOLVED,12/19/2024 3:40:00 AM,A,VC 22107,False,1,I-580 E/B,,,12/19/2024 3:18:00 PM,A,E,327.0,COOLIDGE AVE,F,,D,12/19/2024 3:18:01 PM,12/19/2024 3:18:01 PM,False,True,4,,12/19/2024 3:49:00 AM,0349,False,,,True
4510745,24-055149,2,False,0109,11/6/2024 4:46:00 PM,1646,01X,14,109,Oakland,1,True,True,D,BROADSIDE,,Wednesday,,,,,False,False,False,,C,OTHER MOTOR VEHICLE,,4,0,CLEAR,,NO UNUSUAL CONDITIONS - NO UNUSUAL CONDITIONS,,A,DAYLIGHT,,,,,,,A,NO PEDESTRIANS INVOLVED,,A,22450A,,1,2ND ST,1,,,A,,,FRANKLIN ST,,,A,12/19/2024 3:05:27 PM,1/28/2025 12:04:12 PM,,,2,,,,,,,
4510742,9370-2024-04029,1,False,9370,12/16/2024 1:00:00 PM,1300,024,14,109,Oakland,1,True,True,E,HIT OBJECT,,Monday,NotApplicable,False,,,False,True,True,ALAMEDA SUPERIOR COURT WILEY W. MANUEL COURTHOUSE,I,FIXED OBJECT,CENTER DIVIDER,1,0,CLOUDY,RAINING,NO UNUSUAL CONDITIONS,,A,DAYLIGHT,37.848355,-122.24378,,,,,A,NO PEDESTRIANS INVOLVED,12/16/2024 1:00:00 PM,A,VC 22350,False,1,SR-24 W/B,,,12/19/2024 3:03:48 PM,B,E,1200.0,PRESLEY WAY,F,,D,12/19/2024 3:03:49 PM,12/19/2024 3:03:49 PM,False,True,4,,12/16/2024 1:05:00 PM,1305,False,,,True
4510721,9370-2024-04026,1,False,9370,12/16/2024 12:05:00 PM,1205,054,14,109,Oakland,1,True,True,B,SIDE SWIPE,,Monday,NotApplicable,False,,,False,True,True,ALAMEDA SUPERIOR COURT WILEY W. MANUEL COURTHOUSE,C,OTHER MOTOR VEHICLE,,1,0,RAINING,,NO UNUSUAL CONDITIONS,,A,DAYLIGHT,37.809159,-122.244363,,,,,A,NO PEDESTRIANS INVOLVED,12/16/2024 12:05:00 PM,A,VC 22350,False,1,I-580 W/B,,,12/19/2024 2:49:05 PM,B,E,582.0,LAKESHORE AVE,F,,D,12/19/2024 2:49:06 PM,12/19/2024 2:49:06 PM,False,True,4,,12/16/2024 12:15:00 PM,1215,False,,,True
4510675,24-057142,2,False,0109,11/19/2024 7:11:00 AM,711,34X,14,109,Oakland,1,True,True,D,BROADSIDE,,Tuesday,,,,,False,False,False,,C,OTHER MOTOR VEHICLE,,2,0,CLEAR,,NO UNUSUAL CONDITIONS - NO UNUSUAL CONDITIONS,,A,DAYLIGHT,,,,,,,A,NO PEDESTRIANS INVOLVED,,A,21802A,,1,83RD AV,2,,,A,,,BIRCH ST,,,D,12/19/2024 2:30:27 PM,1/28/2025 12:10:19 PM,,,2,,,,,,,
4510654,9370-2024-04025,1,False,9370,12/16/2024 9:38:00 AM,938,052,14,109,Oakland,1,True,True,B,SIDE SWIPE,,Monday,NotApplicable,False,,,False,True,False,ALAMEDA SUPERIOR COURT WILEY W. MANUEL COURTHOUSE,C,OTHER MOTOR VEHICLE,,0,0,RAINING,,NO UNUSUAL CONDITIONS,,A,DAYLIGHT,37.75926,-122.148005,,,,,A,NO PEDESTRIANS INVOLVED,12/16/2024 9:38:00 AM,A,VC 21658(A),False,1,I-580 E/B,,,12/19/2024 2:18:18 PM,B,W,182.0,TWIN OAKS WAY,F,,D,12/19/2024 2:18:20 PM,12/19/2024 2:18:20 PM,False,True,4,,12/16/2024 9:49:00 AM,0949,False,,,True
4510648,24-054762,2,False,0109,11/4/2024 7:12:00 AM,712,21X,14,109,Oakland,1,True,True,C,REAR END,,Monday,,,M,,False,False,True,,C,OTHER MOTOR VEHICLE,,1,0,CLEAR,,NO UNUSUAL CONDITIONS - NO UNUSUAL CONDITIONS,,A,DAYLIGHT,,,,,,,A,NO PEDESTRIANS INVOLVED,,A,22350,,1,FRUITVALE AV,2,,,A,N,25.0,BROOKDALE AV,F,,D,12/19/2024 2:15:27 PM,1/28/2025 12:10:19 PM,,,2,,,,,,,
4510626,24-047280,2,False,0109,9/20/2024 3:06:00 PM,1506,08X,14,109,Oakland,1,True,True,B,SIDE SWIPE,,Friday,,,,,False,False,False,,C,OTHER MOTOR VEHICLE,,0,0,CLEAR,,NO UNUSUAL CONDITIONS - NO UNUSUAL CONDITIONS,,A,DAYLIGHT,,,,,,,A,NO PEDESTRIANS INVOLVED,,D,,,,MARTIN LUTHER KING JR WY,1,,,A,,,29TH ST,,,A,12/19/2024 2:05:27 PM,1/28/2025 12:09:08 PM,,,2,,,,,,,
4510615,24-043093,2,False,0109,8/28/2024 1:30:00 PM,1330,02X,14,109,Oakland,1,True,True,G,VEHICLE/PEDESTRAIN,,Wednesday,,,,,False,False,False,,B,PEDESTRIAN,,1,0,CLEAR,,NO UNUSUAL CONDITIONS - NO UNUSUAL CONDITIONS,,A,DAYLIGHT,,,,,,,D,CROSSING - NOT IN CROSSWALK,,A,21954A,,1,10TH ST,1,,,A,E,100.0,FILBERT ST,F,,D,12/19/2024 2:00:27 PM,1/28/2025 12:08:56 PM,,,2,,,,,,,
4510580,9370-2024-03976,1,False,9370,12/12/2024 4:00:00 PM,1600,024,14,109,Oakland,1,True,True,C,REAR END,,Thursday,NotApplicable,False,,,False,True,False,ALAMEDA SUPERIOR COURT WILEY W. MANUEL COURTHOUSE,C,OTHER MOTOR VEHICLE,,0,0,CLEAR,,NO UNUSUAL CONDITIONS,,A,DAYLIGHT,37.849304,-122.224554,,,,,A,NO PEDESTRIANS INVOLVED,12/12/2024 4:00:00 PM,A,VC 22350,False,1,SR-24 W/B,,,12/19/2024 1:49:06 PM,B,W,1067.0,SR-13 N/B,F,,D,12/19/2024 1:49:07 PM,12/19/2024 1:49:07 PM,False,True,4,,12/12/2024 4:10:00 PM,1610,False,,,True
4510571,9370-2024-03943,1,False,9370,12/10/2024 3:40:00 PM,1540,054,14,109,Oakland,1,True,True,C,REAR END,,Tuesday,NotApplicable,False,M,,False,True,False,ALAMEDA SUPERIOR COURT WILEY W. MANUEL COURTHOUSE,C,OTHER MOTOR VEHICLE,,0,0,CLEAR,,NO UNUSUAL CONDITIONS,,A,DAYLIGHT,37.804878,-122.235311,,,,,A,NO PEDESTRIANS INVOLVED,12/10/2024 3:40:00 PM,A,VC 22350,False,1,I-580 E/B TO PARK BOULEVARD,,,12/19/2024 1:46:13 PM,A,W,510.0,PARK BOULEVARD,F,,D,12/19/2024 1:46:15 PM,12/19/2024 1:46:15 PM,False,True,4,,12/10/2024 3:41:00 PM,1541,False,,,True
4510557,24-040494,2,False,0109,8/14/2024 7:52:00 PM,1952,35Y,14,109,Oakland,1,True,True,A,HEAD-ON,,Wednesday,,,M,,False,False,False,,E,PARKED MOTOR VEHICLE,,0,0,CLEAR,,NO UNUSUAL CONDITIONS - NO UNUSUAL CONDITIONS,,D,DARK-NO STREET LIGHTS,,,,,,,,,,A,22107,,1,87TH AV,2,,,A,N,150.0,DOWLING ST,F,,D,12/19/2024 1:40:26 PM,1/28/2025 12:09:01 PM,,,2,,,,,,,
4510453,24-055434,2,False,0109,11/7/2024 4:55:00 PM,1655,14X,14,109,Oakland,1,True,True,H,OTHER,,Thursday,,,,,False,False,False,,G,BICYCLE,,1,0,CLEAR,,NO UNUSUAL CONDITIONS - NO UNUSUAL CONDITIONS,,A,DAYLIGHT,,,,,,,A,NO PEDESTRIANS INVOLVED,,A,22107,,1,GRAND AV,1,,,A,N,200.0,MANDANA BL,F,,D,12/19/2024 12:50:26 PM,1/28/2025 12:04:12 PM,,,2,,,,,,,
4510442,24-056539,2,False,0109,11/14/2024 7:27:00 PM,1927,08X,14,109,Oakland,1,True,True,D,BROADSIDE,,Thursday,,,,,False,False,False,,C,OTHER MOTOR VEHICLE,,2,0,CLEAR,,NO UNUSUAL CONDITIONS - NO UNUSUAL CONDITIONS,,C,DARK-STREET LIGHTS,,,,,,,A,NO PEDESTRIANS INVOLVED,,A,21802A,,1,NORTHGATE AV,1,,,A,,,23RD ST,,,D,12/19/2024 12:45:26 PM,1/28/2025 12:04:12 PM,,,2,,,,,,,
4510421,24-057679,2,False,0109,11/21/2024 5:15:00 PM,1715,13X,14,109,Oakland,1,True,True,G,VEHICLE/PEDESTRAIN,,Thursday,,,,,False,False,False,,B,PEDESTRIAN,,1,0,CLOUDY,,NO UNUSUAL CONDITIONS - NO UNUSUAL CONDITIONS,,C,DARK-STREET LIGHTS,,,,,,,B,CROSSING IN CROSS WALK AT INTERSECTION,,A,21950A,,1,MORAGA AV,1,,,A,,,ESTATES DR,,,D,12/19/2024 12:35:26 PM,1/28/2025 12:04:12 PM,,,2,,,,,,,
4510411,24-057347,2,False,0109,11/19/2024 5:03:00 PM,1703,32X,14,109,Oakland,1,True,True,B,SIDE SWIPE,,Tuesday,,,,,False,False,False,,C,OTHER MOTOR VEHICLE,,1,0,CLEAR,,NO UNUSUAL CONDITIONS - NO UNUSUAL CONDITIONS,,C,DARK-STREET LIGHTS,,,,,,,A,NO PEDESTRIANS INVOLVED,,A,22107,,1,INTERNATIONAL BL,2,,,A,W,5.0,105TH AV,F,,A,12/19/2024 12:30:26 PM,1/28/2025 12:04:12 PM,,,2,,,,,,,
4510410,24-056549,2,False,0109,11/14/2024 8:06:00 PM,2006,22X,14,109,Oakland,1,True,True,A,HEAD-ON,,Thursday,,,,,False,False,True,,C,OTHER MOTOR VEHICLE,,2,0,CLEAR,,NO UNUSUAL CONDITIONS - NO UNUSUAL CONDITIONS,,C,DARK-STREET LIGHTS,,,,,,,A,NO PEDESTRIANS INVOLVED,,A,21801A,,1,MACARTHUR BL,2,,,A,,,LINCOLN AV,,,A,12/19/2024 12:30:26 PM,1/28/2025 12:04:12 PM,,,2,,,,,,,
4510403,24-055818,2,False,0109,11/10/2024 9:02:00 AM,902,08X,14,109,Oakland,1,True,True,D,BROADSIDE,,Sunday,,,,,False,False,False,,C,OTHER MOTOR VEHICLE,,2,0,CLEAR,,NO UNUSUAL CONDITIONS - NO UNUSUAL CONDITIONS,,A,DAYLIGHT,,,,,,,A,NO PEDESTRIANS INVOLVED,,A,21453A,,1,27TH ST,1,,,A,,,NORTHGATE AV,,,A,12/19/2024 12:25:27 PM,1/28/2025 12:04:12 PM,,,2,,,,,,,
4510392,24-055557,2,False,0109,11/8/2024 12:20:00 PM,1220,24X,14,109,Oakland,1,True,True,B,SIDE SWIPE,,Friday,,,,,False,False,False,,C,OTHER MOTOR VEHICLE,,1,0,CLEAR,,NO UNUSUAL CONDITIONS - NO UNUSUAL CONDITIONS,,A,DAYLIGHT,,,,,,,A,NO PEDESTRIANS INVOLVED,,A,22517,,1,PENNIMAN AV,2,,,A,E,40.0,SHORT ST,F,,D,12/19/2024 12:15:26 PM,1/28/2025 12:04:12 PM,,,2,,,,,,,
4510391,24-054891,2,False,0109,11/4/2024 10:00:00 PM,2200,02X,14,109,Oakland,1,True,True,D,BROADSIDE,,Monday,,,,,False,False,True,,C,OTHER MOTOR VEHICLE,,2,0,CLEAR,,NO UNUSUAL CONDITIONS - NO UNUSUAL CONDITIONS,,C,DARK-STREET LIGHTS,,,,,,,A,NO PEDESTRIANS INVOLVED,,A,21801A,,1,14TH ST,1,,,A,,,BRUSH ST,,,A,12/19/2024 12:15:26 PM,1/28/2025 12:04:12 PM,,,2,,,,,,,
4510325,9370-2024-03915,1,False,9370,12/7/2024 5:30:00 PM,1730,008,14,109,Oakland,1,True,True,B,SIDE SWIPE,,Saturday,NotApplicable,False,,,False,True,False,ALAMEDA SUPERIOR COURT WILEY W. MANUEL COURTHOUSE,C,OTHER MOTOR VEHICLE,,0,0,CLEAR,,NO UNUSUAL CONDITIONS,,D,DARK-NO STREET LIGHTS,37.827179,-122.292432,,,,,A,NO PEDESTRIANS INVOLVED,12/7/2024 5:30:00 PM,A,VC 21658(A),False,,I-80 W/B,,,12/19/2024 11:37:02 AM,A,E,1800.0,I-880 S/B,F,,D,12/19/2024 11:37:03 AM,12/19/2024 11:37:03 AM,False,True,4,,12/7/2024 5:35:00 PM,1735,False,,,True
4510291,24-054711,2,False,0109,11/3/2024 8:29:00 PM,2029,08X,14,109,Oakland,1,True,True,F,OVERTURNED,,Sunday,,,,,False,False,False,,E,PARKED MOTOR VEHICLE,,1,0,CLEAR,,HOLES- DEEPRUT* - HOLES- DEEPRUT*,,C,DARK-STREET LIGHTS,,,,,,,A,NO PEDESTRIANS INVOLVED,,A,22350,,1,STANFORD AV,1,,,A,W,300.0,LOWELL ST,F,,A,12/19/2024 11:20:26 AM,1/28/2025 12:04:11 PM,,,2,,,,,,,
4510277,24-054555,2,False,0109,11/2/2024 7:08:00 PM,1908,04X,14,109,Oakland,1,True,True,G,VEHICLE/PEDESTRAIN,,Saturday,,,M,,False,False,False,,B,PEDESTRIAN,,1,0,CLEAR,,,,C,DARK-STREET LIGHTS,,,,,,,B,CROSSING IN CROSS WALK AT INTERSECTION,,A,21950A,,1,SAN PABLO AV,1,,,A,,,18TH ST,,,D,12/19/2024 11:15:26 AM,1/28/2025 12:04:12 PM,,,2,,,,,,,
4510276,24-056492,2,False,0109,11/14/2024 2:04:00 PM,1404,16X,14,109,Oakland,1,True,True,G,VEHICLE/PEDESTRAIN,,Thursday,,,M,,False,False,False,,B,PEDESTRIAN,,1,0,CLEAR,,NO UNUSUAL CONDITIONS - NO UNUSUAL CONDITIONS,,A,DAYLIGHT,,,,,,,D,CROSSING - NOT IN CROSSWALK,,A,22350,,1,HAMPEL ST,1,,,A,W,200.0,LA CRESTA AV,F,,D,12/19/2024 11:15:26 AM,1/28/2025 12:04:12 PM,,,2,,,,,,,
4509979,24-059095,2,False,0109,12/1/2024 11:03:00 AM,1103,03X,14,109,Oakland,1,True,True,D,BROADSIDE,,Sunday,,,,,False,False,False,,C,OTHER MOTOR VEHICLE,,0,0,CLEAR,,NO UNUSUAL CONDITIONS - NO UNUSUAL CONDITIONS,,A,DAYLIGHT,,,,,,,A,NO PEDESTRIANS INVOLVED,,A,22100A,,1,7TH ST,1,,,A,,,WEBSTER,,,A,12/19/2024 9:20:24 AM,1/28/2025 12:13:38 PM,,,2,,,,,,,
4509978,24-059178,2,False,0109,12/2/2024 1:35:00 AM,135,35X,14,109,Oakland,1,True,True,A,HEAD-ON,,Monday,,,M,,False,False,False,,I,FIXED OBJECT,,0,0,CLEAR,,NO UNUSUAL CONDITIONS - NO UNUSUAL CONDITIONS,,C,DARK-STREET LIGHTS,,,,,,,A,NO PEDESTRIANS INVOLVED,,A,22107,,1,90TH AV,2,,,A,S,200.0,MACARTHUR BL,F,,A,12/19/2024 9:20:24 AM,1/28/2025 12:13:38 PM,,,2,,,,,,,
4509918,24-046019,2,False,0109,9/14/2024 8:31:00 AM,831,30X,14,109,Oakland,1,True,True,C,REAR END,,Saturday,,,M,,False,False,False,,C,OTHER MOTOR VEHICLE,,1,0,CLEAR,,NO UNUSUAL CONDITIONS - NO UNUSUAL CONDITIONS,,A,DAYLIGHT,,,,,,,A,NO PEDESTRIANS INVOLVED,,A,22350,,1,77TH AV,2,,,A,,,MACARTHUR BL,,,A,12/19/2024 9:00:24 AM,1/28/2025 12:13:36 PM,,,2,,,,,,,
4509885,9370-2024-04034,1,False,9370,12/17/2024 6:30:00 AM,630,008,14,109,Oakland,1,True,True,B,SIDE SWIPE,,Tuesday,NotApplicable,False,,,False,True,False,ALAMEDA SUPERIOR COURT WILEY W. MANUEL COURTHOUSE,C,OTHER MOTOR VEHICLE,,0,0,CLOUDY,,NO UNUSUAL CONDITIONS,,B,DUSK-DAWN,37.824867,-122.31076,,,,,A,NO PEDESTRIANS INVOLVED,12/17/2024 6:30:00 AM,A,VC 22350,False,1,I-80 W/B,,,12/19/2024 8:51:33 AM,B,E,850.0,SAN FRANCISCO-OAKLAND BAY BRIDGE TOLL PLAZA,F,,D,12/19/2024 8:51:37 AM,12/19/2024 8:51:37 AM,False,True,4,,12/17/2024 6:31:00 AM,0631,False,,,True