collision-id,report-number,report-version,is-preliminary,ncic-code,crash-date-time,crash-time-description,beat,city-id,city-code,city-name,county-code,city-is-active,city-is-incorporated,collision-type-code,collision-type-description,collision-type-other-desc,day-of-week,dispatch-notified,has-photographs,hit-run,is-attachments-mailed,is-deleted,is-highway-related,is-tow-away,judicial-district,motor-vehicle-involved-with-code,motor-vehicle-involved-with-desc,motor-vehicle-involved-with-other-desc,number-injured,number-killed,weather-1,weather-2,road-condition-1,road-condition-2,special-condition-lighting-code,lighting-description,latitude,longitude,milepost-direction,milepost-distance,milepost-marker,milepost-unit-of-measure,pedestrian-action-code,pedestrian-action-desc,prepared-date,primary-collision-factor-code,primary-collision-factor-violation,primary-collision-factor-is-cited,primary-collision-party-number,primary-road,reporting-district,reporting-district-code,reviewed-date,roadway-surface-code,secondary-direction,secondary-distance,secondary-road,secondary-unit-of-measure,sketch-desc,traffic-control-device-code,created-date,modified-date,is-county-road,is-freeway,chp-555-version,is-additonal-object-struck,notification-date,notification-time-description,has-digital-media-files,evidence-number,is-location-refer-to-narrative,is-aoi-one-same-as-location
4526258,9370-2024-04153,2,False,9370,12/20/2024 5:50:00 PM,1750,024,14,109,Oakland,1,True,True,C,REAR END,,Friday,NotApplicable,False,,,False,True,False,ALAMEDA SUPERIOR COURT WILEY W. MANUEL COURTHOUSE,C,OTHER MOTOR VEHICLE,,2,0,CLEAR,,NO UNUSUAL CONDITIONS,,D,DARK-NO STREET LIGHTS,37.84907,-122.229718,,,,,A,NO PEDESTRIANS INVOLVED,12/20/2024 5:50:00 PM,A,VC 21658(A),False,2,SR-24 WESTBOUND,,,2/4/2025 3:51:05 PM,B,W,150.0,SR-13,F,,D,1/6/2025 6:33:17 AM,2/4/2025 3:51:07 PM,False,True,4,,12/20/2024 5:56:00 PM,1756,False,,False,True
4526244,9370-2024-04119,1,False,9370,12/23/2024 9:45:00 AM,945,176,14,109,Oakland,1,True,True,B,SIDE SWIPE,,Monday,NotApplicable,False,,,False,True,True,ALAMEDA SUPERIOR COURT WILEY W. MANUEL COURTHOUSE,I,FIXED OBJECT,CONCRETE WALL,1,0,CLOUDY,,NO UNUSUAL CONDITIONS,,A,DAYLIGHT,37.769941,-122.221146,,,,,A,NO PEDESTRIANS INVOLVED,12/23/2024 9:45:00 AM,A,VC 22107,False,1,I-880 N/B,,,1/6/2025 6:18:48 AM,B,N,90.0,SR-77 S/B,F,,D,1/6/2025 6:18:49 AM,1/6/2025 6:18:49 AM,False,True,4,,12/23/2024 9:50:00 AM,0950,False,,,True
4526232,9370-2024-04158,1,False,9370,12/22/2024 7:00:00 PM,1900,176,14,109,Oakland,1,True,True,C,REAR END,,Sunday,NotApplicable,False,,,False,True,False,ALAMEDA SUPERIOR COURT WILEY W. MANUEL COURTHOUSE,C,OTHER MOTOR VEHICLE,,0,0,CLEAR,,NO UNUSUAL CONDITIONS,,C,DARK-STREET LIGHTS,37.732166,-122.189695,,,,,A,NO PEDESTRIANS INVOLVED,12/22/2024 7:00:00 PM,A,VC 21658(A),False,1,I-880 S/B FROM 98TH AVENUE,,,1/6/2025 6:09:34 AM,A,S,270.0,98TH AVENUE,F,,A,1/6/2025 6:09:40 AM,1/6/2025 6:09:40 AM,False,True,4,,12/22/2024 7:05:00 PM,1905,False,,,True
4526223,9370-2024-04109,1,False,9370,12/22/2024 5:00:00 PM,1700,054,14,109,Oakland,1,True,True,C,REAR END,,Sunday,Yes,False,,,False,True,True,ALAMEDA SUPERIOR COURT WILEY W. MANUEL COURTHOUSE,C,OTHER MOTOR VEHICLE,,1,0,CLOUDY,,NO UNUSUAL CONDITIONS,,D,DARK-NO STREET LIGHTS,37.821974,-122.259537,,,,,A,NO PEDESTRIANS INVOLVED,12/22/2024 5:00:00 PM,A,VC 21658(a),False,1,I-580 E/B (MACARTHUR FREEWAY),,,1/6/2025 5:57:51 AM,A,W,1600.0,HARRISON STREET,F,,D,1/6/2025 5:57:53 AM,1/6/2025 5:57:53 AM,False,True,4,,12/22/2024 5:05:00 PM,1705,False,,,True
4526218,9370-2024-04101,1,False,9370,12/22/2024 1:30:00 AM,130,008,14,109,Oakland,1,True,True,E,HIT OBJECT,,Sunday,Yes,False,,,False,True,True,ALAMEDA SUPERIOR COURT WILEY W. MANUEL COURTHOUSE,I,FIXED OBJECT,CONCRETE BARRIER WALL,0,0,RAINING,,NO UNUSUAL CONDITIONS,,C,DARK-STREET LIGHTS,37.828811,-122.29452,,,,,A,NO PEDESTRIANS INVOLVED,12/22/2024 1:30:00 AM,A,VC 23152(a),True,1,I-80 W/B,,,1/6/2025 5:52:22 AM,B,W,3384.0,POWELL STREET,F,,D,1/6/2025 5:52:24 AM,1/6/2025 5:52:24 AM,False,True,4,True,12/22/2024 1:33:00 AM,0133,False,,,True
4525756,9335-2024-03079,1,False,9335,12/23/2024 7:05:00 AM,705,082,14,109,Oakland,1,True,True,C,REAR END,,Monday,NotApplicable,False,,,False,True,False,ALAMEDA SUPERIOR COURT ALAMEDA,C,OTHER MOTOR VEHICLE,,1,0,CLOUDY,,NO UNUSUAL CONDITIONS,,A,DAYLIGHT,37.822914,-122.320978,,,,,A,NO PEDESTRIANS INVOLVED,12/23/2024 7:05:00 AM,A,VC 22350,False,1,I-80 W/B,,,1/4/2025 12:27:16 PM,B,W,0.21,SFOBB METERING LIGHTS,M,,D,1/4/2025 12:27:18 PM,1/4/2025 12:27:18 PM,False,True,4,,12/23/2024 7:13:00 AM,0713,False,,,True
4524909,24-049737,2,False,0109,10/5/2024 5:55:00 PM,1755,15X,14,109,Oakland,1,True,True,B,SIDE SWIPE,,Saturday,,,M,,False,False,False,,B,PEDESTRIAN,,1,0,CLEAR,,NO UNUSUAL CONDITIONS - NO UNUSUAL CONDITIONS,,A,DAYLIGHT,,,,,,,C,CROSSING IN CROSS WALK - NOT AT INTERSECTION,,A,21950A,,1,MONTCLAIR AV,1,,,A,,,MACARTHUR BL,,,D,1/3/2025 9:43:05 AM,1/28/2025 11:02:44 AM,,,2,,,,,,,
4523931,9345-2024-04885,1,False,9345,12/31/2024 4:22:00 AM,422,904,14,109,Oakland,1,True,True,E,HIT OBJECT,,Tuesday,Yes,False,,,False,True,True,ALAMEDA SUPERIOR COURT WILEY W. MANUEL COURTHOUSE,I,FIXED OBJECT,CONCRETE CURB,0,0,CLEAR,,NO UNUSUAL CONDITIONS,,C,DARK-STREET LIGHTS,37.754281,-122.206606,,,,,A,NO PEDESTRIANS INVOLVED,12/31/2024 4:22:00 AM,A,VC 22350,False,1,I-880 NORTHBOUND (NIMITZ FREEWAY) TO 66TH AVE,,,1/2/2025 2:12:12 PM,A,S,17.0,66TH AVE,F,,A,1/2/2025 2:12:16 PM,1/2/2025 2:12:16 PM,False,True,4,,12/31/2024 4:22:00 AM,0422,True,12312024-29,,True
4523889,9335-2024-03084,1,False,9335,12/23/2024 3:20:00 AM,320,082,14,109,Oakland,1,True,True,E,HIT OBJECT,,Monday,Yes,False,,,False,True,True,ALAMEDA SUPERIOR COURT ALAMEDA,I,FIXED OBJECT,METAL POLE,1,0,RAINING,,NO UNUSUAL CONDITIONS,,D,DARK-NO STREET LIGHTS,37.82495,-122.313934,,,,,A,NO PEDESTRIANS INVOLVED,12/23/2024 3:20:00 AM,A,VC 22107,False,1,I-80 WESTBOUND,,,1/2/2025 1:58:58 PM,B,W,40.0,SAN FRANCISCO/ OAKLAND BAY BRIDGE EAST EDGE,F,,D,1/2/2025 1:59:03 PM,1/2/2025 1:59:03 PM,False,True,4,True,12/23/2024 3:24:00 AM,0324,True,EMBEDDED,,True
4523708,9370-2024-04204,1,False,9370,12/30/2024 7:45:00 PM,1945,025,14,109,Oakland,1,True,True,E,HIT OBJECT,,Monday,NotApplicable,False,,,False,True,False,ALAMEDA SUPERIOR COURT WILEY W. MANUEL COURTHOUSE,I,FIXED OBJECT,UNKNOWN,0,0,CLEAR,,NO UNUSUAL CONDITIONS,,C,DARK-STREET LIGHTS,37.8338,-122.266771,,,,,A,NO PEDESTRIANS INVOLVED,12/30/2024 7:45:00 PM,D,,,,SR-24 W/B,,,1/2/2025 12:59:03 PM,A,E,1400.0,51ST STREET,F,,D,1/2/2025 12:59:06 PM,1/2/2025 12:59:06 PM,False,True,4,,12/30/2024 8:15:00 PM,2015,False,,,True
4523543,9370-2024-04174,1,False,9370,12/28/2024 2:15:00 AM,215,008,14,109,Oakland,1,True,True,E,HIT OBJECT,,Saturday,NotApplicable,False,,,False,True,True,ALAMEDA SUPERIOR COURT WILEY W. MANUEL COURTHOUSE,J,OTHER OBJECT,CONCRETE BARRIER WALL,0,0,CLEAR,,NO UNUSUAL CONDITIONS,,C,DARK-STREET LIGHTS,37.824893,-122.313776,,,,,A,NO PEDESTRIANS INVOLVED,12/28/2024 2:15:00 AM,A,VC 22107,False,1,I-80 W/B,,,1/2/2025 11:58:13 AM,B,E,20.0,SAN FRANCISCO/OAKLAND BAY BRIDGE TOLL PLAZA,F,,D,1/2/2025 11:58:15 AM,1/2/2025 11:58:15 AM,False,True,4,,12/28/2024 2:20:00 AM,0220,False,,,True
4523359,9370-2024-04181,1,False,9370,12/27/2024 2:00:00 PM,1400,052,14,109,Oakland,1,True,True,B,SIDE SWIPE,,Friday,NotApplicable,False,M,,False,True,False,ALAMEDA SUPERIOR COURT WILEY W. MANUEL COURTHOUSE,C,OTHER MOTOR VEHICLE,,0,0,CLEAR,,NO UNUSUAL CONDITIONS,,A,DAYLIGHT,37.753896,-122.150951,,,,,A,NO PEDESTRIANS INVOLVED,12/27/2024 2:00:00 PM,A,VC 21658(A),False,1,I-580 W/B,,,1/2/2025 10:37:50 AM,B,W,220.0,GOLF LINKS ROAD,F,,D,1/2/2025 10:37:52 AM,1/2/2025 10:37:52 AM,False,True,4,,12/27/2024 2:10:00 PM,1410,False,,,True
4523336,9370-2024-04169,1,False,9370,12/27/2024 5:10:00 AM,510,055,14,109,Oakland,1,True,True,E,HIT OBJECT,,Friday,NotApplicable,False,,,False,True,True,ALAMEDA SUPERIOR COURT WILEY W. MANUEL COURTHOUSE,I,FIXED OBJECT,GUARD  RAIL,0,0,RAINING,,NO UNUSUAL CONDITIONS,,B,DUSK-DAWN,37.823624,-122.264255,,,,,A,NO PEDESTRIANS INVOLVED,12/27/2024 5:10:00 AM,A,VC 22350,False,1,I-580 W/B TO I-980 W/B,,,1/2/2025 10:26:01 AM,B,W,500.0,TELEGRAPH AVENUE,F,,D,1/2/2025 10:26:03 AM,1/2/2025 10:26:03 AM,False,True,4,,12/27/2024 5:30:00 AM,0530,False,,,True
4523320,9370-2024-04168,1,False,9370,12/27/2024 4:20:00 AM,420,177,14,109,Oakland,1,True,True,H,OTHER,POTHOLE,Friday,NotApplicable,False,,,False,True,False,ALAMEDA SUPERIOR COURT WILEY W. MANUEL COURTHOUSE,A,NON-COLLISION,,0,0,RAINING,,NO UNUSUAL CONDITIONS,,D,DARK-NO STREET LIGHTS,37.794962,-122.266337,,,,,A,NO PEDESTRIANS INVOLVED,12/27/2024 4:20:00 AM,C,,,,I-880 S/B,,,1/2/2025 10:19:10 AM,B,S,130.0,OAK ST,F,,D,1/2/2025 10:19:12 AM,1/2/2025 10:19:12 AM,False,True,4,,12/27/2024 4:30:00 AM,0430,False,,,True
4523283,9370-2024-04170,1,False,9370,12/27/2024 4:08:00 AM,408,177,14,109,Oakland,1,True,True,E,HIT OBJECT,,Friday,NotApplicable,False,,,False,True,False,ALAMEDA SUPERIOR COURT WILEY W. MANUEL COURTHOUSE,J,OTHER OBJECT,POTHOLE,0,0,RAINING,,HOLES- DEEPRUT*,,C,DARK-STREET LIGHTS,37.794992,-122.26632,,,,,A,NO PEDESTRIANS INVOLVED,12/27/2024 4:08:00 AM,C,,,,I-880 S/B,,,1/2/2025 10:05:22 AM,B,S,433.0,OAK ST,F,,D,1/2/2025 10:05:24 AM,1/2/2025 10:05:24 AM,False,True,4,,12/27/2024 4:11:00 AM,0411,False,,,True
4523253,24-033529,2,False,0109,7/6/2024 12:56:00 AM,56,24Y,14,109,Oakland,1,True,True,D,BROADSIDE,,Saturday,,,,,False,False,False,,E,PARKED MOTOR VEHICLE,,0,0,CLEAR,,NO UNUSUAL CONDITIONS - NO UNUSUAL CONDITIONS,,C,DARK-STREET LIGHTS,,,,,,,A,NO PEDESTRIANS INVOLVED,,A,22107,,1,35TH AV,2,,,A,,,BROOKDALE AV,,,D,1/2/2025 9:53:02 AM,1/28/2025 1:05:35 PM,,,2,,,,,,,
4523249,9370-2024-04208,1,False,9370,12/27/2024 4:05:00 AM,405,177,14,109,Oakland,1,True,True,E,HIT OBJECT,,Friday,NotApplicable,False,,,False,True,False,ALAMEDA SUPERIOR COURT WILEY W. MANUEL COURTHOUSE,J,OTHER OBJECT,POTHOLE,0,0,CLEAR,,HOLES- DEEPRUT*,,C,DARK-STREET LIGHTS,37.794786,-122.265923,,,,,A,NO PEDESTRIANS INVOLVED,12/27/2024 4:05:00 AM,C,,,,I-880 S/B,,,1/2/2025 9:50:55 AM,A,S,223.0,OAK ST,F,,D,1/2/2025 9:50:57 AM,1/2/2025 9:50:57 AM,False,True,4,,12/27/2024 4:11:00 AM,0411,False,,,True
4523243,24-034718,2,False,0109,7/12/2024 6:51:00 AM,651,29X,14,109,Oakland,1,True,True,B,SIDE SWIPE,,Friday,,,F,,False,False,False,,,,,0,0,CLEAR,,NO UNUSUAL CONDITIONS - NO UNUSUAL CONDITIONS,,A,DAYLIGHT,,,,,,,A,NO PEDESTRIANS INVOLVED,,A,22107,,1,INTERNATIONAL BL,2,,,A,,,HAVENSCOURT AV,,,D,1/2/2025 9:48:02 AM,1/28/2025 1:05:35 PM,,,2,,,,,,,
4523198,9370-2024-04162,1,False,9370,12/26/2024 1:17:00 PM,1317,052,14,109,Oakland,1,True,True,E,HIT OBJECT,,Thursday,NotApplicable,False,,,False,True,False,ALAMEDA SUPERIOR COURT WILEY W. MANUEL COURTHOUSE,I,FIXED OBJECT,CONCRETE WALL,1,0,CLEAR,,NO UNUSUAL CONDITIONS,,A,DAYLIGHT,37.789384,-122.200688,,,,,A,NO PEDESTRIANS INVOLVED,12/26/2024 1:17:00 PM,A,VC 22350,False,1,I-580 E/B,,,1/2/2025 9:22:52 AM,A,W,530.0,HIGH STREET,F,,D,1/2/2025 9:22:54 AM,1/2/2025 9:22:54 AM,False,True,4,,12/26/2024 1:22:00 PM,1322,False,,,True
4523124,9370-2024-04147,1,False,9370,12/24/2024 3:55:00 PM,1555,013,14,109,Oakland,1,True,True,C,REAR END,,Tuesday,NotApplicable,False,F,,False,True,False,ALAMEDA SUPERIOR COURT WILEY W. MANUEL COURTHOUSE,C,OTHER MOTOR VEHICLE,,1,0,CLEAR,,NO UNUSUAL CONDITIONS,,C,DARK-STREET LIGHTS,37.845581,-122.227395,,,,,A,NO PEDESTRIANS INVOLVED,12/24/2024 3:55:00 PM,A,VC 22350,False,1,SR-13 N/B,,,1/2/2025 8:46:43 AM,A,S,930.0,BROADWAY,F,,D,1/2/2025 8:46:45 AM,1/2/2025 8:46:45 AM,False,True,4,,12/24/2024 4:00:00 PM,1600,False,,,True
4523110,9370-2024-04139,1,False,9370,12/24/2024 2:35:00 PM,1435,055,14,109,Oakland,1,True,True,B,SIDE SWIPE,,Tuesday,NotApplicable,False,,,False,True,False,ALAMEDA SUPERIOR COURT WILEY W. MANUEL COURTHOUSE,C,OTHER MOTOR VEHICLE,,0,0,CLEAR,,NO UNUSUAL CONDITIONS,,A,DAYLIGHT,37.826367,-122.276331,,,,,A,NO PEDESTRIANS INVOLVED,12/24/2024 2:35:00 PM,A,VC 21658(a),False,,I-580 W/B,,,1/2/2025 8:42:52 AM,A,W,300.0,MARKET STREET,F,,D,1/2/2025 8:42:54 AM,1/2/2025 8:42:54 AM,False,True,4,,12/24/2024 2:35:00 PM,1435,False,,,True
4523081,9335-2024-03124,1,False,9335,12/29/2024 5:30:00 AM,530,082,14,109,Oakland,1,True,True,E,HIT OBJECT,,Sunday,NotApplicable,False,,,False,True,True,ALAMEDA SUPERIOR COURT WILEY W. MANUEL COURTHOUSE,I,FIXED OBJECT,CONCRETE WALL,0,0,RAINING,,NO UNUSUAL CONDITIONS,,C,DARK-STREET LIGHTS,37.825064,-122.313859,,,,,A,NO PEDESTRIANS INVOLVED,12/29/2024 5:30:00 AM,A,VC 22107,False,1,I-80 W/B,,,1/2/2025 8:26:41 AM,B,W,11.0,EAST EDGE OF THE SFOBB TOLL PLAZA,F,,A,1/2/2025 8:26:45 AM,1/2/2025 8:26:45 AM,False,True,4,,12/29/2024 5:59:00 AM,0559,True,EMBEDDED,,True
4523066,9370-2024-04137,1,False,9370,12/24/2024 2:29:00 PM,1429,055,14,109,Oakland,1,True,True,D,BROADSIDE,,Tuesday,NotApplicable,False,,,False,True,True,ALAMEDA SUPERIOR COURT WILEY W. MANUEL COURTHOUSE,C,OTHER MOTOR VEHICLE,,0,0,CLEAR,,FLOODED*,,A,DAYLIGHT,37.828314,-122.280707,,,,,A,NO PEDESTRIANS INVOLVED,12/24/2024 2:29:00 PM,A,VC 22350,False,1,I-80 E/B FROM W. MACARTHUR BOULEVARD,,,1/2/2025 8:18:18 AM,B,E,370.0,ADELINE STREET,F,,D,1/2/2025 8:18:20 AM,1/2/2025 8:18:20 AM,False,True,4,,12/24/2024 2:30:00 PM,1430,False,,,True
4523030,9370-2024-04146,1,False,9370,12/24/2024 12:47:00 PM,1247,025,14,109,Oakland,1,True,True,E,HIT OBJECT,,Tuesday,NotApplicable,False,,,False,True,True,ALAMEDA SUPERIOR COURT WILEY W. MANUEL COURTHOUSE,I,FIXED OBJECT,CENTER DIVIDER,1,0,CLOUDY,,NO UNUSUAL CONDITIONS,,A,DAYLIGHT,37.825957,-122.267553,,,,,A,NO PEDESTRIANS INVOLVED,12/24/2024 12:47:00 PM,A,VC 22350,False,1,SR-24 E/B,,,1/2/2025 7:51:25 AM,B,W,350.0,W MACARUTHUR BLVD U/C,F,,D,1/2/2025 7:51:27 AM,1/2/2025 7:51:27 AM,False,True,4,,12/24/2024 12:50:00 PM,1250,False,,,True
4523017,9370-2024-04138,1,False,9370,12/24/2024 12:45:00 PM,1245,013,14,109,Oakland,1,True,True,C,REAR END,,Tuesday,NotApplicable,False,,,False,True,False,ALAMEDA SUPERIOR COURT WILEY W. MANUEL COURTHOUSE,C,OTHER MOTOR VEHICLE,,0,0,CLEAR,,NO UNUSUAL CONDITIONS,,A,DAYLIGHT,37.800763,-122.18731,,,,,A,NO PEDESTRIANS INVOLVED,12/24/2024 12:45:00 PM,A,VC 22350,False,1,SR-13 N/B,,,1/2/2025 7:46:16 AM,B,N,955.0,REDWOOD RD,F,,D,1/2/2025 7:46:17 AM,1/2/2025 7:46:17 AM,False,True,4,,12/24/2024 1:13:00 PM,1313,False,,,
4522948,24-033942,2,False,0109,7/7/2024 9:13:00 PM,2113,24Y,14,109,Oakland,1,True,True,B,SIDE SWIPE,,Sunday,,,M,,False,False,False,,E,PARKED MOTOR VEHICLE,,0,0,CLEAR,,NO UNUSUAL CONDITIONS - NO UNUSUAL CONDITIONS,,C,DARK-STREET LIGHTS,,,,,,,A,NO PEDESTRIANS INVOLVED,,A,22107,,1,35TH AV,2,,,A,W,217.0,HARRINGTON AV,F,,D,1/2/2025 7:13:02 AM,1/28/2025 12:12:29 PM,,,2,,,,,,,
4522946,9370-2024-04118,1,False,9370,12/23/2024 4:07:00 AM,407,054,14,109,Oakland,1,True,True,D,BROADSIDE,,Monday,NotApplicable,False,,,False,True,True,ALAMEDA SUPERIOR COURT WILEY W. MANUEL COURTHOUSE,C,OTHER MOTOR VEHICLE,,0,0,RAINING,,NO UNUSUAL CONDITIONS,,D,DARK-NO STREET LIGHTS,37.810197,-122.248172,,,,,A,NO PEDESTRIANS INVOLVED,12/23/2024 4:07:00 AM,C,,,,I-580 E/B,,,1/2/2025 7:11:31 AM,B,E,100.0,GRAND AVE,F,,D,1/2/2025 7:11:33 AM,1/2/2025 7:11:33 AM,False,True,4,,12/23/2024 4:11:00 AM,0411,False,,,True
4522945,9370-2024-04110,1,False,9370,12/22/2024 8:30:00 PM,2030,177,14,109,Oakland,1,True,True,E,HIT OBJECT,,Sunday,Yes,False,,,False,True,False,ALAMEDA SUPERIOR COURT WILEY W. MANUEL COURTHOUSE,I,FIXED OBJECT,ENERGITE ATTENUATORS,0,0,CLOUDY,RAINING,NO UNUSUAL CONDITIONS,,C,DARK-STREET LIGHTS,37.795851,-122.267721,,,,,A,NO PEDESTRIANS INVOLVED,12/22/2024 8:30:00 PM,A,VC 23152(a),True,1,I-880 N/B,,,1/2/2025 7:09:06 AM,B,N,30.0,MADISON STREET,F,,D,1/2/2025 7:09:08 AM,1/2/2025 7:09:08 AM,False,True,4,,12/22/2024 8:40:00 PM,2040,False,,,True
4522932,24-036121,2,False,0109,7/20/2024 12:49:00 PM,1249,02X,14,109,Oakland,1,True,True,D,BROADSIDE,,Saturday,,,,,False,False,False,,C,OTHER MOTOR VEHICLE,,0,0,CLEAR,,NO UNUSUAL CONDITIONS - NO UNUSUAL CONDITIONS,,A,DAYLIGHT,,,,,,,A,NO PEDESTRIANS INVOLVED,,A,21453A,,1,5TH ST,1,,,A,,,BRUSH ST,,,A,1/2/2025 7:03:02 AM,1/28/2025 12:12:29 PM,,,2,,,,,,,
4522908,24-032675,2,False,0109,7/1/2024 9:26:00 AM,926,02X,14,109,Oakland,1,True,True,B,SIDE SWIPE,,Monday,,,,,False,False,False,,C,OTHER MOTOR VEHICLE,,0,0,CLEAR,,NO UNUSUAL CONDITIONS - NO UNUSUAL CONDITIONS,,A,DAYLIGHT,,,,,,,A,NO PEDESTRIANS INVOLVED,,A,21453A,,1,7TH ST,1,,,A,,,UNION ST,,,A,1/2/2025 6:43:02 AM,1/28/2025 12:12:28 PM,,,2,,,,,,,
4522895,9370-2024-04125,1,False,9370,12/20/2024 3:32:00 AM,332,052,14,109,Oakland,1,True,True,E,HIT OBJECT,,Friday,Yes,False,,,False,True,False,ALAMEDA SUPERIOR COURT WILEY W. MANUEL COURTHOUSE,I,FIXED OBJECT,CONCRETE CURB,1,0,CLEAR,,NO UNUSUAL CONDITIONS,,D,DARK-NO STREET LIGHTS,37.755136,-122.149667,,,,,A,NO PEDESTRIANS INVOLVED,12/20/2024 3:32:00 AM,A,VC 23152(a),True,1,I-580 W/B (MACARTHUR FREEWAY),,,1/2/2025 6:37:16 AM,A,W,662.0,GOLF LINKS ROAD,F,,D,1/2/2025 6:37:18 AM,1/2/2025 6:37:18 AM,False,True,4,,12/20/2024 3:38:00 AM,0338,False,,,True
4522286,9370-2024-04129,1,False,9370,12/24/2024 4:15:00 AM,415,178,14,109,Oakland,1,True,True,F,OVERTURNED,,Tuesday,Yes,False,,,False,True,True,ALAMEDA SUPERIOR COURT WILEY W. MANUEL COURTHOUSE,A,NON-COLLISION,,1,0,CLOUDY,RAINING,NO UNUSUAL CONDITIONS,,Hazardous MaterialD,DARK-NO STREET LIGHTS,37.826717,-122.291898,,,,,A,NO PEDESTRIANS INVOLVED,12/24/2024 4:15:00 AM,A,VC 22350,False,1,INTERSTATE 880 SOUTHBOUND,,,12/31/2024 10:35:43 PM,B,N,2760.0,WEST GRAND AVENUE,F,,D,12/31/2024 10:35:54 PM,12/31/2024 10:35:54 PM,False,True,4,False,12/24/2024 4:20:00 AM,0420,False,,,True
4522236,9335-2024-03103,1,False,9335,12/26/2024 6:18:00 PM,1818,082,14,109,Oakland,1,True,True,E,HIT OBJECT,,Thursday,NotApplicable,False,,,False,True,True,ALAMEDA SUPERIOR COURT WILEY W. MANUEL COURTHOUSE,I,FIXED OBJECT,CONCRETE WALL,0,0,RAINING,,NO UNUSUAL CONDITIONS,,C,DARK-STREET LIGHTS,37.817269,-122.355341,,,,,A,NO PEDESTRIANS INVOLVED,12/26/2024 6:18:00 PM,C,,,,I-80 W/B,,,12/31/2024 4:48:15 PM,B,E,2317.0,NORTHGATE RD,F,,D,12/31/2024 4:48:18 PM,12/31/2024 4:48:18 PM,False,True,4,,12/26/2024 6:20:00 PM,1820,False,,,True
4522122,9370-2024-04166,1,False,9370,12/27/2024 12:40:00 AM,40,054,14,109,Oakland,1,True,True,E,HIT OBJECT,,Friday,Yes,False,,,False,True,True,ALAMEDA SUPERIOR COURT WILEY W. MANUEL COURTHOUSE,I,FIXED OBJECT,REGULATORY SIGN,1,0,CLOUDY,RAINING,NO UNUSUAL CONDITIONS,,C,DARK-STREET LIGHTS,37.809224,-122.243794,,,,,A,NO PEDESTRIANS INVOLVED,12/27/2024 12:40:00 AM,A,VC 22350,False,1,I-580 W/B,,,12/31/2024 3:03:22 PM,B,E,760.0,LAKESHORE AVE,F,,D,12/31/2024 3:03:24 PM,12/31/2024 3:03:24 PM,False,True,4,,12/27/2024 12:52:00 AM,0052,False,,,True
4522120,24-043499,2,False,0109,8/30/2024 9:03:00 PM,2103,19X,14,109,Oakland,1,True,True,C,REAR END,,Friday,,,,,False,False,False,,C,OTHER MOTOR VEHICLE,,2,0,CLEAR,,NO UNUSUAL CONDITIONS - NO UNUSUAL CONDITIONS,,C,DARK-STREET LIGHTS,,,,,,,A,NO PEDESTRIANS INVOLVED,,A,23152A,,1,13TH AV,1,,,A,,,INTERNATIONAL BL,,,A,12/31/2024 3:02:28 PM,1/28/2025 12:12:56 PM,,,2,,,,,,,
4522118,9370-2024-04164,1,False,9370,12/27/2024 12:00:00 AM,2330,054,14,109,Oakland,1,True,True,E,HIT OBJECT,,Friday,NotApplicable,False,,,False,True,False,ALAMEDA SUPERIOR COURT WILEY W. MANUEL COURTHOUSE,I,FIXED OBJECT,CONCRETE CENTER DIVIDE,1,0,CLOUDY,RAINING,NO UNUSUAL CONDITIONS,,C,DARK-STREET LIGHTS,37.809028,-122.243952,,,,,A,NO PEDESTRIANS INVOLVED,12/27/2024 12:00:00 AM,A,VC 22350,False,1,I-580 W/B,,,12/31/2024 3:00:16 PM,D,E,768.0,LAKESHORE AVE,F,,D,12/31/2024 3:00:18 PM,12/31/2024 3:00:18 PM,False,True,4,False,12/27/2024 12:00:00 AM,2342,False,,,True
4522062,9370-2024-04159,1,False,9370,12/26/2024 12:15:00 PM,1215,176,14,109,Oakland,1,True,True,C,REAR END,,Thursday,NotApplicable,False,,,False,True,False,ALAMEDA SUPERIOR COURT WILEY W. MANUEL COURTHOUSE,C,OTHER MOTOR VEHICLE,,1,0,CLOUDY,,NO UNUSUAL CONDITIONS,,A,DAYLIGHT,37.754354,-122.208501,,,,,A,NO PEDESTRIANS INVOLVED,12/26/2024 12:15:00 PM,A,VC 22350,False,1,I-880 S/B,,,12/31/2024 2:30:24 PM,B,N,400.0,66TH AVENUE,F,,D,12/31/2024 2:30:29 PM,12/31/2024 2:30:29 PM,False,True,4,,12/26/2024 12:16:00 PM,1216,True,EMBEDDED,,True