collision-id,report-number,report-version,is-preliminary,ncic-code,crash-date-time,crash-time-description,beat,city-id,city-code,city-name,county-code,city-is-active,city-is-incorporated,collision-type-code,collision-type-description,collision-type-other-desc,day-of-week,dispatch-notified,has-photographs,hit-run,is-attachments-mailed,is-deleted,is-highway-related,is-tow-away,judicial-district,motor-vehicle-involved-with-code,motor-vehicle-involved-with-desc,motor-vehicle-involved-with-other-desc,number-injured,number-killed,weather-1,weather-2,road-condition-1,road-condition-2,special-condition-lighting-code,lighting-description,latitude,longitude,milepost-direction,milepost-distance,milepost-marker,milepost-unit-of-measure,pedestrian-action-code,pedestrian-action-desc,prepared-date,primary-collision-factor-code,primary-collision-factor-violation,primary-collision-factor-is-cited,primary-collision-party-number,primary-road,reporting-district,reporting-district-code,reviewed-date,roadway-surface-code,secondary-direction,secondary-distance,secondary-road,secondary-unit-of-measure,sketch-desc,traffic-control-device-code,created-date,modified-date,is-county-road,is-freeway,chp-555-version,is-additonal-object-struck,notification-date,notification-time-description,has-digital-media-files,evidence-number,is-location-refer-to-narrative,is-aoi-one-same-as-location
4538205,24-061178,2,False,0109,12/13/2024 7:48:00 PM,1948,27X,14,109,Oakland,1,True,True,A,HEAD-ON,,Friday,,,,,False,False,False,,B,PEDESTRIAN,,1,0,CLEAR,,NO UNUSUAL CONDITIONS - NO UNUSUAL CONDITIONS,,C,DARK-STREET LIGHTS,,,,,,,C,CROSSING IN CROSS WALK - NOT AT INTERSECTION,,A,21456B,,1,INTERNATIONAL BL,2,,,A,W,2.0,SEMINARY AV,F,,A,1/15/2025 7:59:35 AM,1/28/2025 1:05:46 PM,,,2,,,,,,,
4538194,24-059667,2,False,0109,12/4/2024 7:10:00 AM,710,31Y,14,109,Oakland,1,True,True,C,REAR END,,Wednesday,,,,,False,False,False,,C,OTHER MOTOR VEHICLE,,2,0,CLEAR,,NO UNUSUAL CONDITIONS - NO UNUSUAL CONDITIONS,,A,DAYLIGHT,,,,,,,A,NO PEDESTRIANS INVOLVED,,A,22350,,1,98TH AV,2,,,A,N,50.0,WALTER AV,F,,A,1/15/2025 7:54:35 AM,1/28/2025 1:05:46 PM,,,2,,,,,,,
4538189,24-059558,2,False,0109,12/3/2024 1:15:00 PM,1315,07X,14,109,Oakland,1,True,True,D,BROADSIDE,,Tuesday,,,,,False,False,False,,C,OTHER MOTOR VEHICLE,,1,0,CLEAR,,NO UNUSUAL CONDITIONS - NO UNUSUAL CONDITIONS,,A,DAYLIGHT,,,,,,,A,NO PEDESTRIANS INVOLVED,,A,21801A,,1,SAN PABLO,1,,,A,,,34TH ST,,,D,1/15/2025 7:49:35 AM,1/28/2025 1:05:46 PM,,,2,,,,,,,
4538177,24-061462,2,False,0109,12/15/2024 9:17:00 PM,2117,05X,14,109,Oakland,1,True,True,B,SIDE SWIPE,,Sunday,,,,,False,False,True,,C,OTHER MOTOR VEHICLE,,4,0,CLEAR,,NO UNUSUAL CONDITIONS - NO UNUSUAL CONDITIONS,,C,DARK-STREET LIGHTS,,,,,,,A,NO PEDESTRIANS INVOLVED,,A,22107,,1,MARITIME ST,1,,,A,,,BURMA RD,,,A,1/15/2025 7:44:35 AM,1/28/2025 1:05:46 PM,,,2,,,,,,,
4538175,24-057966,2,False,0109,11/23/2024 6:20:00 PM,1820,31Y,14,109,Oakland,1,True,True,D,BROADSIDE,,Saturday,,,M,,False,False,True,,C,OTHER MOTOR VEHICLE,,2,0,CLEAR,,NO UNUSUAL CONDITIONS - NO UNUSUAL CONDITIONS,,C,DARK-STREET LIGHTS,,,,,,,A,NO PEDESTRIANS INVOLVED,,A,21453A,,1,98TH AV,2,,,A,,,DENSLOWE ST,,,A,1/15/2025 7:39:35 AM,1/28/2025 1:05:44 PM,,,2,,,,,,,
4538071,24-061538,2,False,0109,12/16/2024 12:16:00 PM,1216,31X,14,109,Oakland,1,True,True,D,BROADSIDE,,Monday,,,,,False,False,False,,C,OTHER MOTOR VEHICLE,,1,0,CLOUDY,,NO UNUSUAL CONDITIONS - NO UNUSUAL CONDITIONS,,A,DAYLIGHT,,,,,,,A,NO PEDESTRIANS INVOLVED,,A,21453A,,1,DOOLITTLE DR,2,,,B,,,SWAN WY,,,A,1/15/2025 6:34:35 AM,1/28/2025 1:05:44 PM,,,2,,,,,,,
4538038,9370-2024-04179,1,False,9370,12/28/2024 12:28:00 PM,1228,053,14,109,Oakland,1,True,True,E,HIT OBJECT,,Saturday,NotApplicable,False,,,False,True,False,ALAMEDA SUPERIOR COURT WILEY W. MANUEL COURTHOUSE,I,FIXED OBJECT,GUARD RAIL,1,0,CLOUDY,,NO UNUSUAL CONDITIONS,,A,DAYLIGHT,37.80049,-122.226008,,,,,A,NO PEDESTRIANS INVOLVED,12/28/2024 12:28:00 PM,A,VC 22107,False,1,I-580 W/B,,,1/15/2025 6:07:47 AM,B,E,125.0,14TH AVE,F,,D,1/15/2025 6:08:00 AM,1/15/2025 6:08:00 AM,False,True,4,,12/28/2024 12:29:00 PM,1229,False,,,True
4537645,24-017154,2,False,0109,4/8/2024 12:48:00 PM,1248,26Y,14,109,Oakland,1,True,True,,,,Monday,,,F,,False,False,False,,B,PEDESTRIAN,,0,1,CLEAR,,NO UNUSUAL CONDITIONS - NO UNUSUAL CONDITIONS,,C,DARK-STREET LIGHTS,,,,,,,B,CROSSING IN CROSS WALK AT INTERSECTION,,A,21954A,,2,75TH AV,2,,,A,,,SAN LEANDRO BL,,,A,1/14/2025 2:39:33 PM,1/28/2025 12:04:27 PM,,,2,,,,,,,
4537630,24-012136,2,False,0109,3/9/2024 10:26:00 AM,1026,06X,14,109,Oakland,1,True,True,E,HIT OBJECT,,Saturday,,,,,False,True,True,,I,FIXED OBJECT,,1,0,CLEAR,,NO UNUSUAL CONDITIONS - NO UNUSUAL CONDITIONS,,A,DAYLIGHT,,,,,,,A,NO PEDESTRIANS INVOLVED,,A,22350,,1,WEST ST,1,,,A,N,39.0,35TH ST,F,,A,1/14/2025 2:29:33 PM,1/28/2025 12:04:27 PM,,,2,,,,,,,
4537590,24-053313,2,False,0109,10/26/2024 1:31:00 PM,1331,10X,14,109,Oakland,1,True,True,D,BROADSIDE,,Saturday,,,,,False,False,True,,C,OTHER MOTOR VEHICLE,,1,0,CLEAR,,NO UNUSUAL CONDITIONS - NO UNUSUAL CONDITIONS,,A,DAYLIGHT,,,,,,,A,NO PEDESTRIANS INVOLVED,,A,21453A,,1,MLK JR WY,1,,,A,,,52ND ST,,,A,1/14/2025 2:09:33 PM,1/28/2025 12:13:41 PM,,,2,,,,,,,
4537163,24-033001,3,False,0109,7/2/2024 10:37:00 PM,2237,31X,14,109,Oakland,1,True,True,B,SIDE SWIPE,,Tuesday,,,M,,False,False,False,,C,OTHER MOTOR VEHICLE,,0,0,CLEAR,,NO UNUSUAL CONDITIONS - NO UNUSUAL CONDITIONS,,D,DARK-NO STREET LIGHTS,,,,,,,A,NO PEDESTRIANS INVOLVED,,A,22350,,1,98TH AV,2,,,A,,,SAN LEANDRO ST,,,D,1/14/2025 10:39:31 AM,1/28/2025 1:05:44 PM,,,2,,,,,,,
4537134,24-010127,2,False,0109,2/26/2024 12:10:00 AM,10,24X,14,109,Oakland,1,True,True,C,REAR END,,Monday,,,M,,False,False,True,,E,PARKED MOTOR VEHICLE,,0,0,CLEAR,,NO UNUSUAL CONDITIONS - NO UNUSUAL CONDITIONS,,C,DARK-STREET LIGHTS,,,,,,,A,NO PEDESTRIANS INVOLVED,,A,22107,,1,38TH AV,2,,,A,S,60.0,FOOTHILL BL,F,,D,1/14/2025 10:29:31 AM,1/28/2025 1:05:44 PM,,,2,,,,,,,
4537111,24-012096,2,False,0109,3/9/2024 3:39:00 AM,339,35X,14,109,Oakland,1,True,True,A,HEAD-ON,,Saturday,,,M,,False,False,False,,E,PARKED MOTOR VEHICLE,,0,0,CLEAR,,NO UNUSUAL CONDITIONS - NO UNUSUAL CONDITIONS,,C,DARK-STREET LIGHTS,,,,,,,A,NO PEDESTRIANS INVOLVED,,A,22107,,1,100TH AV,2,,,A,,,MACARTHUR,,,C,1/14/2025 10:24:31 AM,1/28/2025 1:05:44 PM,,,2,,,,,,,
4537100,24-036926,2,False,0109,7/24/2024 10:05:00 PM,2205,34X,14,109,Oakland,1,True,True,B,SIDE SWIPE,,Wednesday,,,M,,False,False,True,,E,PARKED MOTOR VEHICLE,,0,0,CLEAR,,NO UNUSUAL CONDITIONS - NO UNUSUAL CONDITIONS,,C,DARK-STREET LIGHTS,,,,,,,A,NO PEDESTRIANS INVOLVED,,A,22107,,1,SUNNYSIDE ST,2,,,A,E,40.0,92ND AV,F,,D,1/14/2025 10:19:31 AM,1/28/2025 12:14:04 PM,,,2,,,,,,,
4537089,24-041692,2,False,0109,8/20/2024 3:47:00 AM,347,31Y,14,109,Oakland,1,True,True,A,HEAD-ON,,Tuesday,,,F,,False,False,False,,E,PARKED MOTOR VEHICLE,,0,0,CLEAR,,NO UNUSUAL CONDITIONS - NO UNUSUAL CONDITIONS,,C,DARK-STREET LIGHTS,,,,,,,A,NO PEDESTRIANS INVOLVED,,A,22350,,1,CLARA ST,2,,,A,S,50.0,ROSSMOOR CT,F,,D,1/14/2025 10:14:31 AM,1/28/2025 12:13:59 PM,,,2,,,,,,,
4536900,24-031214,2,False,0109,6/23/2024 8:06:00 AM,806,06X,14,109,Oakland,1,True,True,B,SIDE SWIPE,,Sunday,,,M,,False,False,True,,C,OTHER MOTOR VEHICLE,,1,0,CLEAR,,NO UNUSUAL CONDITIONS - NO UNUSUAL CONDITIONS,,C,DARK-STREET LIGHTS,,,,,,,,,,A,22350,,1,14TH AV,1,,,A,,,FOOTHILL BL,,,D,1/14/2025 8:49:30 AM,1/28/2025 1:05:46 PM,,,2,,,,,,,
4536622,24-036901,2,False,0109,7/24/2024 6:41:00 PM,1841,08X,14,109,Oakland,1,True,True,B,SIDE SWIPE,,Wednesday,,,,,False,False,False,,C,OTHER MOTOR VEHICLE,,1,0,CLEAR,,NO UNUSUAL CONDITIONS - NO UNUSUAL CONDITIONS,,A,DAYLIGHT,,,,,,,A,NO PEDESTRIANS INVOLVED,,A,22100B,,1,29TH ST,1,,,A,W,15.0,TELEGRAPH AV,F,,A,1/14/2025 6:59:29 AM,1/28/2025 11:59:02 AM,,,2,,,,,,,
4536224,9370-2024-03427,1,False,9370,10/26/2024 3:13:00 PM,1513,055,14,109,Oakland,1,True,True,C,REAR END,,Saturday,Yes,False,,,False,True,True,ALAMEDA SUPERIOR COURT WILEY W. MANUEL COURTHOUSE,C,OTHER MOTOR VEHICLE,,0,1,CLOUDY,,NO UNUSUAL CONDITIONS,,FatalA,DAYLIGHT,37.824936,-122.27187,,,,,A,NO PEDESTRIANS INVOLVED,10/26/2024 3:13:00 PM,A,VC 22107,False,1,I-580 E/B,,,1/13/2025 4:49:23 PM,A,E,32.0,WEST STREET,F,,D,1/13/2025 4:49:27 PM,1/13/2025 4:49:27 PM,False,True,4,,10/26/2024 3:15:00 PM,1515,True,AREA PHOTO FILE,,True
4535933,24-034068,2,False,0109,7/8/2024 2:39:00 PM,1439,18Y,14,109,Oakland,1,True,True,A,HEAD-ON,,Monday,,,M,,False,False,False,,E,PARKED MOTOR VEHICLE,,0,0,CLEAR,,NO UNUSUAL CONDITIONS - NO UNUSUAL CONDITIONS,,A,DAYLIGHT,,,,,,,A,NO PEDESTRIANS INVOLVED,,A,22350,,1,23RD AV,1,,,A,S,75.0,E 22ND ST,F,,D,1/13/2025 1:58:54 PM,1/28/2025 1:05:44 PM,,,2,,,,,,,
4535859,24-053968,2,False,0109,10/30/2024 12:20:00 PM,1220,01X,14,109,Oakland,1,True,True,G,VEHICLE/PEDESTRAIN,,Wednesday,,,,,False,False,False,,B,PEDESTRIAN,,1,0,CLEAR,,NO UNUSUAL CONDITIONS - NO UNUSUAL CONDITIONS,,A,DAYLIGHT,,,,,,,B,CROSSING IN CROSS WALK AT INTERSECTION,,A,21950A,,1,BROADWAY,1,,,A,,,2ND AV,,,D,1/13/2025 1:13:54 PM,1/28/2025 1:05:48 PM,,,2,,,,,,,
4535693,24-051575,2,False,0109,10/16/2024 10:38:00 PM,2238,03X,14,109,Oakland,1,True,True,D,BROADSIDE,,Wednesday,,,M,,False,False,False,,C,OTHER MOTOR VEHICLE,,1,0,CLEAR,,NO UNUSUAL CONDITIONS - NO UNUSUAL CONDITIONS,,C,DARK-STREET LIGHTS,,,,,,,A,NO PEDESTRIANS INVOLVED,,A,21453A,,1,OAK ST,1,,,A,,,10TH ST,,,A,1/13/2025 11:23:53 AM,1/28/2025 12:14:31 PM,,,2,,,,,,,
4535669,24-056791,2,False,0109,11/16/2024 4:06:00 PM,1606,08X,14,109,Oakland,1,True,True,D,BROADSIDE,,Saturday,,,,,False,False,False,,C,OTHER MOTOR VEHICLE,,0,0,CLEAR,,,,A,DAYLIGHT,,,,,,,A,NO PEDESTRIANS INVOLVED,,A,21453A,,1,34TH ST,1,,,A,,,TELEGRAPH AV,,,A,1/13/2025 11:13:52 AM,1/28/2025 1:05:47 PM,,,2,,,,,,,
4535659,24-058090,2,False,0109,11/24/2024 1:41:00 PM,1341,35X,14,109,Oakland,1,True,True,C,REAR END,,Sunday,,,M,,False,False,False,,C,OTHER MOTOR VEHICLE,,0,0,CLOUDY,,NO UNUSUAL CONDITIONS - NO UNUSUAL CONDITIONS,,A,DAYLIGHT,,,,,,,A,NO PEDESTRIANS INVOLVED,,A,22350,,1,INTERNATIONAL BL,2,,,A,W,30.0,90TH AV,F,,A,1/13/2025 11:08:52 AM,1/28/2025 1:05:47 PM,,,2,,,,,,,
4535609,24-055368,2,False,0109,11/7/2024 9:47:00 AM,947,23X,14,109,Oakland,1,True,True,B,SIDE SWIPE,,Thursday,,,,,False,False,False,,C,OTHER MOTOR VEHICLE,,0,0,CLEAR,,NO UNUSUAL CONDITIONS - NO UNUSUAL CONDITIONS,,A,DAYLIGHT,,,,,,,A,NO PEDESTRIANS INVOLVED,,A,22107,,1,HIGH ST,2,,,A,W,25.0,COLISEUM WY,F,,D,1/13/2025 10:48:52 AM,1/28/2025 1:05:47 PM,,,2,,,,,,,
4535383,24-055444,2,False,0109,11/7/2024 6:10:00 PM,1810,34X,14,109,Oakland,1,True,True,D,BROADSIDE,,Thursday,,,,,False,False,True,,C,OTHER MOTOR VEHICLE,,0,0,CLEAR,,NO UNUSUAL CONDITIONS - NO UNUSUAL CONDITIONS,,C,DARK-STREET LIGHTS,,,,,,,A,NO PEDESTRIANS INVOLVED,,A,21802A,,1,BANCROFT AV,2,,,A,,,88TH AV,,,A,1/13/2025 9:33:51 AM,1/28/2025 1:05:47 PM,,,2,,,,,,,
4535317,24-058762,2,False,0109,11/29/2024 2:49:00 AM,249,27X,14,109,Oakland,1,True,True,C,REAR END,,Friday,,,M,,False,False,False,,E,PARKED MOTOR VEHICLE,,0,0,CLEAR,,,,C,DARK-STREET LIGHTS,,,,,,,A,NO PEDESTRIANS INVOLVED,,A,22350,,1,BANCROFT AV,2,,,A,N,10.0,47TH AV,F,,D,1/13/2025 9:18:51 AM,1/28/2025 1:05:47 PM,,,2,,,,,,,
4535297,24-056686,2,False,0109,11/15/2024 6:14:00 PM,1814,30Y,14,109,Oakland,1,True,True,A,HEAD-ON,,Friday,,,M,,False,False,False,,C,OTHER MOTOR VEHICLE,,0,0,CLOUDY,,NO UNUSUAL CONDITIONS - NO UNUSUAL CONDITIONS,,B,DUSK-DAWN,,,,,,,A,NO PEDESTRIANS INVOLVED,,A,21802A,,1,FOOTHILL BL,2,,,A,,,HAVENSCOURT BL,,,A,1/13/2025 9:13:51 AM,1/28/2025 1:05:47 PM,,,2,,,,,,,
4535230,24-056580,2,False,0109,11/15/2024 1:13:00 AM,113,32X,14,109,Oakland,1,True,True,B,SIDE SWIPE,,Friday,,,,,False,False,True,,E,PARKED MOTOR VEHICLE,,0,0,CLEAR,,NO UNUSUAL CONDITIONS - NO UNUSUAL CONDITIONS,,B,DUSK-DAWN,,,,,,,A,NO PEDESTRIANS INVOLVED,,A,22107,,1,A ST,2,,,A,W,20.0,MANUEL CT,F,,D,1/13/2025 8:48:50 AM,1/28/2025 1:05:47 PM,,,2,,,,,,,
4535221,24-055067,2,False,0109,11/6/2024 5:53:00 AM,553,12X,14,109,Oakland,1,True,True,D,BROADSIDE,,Wednesday,,,M,,False,False,True,,C,OTHER MOTOR VEHICLE,,0,0,CLEAR,,NO UNUSUAL CONDITIONS - NO UNUSUAL CONDITIONS,,A,DAYLIGHT,,,,,,,A,NO PEDESTRIANS INVOLVED,,A,21453A,,1,51ST ST,1,,,A,,,BROADWAY,,,A,1/13/2025 8:48:50 AM,1/28/2025 1:05:47 PM,,,2,,,,,,,
4535059,24-033461,2,False,0109,7/6/2024 3:50:00 PM,1550,30X,14,109,Oakland,1,True,True,A,HEAD-ON,,Saturday,,,,,False,False,True,,C,OTHER MOTOR VEHICLE,,2,0,CLEAR,,NO UNUSUAL CONDITIONS - NO UNUSUAL CONDITIONS,,A,DAYLIGHT,,,,,,,A,NO PEDESTRIANS INVOLVED,,A,22350,,1,MACARTHUR BL,2,,,A,E,10.0,73RD ST,F,,A,1/13/2025 7:43:49 AM,1/28/2025 12:12:28 PM,,,2,,,,,,,
4534968,24-047298,2,False,0109,9/20/2024 6:00:00 PM,1800,06X,14,109,Oakland,1,True,True,G,VEHICLE/PEDESTRAIN,,Friday,,,M,,False,False,False,,B,PEDESTRIAN,,1,0,CLEAR,,NO UNUSUAL CONDITIONS - NO UNUSUAL CONDITIONS,,A,DAYLIGHT,,,,,,,D,CROSSING - NOT IN CROSSWALK,,A,21950A,,1,MARTIN LUTHER KING JR WY,1,,,A,S,200.0,SYCAMORE AV,F,,A,1/13/2025 6:58:49 AM,1/28/2025 1:05:48 PM,,,2,,,,,,,
4534961,9370-2024-04207,1,False,9370,12/31/2024 2:00:00 AM,200,054,14,109,Oakland,1,True,True,E,HIT OBJECT,,Tuesday,Yes,False,M,,False,True,True,ALAMEDA SUPERIOR COURT WILEY W. MANUEL COURTHOUSE,I,FIXED OBJECT,CONCRETE BARRIER WALL,0,0,CLEAR,,NO UNUSUAL CONDITIONS,,C,DARK-STREET LIGHTS,37.810477,-122.248262,,,,,A,NO PEDESTRIANS INVOLVED,12/31/2024 2:00:00 AM,A,VC 23152(a),True,1,I-580 W/B,,,1/13/2025 6:54:14 AM,A,E,21.0,GRAND AVE,F,,D,1/13/2025 6:54:18 AM,1/13/2025 6:54:18 AM,False,True,4,,12/31/2024 2:09:00 AM,0209,False,,,True
4534959,24-048619,2,False,0109,9/28/2024 4:11:00 PM,1611,34X,14,109,Oakland,1,True,True,G,VEHICLE/PEDESTRAIN,,Saturday,,,M,,False,False,False,,C,OTHER MOTOR VEHICLE,,1,0,CLEAR,,NO UNUSUAL CONDITIONS - NO UNUSUAL CONDITIONS,,A,DAYLIGHT,,,,,,,E,IN ROAD - INCLUDES SHOULDER,,A,22106,,1,96TH AV,2,,,A,N,35.0,OLIVE ST,F,,D,1/13/2025 6:53:49 AM,1/28/2025 1:05:48 PM,,,2,,,,,,,
4534947,24-035043,2,False,0109,7/14/2024 5:05:00 AM,505,04X,14,109,Oakland,1,True,True,G,VEHICLE/PEDESTRAIN,,Sunday,,,F,,False,False,False,,B,PEDESTRIAN,,1,0,CLEAR,,NO UNUSUAL CONDITIONS - NO UNUSUAL CONDITIONS,,A,DAYLIGHT,,,,,,,C,CROSSING IN CROSS WALK - NOT AT INTERSECTION,,A,21950A,,1,21ST ST,1,,,A,S,10.0,SAN PABLO AV,F,,A,1/13/2025 6:48:49 AM,1/28/2025 12:12:29 PM,,,2,,,,,,,
4534946,24-046096,2,False,0109,9/14/2024 7:34:00 PM,1934,30X,14,109,Oakland,1,True,True,D,BROADSIDE,,Saturday,,,M,,False,False,False,,B,PEDESTRIAN,,1,0,CLEAR,,NO UNUSUAL CONDITIONS - NO UNUSUAL CONDITIONS,,B,DUSK-DAWN,,,,,,,B,CROSSING IN CROSS WALK AT INTERSECTION,,A,21802A,,1,77TH AV,2,,,A,,,BANCROFT AV,,,A,1/13/2025 6:48:49 AM,1/28/2025 1:05:48 PM,,,2,,,,,,,
4533753,24060194,2,False,0109,12/7/2024 10:40:00 AM,1040,29X,14,109,Oakland,1,True,True,D,BROADSIDE,,Saturday,,,,,False,False,False,,C,OTHER MOTOR VEHICLE,,0,0,CLEAR,,NO UNUSUAL CONDITIONS - NO UNUSUAL CONDITIONS,,A,DAYLIGHT,,,,,,,A,NO PEDESTRIANS INVOLVED,,D,,,,BANCROFT AV,2,,,A,W,130.0,HAVENSCOURT BL,F,,D,1/10/2025 4:18:42 PM,1/28/2025 12:14:16 PM,,,2,,,,,,,
4533719,24059091,2,False,0109,12/1/2024 10:20:00 AM,1020,26X,14,109,Oakland,1,True,True,C,REAR END,,Sunday,,,,,False,False,False,,C,OTHER MOTOR VEHICLE,,0,0,CLEAR,,NO UNUSUAL CONDITIONS - NO UNUSUAL CONDITIONS,,A,DAYLIGHT,,,,,,,A,NO PEDESTRIANS INVOLVED,,A,22350,,1,INTERNATIONAL BL,2,,,A,E,200.0,57TH AV,F,,D,1/10/2025 3:38:42 PM,1/28/2025 12:14:16 PM,,,2,,,,,,,
4533709,24062546,2,False,0109,12/22/2024 11:16:00 AM,1116,27X,14,109,Oakland,1,True,True,C,REAR END,,Sunday,,,,,False,False,False,,E,PARKED MOTOR VEHICLE,,0,0,CLEAR,,NO UNUSUAL CONDITIONS - NO UNUSUAL CONDITIONS,,C,DARK-STREET LIGHTS,,,,,,,A,NO PEDESTRIANS INVOLVED,,A,22350,,1,FOOTHILL BL,2,,,B,E,50.0,BELVEDERE ST,F,,D,1/10/2025 3:28:42 PM,1/28/2025 12:14:15 PM,,,2,,,,,,,
4533616,24-034090,2,False,0109,7/8/2024 3:00:00 PM,1500,07X,14,109,Oakland,1,True,True,B,SIDE SWIPE,,Monday,,,M,,False,False,False,,C,OTHER MOTOR VEHICLE,,1,0,CLEAR,,NO UNUSUAL CONDITIONS - NO UNUSUAL CONDITIONS,,A,DAYLIGHT,,,,,,,A,NO PEDESTRIANS INVOLVED,,A,21804A,,1,MARKET ST,1,,,A,N,260.0,WEST GRAND AV,F,,D,1/10/2025 2:18:42 PM,1/28/2025 1:05:41 PM,,,2,,,,,,,
4533605,24-034080,2,False,0109,7/8/2024 4:01:00 PM,1601,31Y,14,109,Oakland,1,True,True,D,BROADSIDE,,Monday,,,M,,False,False,False,,C,OTHER MOTOR VEHICLE,,1,0,CLEAR,,NO UNUSUAL CONDITIONS - NO UNUSUAL CONDITIONS,,A,DAYLIGHT,,,,,,,A,NO PEDESTRIANS INVOLVED,,A,22350,,2,98TH AV,2,,,A,S,300.0,KITTY LN,F,,D,1/10/2025 2:13:42 PM,1/28/2025 1:05:44 PM,,,2,,,,,,,
4533596,24-035952,2,False,0109,7/19/2024 12:00:00 PM,1200,18X,14,109,Oakland,1,True,True,D,BROADSIDE,,Friday,,,,,False,False,True,,C,OTHER MOTOR VEHICLE,,2,0,CLEAR,,NO UNUSUAL CONDITIONS - NO UNUSUAL CONDITIONS,,A,DAYLIGHT,,,,,,,A,NO PEDESTRIANS INVOLVED,,A,21802A,,1,FOOTHILL BL,1,,,A,,,21ST AV,,,A,1/10/2025 2:08:42 PM,1/28/2025 12:10:15 PM,,,2,,,,,,,
4533553,24-056604,2,False,0109,11/15/2024 9:05:00 AM,905,30X,14,109,Oakland,1,True,True,C,REAR END,,Friday,,,,,False,False,False,,I,FIXED OBJECT,,0,0,CLEAR,,NO UNUSUAL CONDITIONS - NO UNUSUAL CONDITIONS,,A,DAYLIGHT,,,,,,,A,NO PEDESTRIANS INVOLVED,,B,,,1,CHURCH ST,2,,,A,N,150.0,FRESNO ST,F,,D,1/10/2025 1:48:41 PM,1/28/2025 1:06:11 PM,,,2,,,,,,,
4533510,24-020099,2,False,0109,4/24/2024 12:30:00 AM,30,29X,14,109,Oakland,1,True,True,E,HIT OBJECT,,Wednesday,,,,,False,False,False,,J,OTHER OBJECT,,0,0,CLEAR,,NO UNUSUAL CONDITIONS - NO UNUSUAL CONDITIONS,,C,DARK-STREET LIGHTS,,,,,,,A,NO PEDESTRIANS INVOLVED,,B,,,1,NEY AV,2,,,A,W,7.0,73RD AV,F,,A,1/10/2025 1:28:40 PM,1/28/2025 1:06:12 PM,,,2,,,,,,,
4533499,24-041042,2,False,0109,8/15/2024 11:12:00 PM,2312,26Y,14,109,Oakland,1,True,True,B,SIDE SWIPE,,Thursday,,,M,,False,False,True,,E,PARKED MOTOR VEHICLE,,0,0,CLEAR,,NO UNUSUAL CONDITIONS - NO UNUSUAL CONDITIONS,,C,DARK-STREET LIGHTS,,,,,,,A,NO PEDESTRIANS INVOLVED,,A,23152A,,1,SAN LEANDRO ST,2,,,A,W,71.0,69TH AV,F,,D,1/10/2025 1:23:41 PM,1/28/2025 1:06:12 PM,,,2,,,,,,,
4533421,24-052662,2,False,0109,10/23/2024 2:08:00 AM,208,33X,14,109,Oakland,1,True,True,B,SIDE SWIPE,,Wednesday,,,M,,False,False,True,,E,PARKED MOTOR VEHICLE,,0,0,CLEAR,,NO UNUSUAL CONDITIONS - NO UNUSUAL CONDITIONS,,C,DARK-STREET LIGHTS,,,,,,,A,NO PEDESTRIANS INVOLVED,,A,22107,,1,D ST,2,,,A,W,78.0,90TH AV,F,,D,1/10/2025 12:48:39 PM,1/28/2025 1:05:48 PM,,,2,,,,,,,
4533380,24054163,2,False,0109,10/31/2024 7:52:00 AM,752,17X,14,109,Oakland,1,True,True,B,SIDE SWIPE,,Thursday,,,M,,False,False,False,,E,PARKED MOTOR VEHICLE,,0,0,CLEAR,,NO UNUSUAL CONDITIONS - NO UNUSUAL CONDITIONS,,A,DAYLIGHT,,,,,,,A,NO PEDESTRIANS INVOLVED,,A,22107,,1,PARK BL,1,,,B,N,50.0,E 21ST ST,F,,A,1/10/2025 12:28:39 PM,1/28/2025 1:05:45 PM,,,2,,,,,,,
4533379,24049762,2,False,0109,10/5/2024 10:06:00 PM,2206,30X,14,109,Oakland,1,True,True,B,SIDE SWIPE,,Saturday,,,M,,False,False,False,,E,PARKED MOTOR VEHICLE,,0,0,CLEAR,,NO UNUSUAL CONDITIONS - NO UNUSUAL CONDITIONS,,C,DARK-STREET LIGHTS,,,,,,,A,NO PEDESTRIANS INVOLVED,,A,22106,,1,FLORA ST,2,,,A,S,10.0,HAVENSCOURT BL,F,,D,1/10/2025 12:28:39 PM,1/28/2025 1:05:45 PM,,,2,,,,,,,
4533372,24052755,2,False,0109,10/23/2024 3:17:00 PM,1517,34X,14,109,Oakland,1,True,True,,,,Wednesday,,,,,False,False,False,,C,OTHER MOTOR VEHICLE,,0,0,CLEAR,,NO UNUSUAL CONDITIONS - NO UNUSUAL CONDITIONS,,A,DAYLIGHT,,,,,,,A,NO PEDESTRIANS INVOLVED,,A,21802A,,1,83RD AV,2,,,A,,,OLIVE ST,,,A,1/10/2025 12:23:39 PM,1/28/2025 1:05:45 PM,,,2,,,,,,,
4533367,24-043375,2,False,0109,8/30/2024 5:24:00 AM,524,26Y,14,109,Oakland,1,True,True,C,REAR END,,Friday,,,M,,False,False,False,,E,PARKED MOTOR VEHICLE,,0,0,CLEAR,,NO UNUSUAL CONDITIONS - NO UNUSUAL CONDITIONS,,C,DARK-STREET LIGHTS,,,,,,,A,NO PEDESTRIANS INVOLVED,,A,22107,,1,HAMILTON ST,2,,,A,E,15.0,73RD AV,F,,D,1/10/2025 12:23:39 PM,1/28/2025 1:05:48 PM,,,2,,,,,,,
4533365,24053520,2,False,0109,10/28/2024 6:55:00 AM,655,35X,14,109,Oakland,1,True,True,A,HEAD-ON,,Monday,,,,,False,False,False,,E,PARKED MOTOR VEHICLE,,0,0,CLEAR,,NO UNUSUAL CONDITIONS - NO UNUSUAL CONDITIONS,,B,DUSK-DAWN,,,,,,,A,NO PEDESTRIANS INVOLVED,,A,22107,,1,MURILLO AV,2,,,A,W,100.0,MIRASOL AV,F,,D,1/10/2025 12:18:39 PM,1/28/2025 1:05:45 PM,,,2,,,,,,,