collision-id,report-number,report-version,is-preliminary,ncic-code,crash-date-time,crash-time-description,beat,city-id,city-code,city-name,county-code,city-is-active,city-is-incorporated,collision-type-code,collision-type-description,collision-type-other-desc,day-of-week,dispatch-notified,has-photographs,hit-run,is-attachments-mailed,is-deleted,is-highway-related,is-tow-away,judicial-district,motor-vehicle-involved-with-code,motor-vehicle-involved-with-desc,motor-vehicle-involved-with-other-desc,number-injured,number-killed,weather-1,weather-2,road-condition-1,road-condition-2,special-condition-lighting-code,lighting-description,latitude,longitude,milepost-direction,milepost-distance,milepost-marker,milepost-unit-of-measure,pedestrian-action-code,pedestrian-action-desc,prepared-date,primary-collision-factor-code,primary-collision-factor-violation,primary-collision-factor-is-cited,primary-collision-party-number,primary-road,reporting-district,reporting-district-code,reviewed-date,roadway-surface-code,secondary-direction,secondary-distance,secondary-road,secondary-unit-of-measure,sketch-desc,traffic-control-device-code,created-date,modified-date,is-county-road,is-freeway,chp-555-version,is-additonal-object-struck,notification-date,notification-time-description,has-digital-media-files,evidence-number,is-location-refer-to-narrative,is-aoi-one-same-as-location
4556251,24-032974,1,False,0109,7/2/2024 6:36:00 PM,1836,19X,14,109,Oakland,1,True,True,B,SIDE SWIPE,,Tuesday,,,,,False,False,True,,C,OTHER MOTOR VEHICLE,,0,0,CLEAR,,NO UNUSUAL CONDITIONS,,A,DAYLIGHT,,,,,,,A,NO PEDESTRIANS INVOLVED,,A,22350,,1,12TH AV,1,,,A,,,E 12TH ST,,,D,1/30/2025 1:48:10 PM,1/30/2025 1:48:10 PM,,,2,,,,,,,
4556187,24-023741,1,False,0109,5/14/2024 9:08:00 AM,908,28X,14,109,Oakland,1,True,True,B,SIDE SWIPE,,Tuesday,,,,,False,False,False,,C,OTHER MOTOR VEHICLE,,0,0,CLEAR,,NO UNUSUAL CONDITIONS,,A,DAYLIGHT,,,,,,,A,NO PEDESTRIANS INVOLVED,,A,22106,,1,COURTLAND AV,2,,,A,S,60.0,BROOKDALE AV,F,,D,1/30/2025 1:48:04 PM,1/30/2025 1:48:04 PM,,,2,,,,,,,
4556164,24-030419,1,False,0109,6/18/2024 10:53:00 PM,2253,20X,14,109,Oakland,1,True,True,D,BROADSIDE,,Tuesday,,,,,False,False,False,,E,PARKED MOTOR VEHICLE,,0,0,CLEAR,,NO UNUSUAL CONDITIONS,,C,DARK-STREET LIGHTS,,,,,,,A,NO PEDESTRIANS INVOLVED,,B,,,1,E 17TH ST,2,,,A,W,30.0,29TH ST,F,,D,1/30/2025 1:48:02 PM,1/30/2025 1:48:02 PM,,,2,,,,,,,
4556101,24-038207,1,False,0109,7/31/2024 4:10:00 PM,1610,25X,14,109,Oakland,1,True,True,E,HIT OBJECT,,Wednesday,,,,,False,True,False,,J,OTHER OBJECT,,0,0,CLEAR,,LOOSE MATERIAL ON ROADWAY*,,A,DAYLIGHT,,,,,,,A,NO PEDESTRIANS INVOLVED,,B,,,1,RT 580,2,,,A,W,500.0,KELLER AV,F,,D,1/30/2025 1:47:56 PM,1/30/2025 1:47:56 PM,,,2,,,,,,,
4555839,24-045873,1,False,0109,9/13/2024 10:28:00 AM,1028,17X,14,109,Oakland,1,True,True,D,BROADSIDE,,Friday,,,,,False,False,True,,C,OTHER MOTOR VEHICLE,,0,0,CLEAR,,NO UNUSUAL CONDITIONS,,A,DAYLIGHT,,,,,,,A,NO PEDESTRIANS INVOLVED,,A,21801A,,1,14TH AV,1,,,A,,,E 24TH ST,,,A,1/30/2025 1:47:27 PM,1/30/2025 1:47:27 PM,,,2,,,,,,,
4554688,24-059836,1,False,0109,12/5/2024 11:40:00 AM,1140,30X,14,109,Oakland,1,True,True,D,BROADSIDE,,Thursday,,,M,,False,False,False,,C,OTHER MOTOR VEHICLE,,3,0,CLEAR,,NO UNUSUAL CONDITIONS,,A,DAYLIGHT,,,,,,,A,NO PEDESTRIANS INVOLVED,,A,21801A,,1,73RD AV,2,,,A,,,HOLLY ST,,,D,1/29/2025 3:04:40 PM,1/29/2025 3:04:40 PM,,,2,,,,,,,
4554675,24-059297,1,False,0109,12/2/2024 4:15:00 PM,1615,22X,14,109,Oakland,1,True,True,A,HEAD-ON,,Monday,,,,,False,False,False,,C,OTHER MOTOR VEHICLE,,0,0,CLEAR,,NO UNUSUAL CONDITIONS,,B,DUSK-DAWN,,,,,,,A,NO PEDESTRIANS INVOLVED,,A,22350,,1,MACARTHUR BL,2,,,A,E,15.0,BOSTON ST,F,,D,1/29/2025 3:04:38 PM,1/29/2025 3:04:38 PM,,,2,,,,,,,
4554592,24-062130,1,False,0109,12/20/2024 8:27:00 AM,827,19X,14,109,Oakland,1,True,True,D,BROADSIDE,,Friday,,,,,False,False,False,,C,OTHER MOTOR VEHICLE,,1,0,CLEAR,,NO UNUSUAL CONDITIONS,,A,DAYLIGHT,,,,,,,A,NO PEDESTRIANS INVOLVED,,A,21453A,,1,19TH AV,1,,,A,,,FOOTHILL BL,,,A,1/29/2025 3:04:24 PM,1/29/2025 3:04:24 PM,,,2,,,,,,,
4554573,24-063402,1,False,0109,12/28/2024 10:10:00 AM,1010,16Y,14,109,Oakland,1,True,True,A,HEAD-ON,,Saturday,,,,,False,False,False,,I,FIXED OBJECT,,1,0,CLOUDY,,NO UNUSUAL CONDITIONS,,A,DAYLIGHT,,,,,,,A,NO PEDESTRIANS INVOLVED,,A,22107,,1,EXCELSIOR AV,1,,,B,E,253.0,LINWOOD AV,F,,D,1/29/2025 3:04:21 PM,1/29/2025 3:04:21 PM,,,2,,,,,,,
4553915,24-060975,1,False,0109,12/12/2024 3:24:00 PM,1524,03X,14,109,Oakland,1,True,True,A,HEAD-ON,,Thursday,,,,,False,False,False,,B,PEDESTRIAN,,1,0,CLOUDY,,NO UNUSUAL CONDITIONS,,A,DAYLIGHT,,,,,,,B,CROSSING IN CROSS WALK AT INTERSECTION,,A,21950A,,1,8TH ST,1,,,B,,,OAK ST,,,A,1/29/2025 9:32:53 AM,1/29/2025 9:32:53 AM,,,3,,,,,,,
4553914,24-063508,1,False,0109,12/29/2024 1:37:00 AM,137,29X,14,109,Oakland,1,True,True,C,REAR END,,Sunday,,,,,False,False,False,,E,PARKED MOTOR VEHICLE,,1,0,CLOUDY,,NO UNUSUAL CONDITIONS,,E,DARK-STREET LIGHTS NOT FUNCTIONING*,,,,,,,A,NO PEDESTRIANS INVOLVED,,A,22107,,1,BANCROFT AV,2,,,A,E,40.0,55TH AV,F,,A,1/29/2025 9:32:53 AM,1/29/2025 9:32:53 AM,,,2,,,,,,,
4553907,24-060980,1,False,0109,12/12/2024 3:54:00 PM,1554,14X,14,109,Oakland,1,True,True,A,HEAD-ON,,Thursday,,,M,,False,False,False,,B,PEDESTRIAN,,1,0,CLEAR,,NO UNUSUAL CONDITIONS,,A,DAYLIGHT,,,,,,,B,CROSSING IN CROSS WALK AT INTERSECTION,,A,21950A,,1,LAKESHORE,1,,,B,N,5.0,EL EMBARCADERO,F,,A,1/29/2025 9:32:53 AM,1/29/2025 9:32:53 AM,,,2,,,,,,,
4553906,24-060819,1,False,0109,12/11/2024 3:02:00 PM,1502,13X,14,109,Oakland,1,True,True,D,BROADSIDE,,Wednesday,,,,,False,False,False,,G,BICYCLE,,1,0,CLEAR,,NO UNUSUAL CONDITIONS,,A,DAYLIGHT,,,,,,,A,NO PEDESTRIANS INVOLVED,,A,21801A,,1,MORAGA AV,1,,,A,,,LA SALLE AV,,,A,1/29/2025 9:32:53 AM,1/29/2025 9:32:53 AM,,,2,,,,,,,
4553905,24-060307,2,False,0109,12/8/2024 3:50:00 AM,350,22X,14,109,Oakland,1,True,True,A,HEAD-ON,,Sunday,,,,,False,False,True,,I,FIXED OBJECT,,1,0,CLEAR,,NO UNUSUAL CONDITIONS - NO UNUSUAL CONDITIONS,,C,DARK-STREET LIGHTS,,,,,,,A,NO PEDESTRIANS INVOLVED,,A,22107,,1,MONTEREY BL,2,,,A,S,25.0,RT 13,F,,A,1/29/2025 9:32:53 AM,3/24/2025 11:14:11 AM,,,2,,,,,,,
4553867,24-060135,1,False,0109,12/6/2024 10:33:00 PM,2233,03X,14,109,Oakland,1,True,True,D,BROADSIDE,,Friday,,,M,,False,False,True,,C,OTHER MOTOR VEHICLE,,0,0,CLEAR,,NO UNUSUAL CONDITIONS,,C,DARK-STREET LIGHTS,,,,,,,A,NO PEDESTRIANS INVOLVED,,A,22350,,1,CASTRO ST,1,,,A,,,11TH ST,,,A,1/29/2025 9:32:51 AM,1/29/2025 9:32:51 AM,,,2,,,,,,,
4553258,24-053632,1,False,0109,10/28/2024 2:22:00 PM,1422,04X,14,109,Oakland,1,True,True,B,SIDE SWIPE,,Monday,,,,,False,False,False,,C,OTHER MOTOR VEHICLE,,0,0,CLEAR,,NO UNUSUAL CONDITIONS,,A,DAYLIGHT,,,,,,,A,NO PEDESTRIANS INVOLVED,,A,22107,,1,GRAND AV,1,,,A,E,50.0,WEBSTER ST,F,,D,1/28/2025 3:29:45 PM,1/28/2025 3:29:45 PM,,,2,,,,,,,
4552964,24-059880,1,False,0109,12/5/2024 6:01:00 PM,1801,02X,14,109,Oakland,1,True,True,B,SIDE SWIPE,,Thursday,,,,,False,False,False,,C,OTHER MOTOR VEHICLE,,1,0,CLEAR,,NO UNUSUAL CONDITIONS,,C,DARK-STREET LIGHTS,,,,,,,A,NO PEDESTRIANS INVOLVED,,A,21209,,1,MARKET ST,1,,,A,N,120.0,5TH ST,F,,A,1/28/2025 1:11:39 PM,1/28/2025 1:11:39 PM,,,2,,,,,,,
4552514,24-059350,1,False,0109,12/3/2024 2:28:00 AM,228,19X,14,109,Oakland,1,True,True,B,SIDE SWIPE,,Tuesday,,,F,,False,False,False,,C,OTHER MOTOR VEHICLE,,0,0,CLEAR,,NO UNUSUAL CONDITIONS,,C,DARK-STREET LIGHTS,,,,,,,A,NO PEDESTRIANS INVOLVED,,A,21453A,,1,INTERNATIONAL BL,1,,,A,N,12.0,14TH AV,F,,A,1/28/2025 10:27:39 AM,1/28/2025 10:27:39 AM,,,2,,,,,,,
4552381,24-039177,2,False,0109,8/6/2024 9:31:00 PM,2131,34X,14,109,Oakland,1,True,True,C,REAR END,,Tuesday,,,,,False,False,True,,E,PARKED MOTOR VEHICLE,,1,0,CLEAR,,NO UNUSUAL CONDITIONS - NO UNUSUAL CONDITIONS,,B,DUSK-DAWN,,,,,,,A,NO PEDESTRIANS INVOLVED,,A,22107,,1,90TH AV,2,,,A,N,100.0,HOLLY ST,F,,D,1/28/2025 9:50:46 AM,1/28/2025 1:06:21 PM,,,2,,,,,,,
4552365,24-040140,2,False,0109,8/11/2024 7:31:00 PM,1931,30X,14,109,Oakland,1,True,True,B,SIDE SWIPE,,Sunday,,,M,,False,False,False,,C,OTHER MOTOR VEHICLE,,1,0,CLEAR,,,,A,DAYLIGHT,,,,,,,A,NO PEDESTRIANS INVOLVED,,A,22350,,1,73RD AV,2,,,A,S,10.0,BANCROFT AV,F,,A,1/28/2025 9:45:46 AM,1/28/2025 1:06:21 PM,,,2,,,,,,,
4552263,24-039498,2,False,0109,8/8/2024 3:31:00 PM,1531,33X,14,109,Oakland,1,True,True,B,SIDE SWIPE,,Thursday,,,,,False,False,False,,C,OTHER MOTOR VEHICLE,,0,0,CLEAR,,NO UNUSUAL CONDITIONS - NO UNUSUAL CONDITIONS,,A,DAYLIGHT,,,,,,,A,NO PEDESTRIANS INVOLVED,,A,22106,,1,BLAKE DR,2,,,A,W,30.0,98TH AV,F,,A,1/28/2025 9:15:46 AM,1/28/2025 1:05:08 PM,,,2,,,,,,,
4551243,24-054265,2,False,0109,10/31/2024 8:27:00 PM,2027,16X,14,109,Oakland,1,True,True,G,VEHICLE/PEDESTRAIN,,Thursday,,,,,False,False,False,,B,PEDESTRIAN,,1,0,CLEAR,,NO UNUSUAL CONDITIONS - NO UNUSUAL CONDITIONS,,C,DARK-STREET LIGHTS,,,,,,,D,CROSSING - NOT IN CROSSWALK,,A,21954A,,1,TRESTLE GLEN RD,1,,,A,E,900.0,STRATFORD RD,F,,D,1/27/2025 1:50:41 PM,1/28/2025 1:06:21 PM,,,2,,,,,,,
4550919,24-053210,2,False,0109,10/26/2024 10:22:00 PM,2222,27X,14,109,Oakland,1,True,True,A,HEAD-ON,,Saturday,,,,,False,False,False,,C,OTHER MOTOR VEHICLE,,1,0,CLEAR,,NO UNUSUAL CONDITIONS - NO UNUSUAL CONDITIONS,,C,DARK-STREET LIGHTS,,,,,,,A,NO PEDESTRIANS INVOLVED,,A,23152A,,1,70TH AV,2,,,A,,,INTERNATIONAL BL,,,A,1/27/2025 1:00:40 PM,1/28/2025 1:06:21 PM,,,2,,,,,,,
4550297,24-035697,2,False,0109,7/17/2024 2:12:00 PM,1412,13X,14,109,Oakland,1,True,True,A,HEAD-ON,,Wednesday,,,,,False,False,False,,G,BICYCLE,,0,0,CLEAR,,NO UNUSUAL CONDITIONS - NO UNUSUAL CONDITIONS,,A,DAYLIGHT,,,,,,,A,NO PEDESTRIANS INVOLVED,,A,22107,,1,CABOT DR,1,,,A,,,MOUNTAIN BL,,,D,1/27/2025 9:15:37 AM,1/28/2025 1:06:21 PM,,,2,,,,,,,
4550280,24-033810,2,False,0109,7/7/2024 12:24:00 AM,24,20X,14,109,Oakland,1,True,True,B,SIDE SWIPE,,Sunday,,,M,,False,False,True,,C,OTHER MOTOR VEHICLE,,0,0,CLEAR,,NO UNUSUAL CONDITIONS - NO UNUSUAL CONDITIONS,,C,DARK-STREET LIGHTS,,,,,,,A,NO PEDESTRIANS INVOLVED,,A,22107,,1,E 12TH ST,2,,,A,N,21.0,MILLER AV,F,,D,1/27/2025 9:10:37 AM,1/28/2025 1:06:21 PM,,,2,,,,,,,
4550254,24-035489,2,False,0109,7/16/2024 12:33:00 PM,1233,02X,14,109,Oakland,1,True,True,B,SIDE SWIPE,,Tuesday,,,M,,False,False,True,,C,OTHER MOTOR VEHICLE,,0,0,CLEAR,,NO UNUSUAL CONDITIONS - NO UNUSUAL CONDITIONS,,A,DAYLIGHT,,,,,,,A,NO PEDESTRIANS INVOLVED,,A,21801A,,1,14TH,1,,,A,E,50.0,MARKET ST,F,,A,1/27/2025 9:00:37 AM,1/28/2025 1:06:21 PM,,,2,,,,,,,
4550235,24-037901,2,False,0109,7/29/2024 4:57:00 PM,1657,26X,14,109,Oakland,1,True,True,H,OTHER,,Monday,,,M,,False,False,True,,C,OTHER MOTOR VEHICLE,,0,0,CLEAR,,NO UNUSUAL CONDITIONS - NO UNUSUAL CONDITIONS,,A,DAYLIGHT,,,,,,,A,NO PEDESTRIANS INVOLVED,,A,21453A,,1,INTERNATIONAL BL,2,,,A,,,HIGH ST,,,A,1/27/2025 8:55:37 AM,1/28/2025 1:06:21 PM,,,2,,,,,,,
4550226,24-034539,2,False,0109,7/11/2024 4:25:00 AM,425,31X,14,109,Oakland,1,True,True,D,BROADSIDE,,Thursday,,,M,,False,False,False,,C,OTHER MOTOR VEHICLE,,0,0,CLEAR,,NO UNUSUAL CONDITIONS - NO UNUSUAL CONDITIONS,,C,DARK-STREET LIGHTS,,,,,,,A,NO PEDESTRIANS INVOLVED,,A,21453A,,1,HEGENBERGER RD,2,,,A,,,EDGEWATER DR,,,A,1/27/2025 8:50:37 AM,1/28/2025 1:06:21 PM,,,2,,,,,,,
4548813,24060501,2,False,0109,12/9/2024 1:39:00 PM,1339,19X,14,109,Oakland,1,True,True,D,BROADSIDE,,Monday,,,,,False,False,True,,C,OTHER MOTOR VEHICLE,,0,0,CLEAR,,NO UNUSUAL CONDITIONS - NO UNUSUAL CONDITIONS,,A,DAYLIGHT,,,,,,,A,NO PEDESTRIANS INVOLVED,,A,21802A,,1,3RD AV,1,,,A,,,INTERNATIONAL BL,,,A,1/24/2025 10:50:27 AM,1/28/2025 1:05:44 PM,,,2,,,,,,,
4548791,24060282,2,False,0109,12/9/2024 10:00:00 PM,2200,20X,14,109,Oakland,1,True,True,B,SIDE SWIPE,,Monday,,,M,,False,False,False,,E,PARKED MOTOR VEHICLE,,0,0,CLEAR,,NO UNUSUAL CONDITIONS - NO UNUSUAL CONDITIONS,,C,DARK-STREET LIGHTS,,,,,,,A,NO PEDESTRIANS INVOLVED,,A,22107,,1,FOOTHILL BL,2,,,A,E,40.0,27TH AV,F,,D,1/24/2025 10:40:27 AM,1/28/2025 1:05:44 PM,,,2,,,,,,,
4548770,24062165,2,False,0109,12/20/2024 12:08:00 PM,1208,29X,14,109,Oakland,1,True,True,D,BROADSIDE,,Friday,,,M,,False,False,False,,C,OTHER MOTOR VEHICLE,,0,0,CLOUDY,,NO UNUSUAL CONDITIONS - NO UNUSUAL CONDITIONS,,A,DAYLIGHT,,,,,,,A,NO PEDESTRIANS INVOLVED,,A,22350,,1,OUTLOOK AV,2,,,A,,,MAJESTIC AV,,,D,1/24/2025 10:30:27 AM,1/28/2025 1:05:44 PM,,,2,,,,,,,
4548763,24062124,2,False,0109,12/20/2024 5:38:00 AM,538,04X,14,109,Oakland,1,True,True,D,BROADSIDE,,Friday,,,M,,False,False,False,,C,OTHER MOTOR VEHICLE,,0,0,CLOUDY,RAINING,NO UNUSUAL CONDITIONS - NO UNUSUAL CONDITIONS,,B,DUSK-DAWN,,,,,,,,,,A,21453A,,1,TELEGRAPH AV,1,,,B,,,21ST ST,,,D,1/24/2025 10:25:27 AM,1/28/2025 1:05:44 PM,,,2,,,,,,,
4548741,24-052513,3,False,0109,10/22/2024 10:02:00 AM,1002,12X,14,109,Oakland,1,True,True,C,REAR END,,Tuesday,,,M,,False,False,False,,C,OTHER MOTOR VEHICLE,,0,0,CLEAR,,NO UNUSUAL CONDITIONS - NO UNUSUAL CONDITIONS,,A,DAYLIGHT,,,,,,,A,NO PEDESTRIANS INVOLVED,,A,22350,,1,SHATTUCK AV,1,,,A,S,15.0,52ND ST,F,,A,1/24/2025 10:15:27 AM,1/28/2025 1:06:14 PM,,,2,,,,,,,
4548697,24-047465,2,False,0109,9/30/2024 9:37:00 PM,2137,26X,14,109,Oakland,1,True,True,D,BROADSIDE,,Monday,,,,,False,False,False,,C,OTHER MOTOR VEHICLE,,0,0,CLEAR,,NO UNUSUAL CONDITIONS - NO UNUSUAL CONDITIONS,,C,DARK-STREET LIGHTS,,,,,,,A,NO PEDESTRIANS INVOLVED,,A,21453A,,,HAMILTON ST,2,,,A,,,73RD AV,,,A,1/24/2025 9:55:26 AM,1/28/2025 12:14:48 PM,,,2,,,,,,,
4548624,24-061797,2,False,0109,12/17/2024 11:28:00 PM,2328,27X,14,109,Oakland,1,True,True,B,SIDE SWIPE,,Tuesday,,,,,False,False,False,,C,OTHER MOTOR VEHICLE,,1,0,CLEAR,,NO UNUSUAL CONDITIONS - NO UNUSUAL CONDITIONS,,C,DARK-STREET LIGHTS,,,,,,,A,NO PEDESTRIANS INVOLVED,,A,23152A,,1,HIGH ST,2,,,A,S,20.0,CARRINGTON ST,F,,D,1/24/2025 9:15:25 AM,1/28/2025 1:06:18 PM,,,2,,,,,,,
4548605,24-059148,2,False,0109,12/1/2024 6:31:00 PM,1831,34X,14,109,Oakland,1,True,True,B,SIDE SWIPE,,Sunday,,,,,False,False,False,,C,OTHER MOTOR VEHICLE,,1,0,CLEAR,,NO UNUSUAL CONDITIONS - NO UNUSUAL CONDITIONS,,B,DUSK-DAWN,,,,,,,A,NO PEDESTRIANS INVOLVED,,A,22450A,,1,90TH AV,2,,,A,,,PLYMOUTH ST,,,A,1/24/2025 9:05:25 AM,1/28/2025 1:06:18 PM,,,2,,,,,,,
4547686,24-033345,2,False,0109,7/21/2024 1:50:00 AM,150,30X,14,109,Oakland,1,True,True,E,HIT OBJECT,,Sunday,,,M,,False,False,True,,,,,0,0,CLEAR,,LOOSE MATERIAL ON ROADWAY* - LOOSE MATERIAL ON ROADWAY*,,C,DARK-STREET LIGHTS,,,,,,,A,NO PEDESTRIANS INVOLVED,,A,22517,,1,BANCROFT,2,,,A,W,120.0,HAVENSCOURT BL,F,,D,1/23/2025 12:30:22 PM,1/28/2025 1:06:24 PM,,,2,,,,,,,
4547414,24-061969,2,False,0109,12/19/2024 8:06:00 AM,806,26X,14,109,Oakland,1,True,True,B,SIDE SWIPE,,Thursday,,,M,,False,False,False,,E,PARKED MOTOR VEHICLE,,0,0,CLEAR,,NO UNUSUAL CONDITIONS - NO UNUSUAL CONDITIONS,,A,DAYLIGHT,,,,,,,A,NO PEDESTRIANS INVOLVED,,A,22107,,1,INTERNATIONAL BL,2,,,A,,,76TH AV,,,D,1/23/2025 10:00:21 AM,1/28/2025 1:06:24 PM,,,2,,,,,,,
4547384,24-025087,3,False,0109,5/21/2024 12:05:00 PM,1205,22Y,14,109,Oakland,1,True,True,C,REAR END,,Tuesday,,,,,False,True,False,,C,OTHER MOTOR VEHICLE,,1,0,CLEAR,,NO UNUSUAL CONDITIONS - NO UNUSUAL CONDITIONS,,A,DAYLIGHT,,,,,,,A,NO PEDESTRIANS INVOLVED,,A,22350,,1,RT 580,2,,,A,W,0.2,HIGH ST,M,,D,1/23/2025 9:50:20 AM,1/28/2025 1:06:24 PM,,,2,,,,,,,
4547066,24-047773,2,False,0109,9/26/2024 4:28:00 PM,1628,06X,14,109,Oakland,1,True,True,D,BROADSIDE,,Thursday,,,M,,False,False,False,,C,OTHER MOTOR VEHICLE,,0,0,CLEAR,,NO UNUSUAL CONDITIONS - NO UNUSUAL CONDITIONS,,A,DAYLIGHT,,,,,,,A,NO PEDESTRIANS INVOLVED,,A,22450A,,1,30TH ST,1,,,A,,,WEST ST,,,A,1/23/2025 7:15:20 AM,1/28/2025 1:06:24 PM,,,2,,,,,,,
4547024,24-058527,2,False,0109,11/27/2024 10:19:00 AM,1019,03X,14,109,Oakland,1,True,True,D,BROADSIDE,,Wednesday,,,,,False,False,False,,C,OTHER MOTOR VEHICLE,,0,0,CLEAR,,NO UNUSUAL CONDITIONS - NO UNUSUAL CONDITIONS,,A,DAYLIGHT,,,,,,,A,NO PEDESTRIANS INVOLVED,,A,21453A,,1,11TH ST,1,,,A,,,CASTRO ST,,,A,1/23/2025 6:45:20 AM,1/28/2025 1:06:14 PM,,,2,,,,,,,
4546997,24-060937,2,False,0109,12/12/2024 10:51:00 AM,1051,17X,14,109,Oakland,1,True,True,D,BROADSIDE,,Thursday,,,,,False,False,True,,C,OTHER MOTOR VEHICLE,,2,0,,,,,A,DAYLIGHT,,,,,,,A,NO PEDESTRIANS INVOLVED,,A,22450A,,1,14TH AV,1,,,A,,,E 26TH ST,,,D,1/23/2025 6:30:20 AM,1/28/2025 1:06:14 PM,,,2,,,,,,,
4546437,24-060649,2,False,0109,12/10/2024 12:55:00 PM,1255,30X,14,109,Oakland,1,True,True,,,,Tuesday,,,M,,False,False,True,,C,OTHER MOTOR VEHICLE,,1,0,CLEAR,,NO UNUSUAL CONDITIONS - NO UNUSUAL CONDITIONS,,A,DAYLIGHT,,,,,,,A,NO PEDESTRIANS INVOLVED,,A,22107,,1,82ND AV,2,,,A,N,30.0,INTERNATIONAL BL,F,,A,1/22/2025 2:35:17 PM,1/28/2025 1:05:47 PM,,,2,,,,,,,
4546130,24-057670,2,False,0109,11/21/2024 4:06:00 PM,1606,15X,14,109,Oakland,1,True,True,D,BROADSIDE,,Thursday,,,M,,False,False,False,,C,OTHER MOTOR VEHICLE,,1,0,CLEAR,,NO UNUSUAL CONDITIONS - NO UNUSUAL CONDITIONS,,A,DAYLIGHT,,,,,,,A,NO PEDESTRIANS INVOLVED,,A,21802A,,1,FOOTHILL BL,1,,,A,,,3RD AV,,,A,1/22/2025 11:50:16 AM,1/28/2025 1:06:18 PM,,,2,,,,,,,
4546062,24-043584,2,False,0109,8/31/2024 12:30:00 PM,1230,25X,14,109,Oakland,1,True,True,D,BROADSIDE,,Saturday,,,,,False,False,False,,C,OTHER MOTOR VEHICLE,,0,0,CLEAR,,NO UNUSUAL CONDITIONS - NO UNUSUAL CONDITIONS,,A,DAYLIGHT,,,,,,,A,NO PEDESTRIANS INVOLVED,,A,21802A,,1,KELLER AV,2,,,A,,,CAMPUS DR,,,A,1/22/2025 11:20:16 AM,1/28/2025 1:06:25 PM,,,2,,,,,,,
4546050,24-054167,2,False,0109,10/31/2024 7:00:00 AM,700,35X,14,109,Oakland,1,True,True,D,BROADSIDE,,Thursday,,,M,,False,False,True,,E,PARKED MOTOR VEHICLE,,0,0,OTHER,,NO UNUSUAL CONDITIONS - NO UNUSUAL CONDITIONS,,A,DAYLIGHT,,,,,,,A,NO PEDESTRIANS INVOLVED,,A,22350,,1,90TH AV,2,,,B,S,100.0,MACARTHUR BL,F,,D,1/22/2025 11:15:16 AM,1/28/2025 1:06:25 PM,,,2,,,,,,,
4544872,24-033339,2,False,0109,7/5/2024 1:00:00 AM,100,18X,14,109,Oakland,1,True,True,A,HEAD-ON,,Friday,,,F,,False,False,False,,E,PARKED MOTOR VEHICLE,,0,0,CLEAR,,NO UNUSUAL CONDITIONS - NO UNUSUAL CONDITIONS,,C,DARK-STREET LIGHTS,,,,,,,A,NO PEDESTRIANS INVOLVED,,A,22107,,1,19TH AV,1,,,A,N,50.0,20TH ST,F,,D,1/21/2025 3:00:09 PM,1/28/2025 1:06:03 PM,,,2,,,,,,,
4544852,24-033389,2,False,0109,7/5/2024 8:28:00 AM,828,32X,14,109,Oakland,1,True,True,A,HEAD-ON,,Friday,,,,,False,False,False,,E,PARKED MOTOR VEHICLE,,0,0,CLEAR,,,,A,DAYLIGHT,,,,,,,A,NO PEDESTRIANS INVOLVED,,A,22107,,1,99TH AV,2,,,A,S,5.0,STEARNS AV,F,,D,1/21/2025 2:50:09 PM,1/28/2025 1:06:03 PM,,,2,,,,,,,
4544839,24-033860,2,False,0109,7/7/2024 11:29:00 AM,1129,34X,14,109,Oakland,1,True,True,B,SIDE SWIPE,,Sunday,,,M,,False,False,False,,C,OTHER MOTOR VEHICLE,,0,0,CLEAR,,NO UNUSUAL CONDITIONS - NO UNUSUAL CONDITIONS,,A,DAYLIGHT,,,,,,,A,NO PEDESTRIANS INVOLVED,,A,22107,,1,BANCROFT AV,2,,,A,,,90TH AV,,,A,1/21/2025 2:40:09 PM,1/28/2025 1:06:03 PM,,,2,,,,,,,
4544819,24-047432,2,False,0109,9/21/2024 3:00:00 PM,1500,30X,14,109,Oakland,1,True,True,A,HEAD-ON,,Saturday,,,,,False,False,False,,C,OTHER MOTOR VEHICLE,,0,0,CLEAR,,NO UNUSUAL CONDITIONS - NO UNUSUAL CONDITIONS,,A,DAYLIGHT,,,,,,,A,NO PEDESTRIANS INVOLVED,,A,21802A,,1,SUNKIST DR,2,,,A,,,EDWARDS AV,,,D,1/21/2025 2:30:09 PM,1/28/2025 12:14:48 PM,,,2,,,,,,,
4544805,24-048879,2,False,0109,9/30/2024 12:12:00 PM,1212,09X,14,109,Oakland,1,True,True,E,HIT OBJECT,,Monday,,,,,False,False,False,,C,OTHER MOTOR VEHICLE,,0,0,CLEAR,,NO UNUSUAL CONDITIONS - NO UNUSUAL CONDITIONS,,A,DAYLIGHT,,,,,,,A,NO PEDESTRIANS INVOLVED,,A,22107,,1,W MACARTHUR BL,1,,,A,W,25.0,FAIRMOUNT AV,F,,A,1/21/2025 2:25:09 PM,1/28/2025 12:14:48 PM,,,2,,,,,,,
4544732,24-051225,2,False,0109,9/7/2024 6:00:00 PM,1800,26X,14,109,Oakland,1,True,True,B,SIDE SWIPE,,Saturday,,,,,False,False,False,,C,OTHER MOTOR VEHICLE,,0,0,CLEAR,,NO UNUSUAL CONDITIONS - NO UNUSUAL CONDITIONS,,A,DAYLIGHT,,,,,,,A,NO PEDESTRIANS INVOLVED,,A,22107,,1,SEMINARY AV,2,,,A,S,10.0,MACARTHUR BL,F,,A,1/21/2025 2:00:08 PM,1/28/2025 12:14:48 PM,,,2,,,,,,,
4544641,24-033803,2,False,0109,7/6/2024 11:09:00 PM,2309,34X,14,109,Oakland,1,True,True,B,SIDE SWIPE,,Saturday,,,M,,False,False,False,,E,PARKED MOTOR VEHICLE,,0,0,CLEAR,,NO UNUSUAL CONDITIONS - NO UNUSUAL CONDITIONS,,C,DARK-STREET LIGHTS,,,,,,,A,NO PEDESTRIANS INVOLVED,,A,22107,,1,85TH AV,2,,,A,,,HOLLY ST,,,A,1/21/2025 1:25:08 PM,1/28/2025 1:06:03 PM,,,2,,,,,,,
4544493,24-035425,2,False,0109,7/15/2024 9:15:00 PM,2115,30X,14,109,Oakland,1,True,True,D,BROADSIDE,,Monday,,,M,,False,False,False,,C,OTHER MOTOR VEHICLE,,0,0,CLEAR,,NO UNUSUAL CONDITIONS - NO UNUSUAL CONDITIONS,,C,DARK-STREET LIGHTS,,,,,,,A,NO PEDESTRIANS INVOLVED,,A,22517,,1,77TH AV,2,,,A,S,100.0,BANCROFT AV,F,,D,1/21/2025 12:25:07 PM,1/28/2025 12:14:47 PM,,,2,,,,,,,